,JSN,DATE,TIME,Lab#,File Name,H9392MA02_X,L9392MA01_Z,S9392DA01_Y,S9392DA14_Y,S9392M049_Y,S9392M098_Y,H9392MA02_Z,S9392DA15_Y,S9392M076_Y,S9392M079_Y,S9392Q002_Y,H9393MA02_X,L9393MA01_Z,S9393DA01_Y,S9393DA14_Y,S9393M049_Y,S9393M098_Y,H9393MA02_Z,S9393DA15_Y,S9393M076_Y,S9393M079_Y,S9393Q002_Y,H9449DA03_X,L9449DC01_X,H9449DA03_Y,S9392DD03_Z,S9392DD04_Z,S9392DD05_Z,S9393DD03_Z,S9393DD04_Z,S9393DD05_Z,H9448DA02_X,L9448DA01_X,H9448DA02_Y,F9392A792_Y,F9393A792_Y,G9392A792_Y,G9393A792_Y,F9392A792_Z,F9393A792_Z,F9392A796_X,F9393A796_X,G9392A796_Y,G9393A796_Y
0,97051114,11/3/2025,5:31:22,,,-1.27,0.14,-0.23,-1.42,0.46,1.34,0.2,1.72,1.03,0.43,0.22,0.04,-0.38,2.55,0.64,1.53,0.9,0.35,0.27,0.26,1.47,2.02,0.2,-0.01,0.56,0.36,1.48,0.16,0.68,1.8,-1.13,1.05, ,0.15,0.63,-0.87,2.02,-0.62,-0.37,-0.56,-0.38,-1.43,-0.4,-1.65
1,97051106,11/3/2025,5:32:30,,,-1.28,0.23,-0.04,-1.46,0.47,1.01,0.17,1.97,1.01,0.44,0.17,-0.02,-0.31,2.5,0.65,1.57,1.08,0.5,0.07,0.28,1.38,1.78,0.17,-0.11,0.58,0.33,1.57,0.06,0.75,1.72,-1.11,0.98,0.77,-0.38,0.64,-0.9,2.11,-0.72,-0.37,-0.58,-0.43,-1.24,-0.3,-1.72
2,97054928,11/3/2025,5:33:18,,,-1.18,0.14,-0.33,-1.68,0.39,1.1,0.26,1.38,0.93,0.19,-0.11,0.04,-0.36,3.0,0.75,1.74,1.18,0.54,-0.02,0.27,1.82,2.18,0.44,0.01,0.81,0.24,1.45,0.17,0.68,1.74,-1.49,1.19, ,-0.14,0.41,-0.8,1.67,-0.59,-0.54,-0.51,-0.48,-1.18,-0.78,-1.59
3,97054910,11/3/2025,5:34:06,,,-1.25,0.21,0.54,-1.3,0.85,1.25,0.22,1.82,0.99,0.38,0.29,0.02,-0.16,2.41,0.46,1.54,1.17,0.62,-0.13,0.44,1.34,1.63,0.22,-0.02,0.42,0.32,1.71,0.25,0.82,1.6,-1.32,1.11,0.78,-0.1,0.76,-1.03,2.2,-0.92,-0.27,-0.69,-0.26,-0.94,-0.37,-1.89
4,97054902,11/3/2025,5:34:55,,,-1.14,0.31,-0.39,-1.6,0.37,1.09,0.23,1.67,0.65,0.19,0.12,0.19,-0.25,2.43,0.83,1.67,0.87,0.53,0.16,0.47,1.61,1.99,0.36,0.17,0.8,0.25,1.53,0.35,0.88,1.79,-0.97,1.14,0.83,-0.36,0.6,-0.74,1.89,-0.72,-0.39,-0.47,-0.32,-1.18,-0.57,-1.72
5,97054894,11/3/2025,5:35:43,,,-1.31,0.1,0.01,-1.57,0.42,1.65,0.22,1.82,0.91,0.38,0.17,0.03,-0.34,2.24,0.73,1.49,1.26,0.39,0.04,0.38,1.25,1.57,0.23,-0.03,0.9,0.17,1.66,0.29,0.81,1.62,-1.21,1.14, ,-0.61,0.69,-0.8,2.3,-0.6,-0.31,-0.51,-0.34,-1.26,-0.24,-1.58
6,97054886,11/3/2025,5:36:31,,,-1.28,0.23,-0.16,-1.55,0.58,1.22,0.24,1.66,0.95,0.39,0.13,0.04,-0.51,2.34,0.88,1.51,1.04,0.49,0.27,0.56,1.72,2.07,0.32,0.1,0.94,0.17,1.65,0.36,0.92,1.68,-1.15,1.11,0.89,-0.5,0.6,-0.65,2.03,-0.41,-0.39,-0.39,-0.42,-1.09,-0.48,-1.49
7,97054878,11/3/2025,5:37:36,,,-1.27,0.01,0.01,-1.39,0.55,1.37,0.26,1.84,0.94,0.45,0.43,0.07,-0.18,2.35,0.79,1.61,1.15,0.44,-0.12,0.79,1.49,1.85,0.22,0.25,0.53,0.3,1.45,0.34,0.73,1.56,-1.46,1.15,0.91,-0.52,0.63,-1.06,2.27,-0.92,-0.36,-0.71,-0.6,-1.31,-0.49,-1.6
8,97054860,11/3/2025,5:38:55,,,-1.25,0.14,-0.13,-1.69,0.37,1.06,0.27,2.12,0.83,0.34,0.12,0.06,-0.09,2.84,0.8,1.73,1.13,0.57,-0.09,0.71,1.54,1.94,0.31,-0.03,1.05,0.43,1.41,0.28,0.63,1.63,-1.53,1.22, ,-0.95,0.81,-1.18,2.47,-1.11,-0.24,-0.79,-0.23,-1.47,0.13,-1.97
9,97054852,11/3/2025,5:40:11,,,-1.2,0.25,0.21,-1.21,0.73,1.27,0.24,1.84,1.01,0.6,0.41,0.01,-0.24,2.33,0.4,1.5,1.11,0.57,0.03,0.79,1.13,1.5,0.02,-0.09,0.37,0.49,1.55,0.23,0.38,1.32,-1.1,1.01,1.02,-0.52,0.58,-1.16,2.21,-1.09,-0.42,-0.79,-0.31,-1.36,-0.13,-1.86
10,97054837,11/3/2025,5:41:34,,,-1.15,0.26,0.04,-1.11,0.61,1.49,0.27,1.89,1.02,0.78,0.66,-0.01,-0.14,2.41,0.23,1.39,1.14,0.58,-0.42,0.63,1.17,1.63,0.59,0.26,0.26,0.41,1.52,0.27,0.39,1.52,-1.42,1.22,0.84,-0.75,0.67,-1.26,2.14,-1.12,-0.36,-0.87,-0.27,-1.49,-0.35,-2.12
11,97047500,11/3/2025,5:46:36,,,-1.33,0.15,-0.31,-1.25,0.35,1.36,0.24,2.11,1.12,0.66,0.76,-0.16,-0.09,2.73,0.67,1.65,1.09,0.6,-0.41,0.52,1.24,1.65,0.0,-0.05,0.4,0.46,1.78,0.45,0.44,1.58,-1.42,1.05, ,-1.23,0.81,-1.43,2.37,-1.44,-0.27,-0.99,-0.42,-1.32,-0.12,-2.21
12,97053839,11/3/2025,5:47:24,,,-1.34,0.18,-0.3,-1.29,0.36,1.25,0.16,2.04,0.92,0.53,0.69,-0.14,-0.23,2.63,0.8,1.62,1.19,0.51,-0.18,0.76,1.4,1.96,0.29,-0.05,0.57,0.4,1.56,0.35,0.47,1.6,-1.38,0.87, ,-0.81,0.75,-1.18,2.39,-1.09,-0.31,-0.8,-0.36,-1.33,0.0,-2.05
13,97053805,11/3/2025,5:48:12,,,-1.29,0.4,-0.28,-1.39,0.55,1.14,0.3,1.37,1.07,0.44,0.35,-0.09,-0.23,2.49,0.9,1.53,0.96,0.52,0.1,0.51,1.65,2.02,0.43,0.04,0.84,0.39,1.69,0.38,0.64,1.82,-1.42,1.24,0.79,-0.51,0.45,-0.97,1.76,-0.77,-0.55,-0.63,-0.44,-1.17,-0.72,-1.67
14,97053797,11/3/2025,5:49:01,,,-1.46,0.38,-0.43,-1.36,0.26,1.08,0.36,2.21,1.0,0.5,0.58,-0.12,-0.23,2.68,0.72,1.81,1.48,0.52,-0.43,0.82,1.44,1.56,0.23,0.19,0.57,0.44,1.63,0.7,0.43,1.47,-1.59,1.24, ,-0.88,0.88,-1.43,2.43,-1.25,-0.25,-0.98,-0.35,-1.4,0.0,-2.01
15,97053797,11/3/2025,6:02:42,,,-1.44,0.35,-0.44,-1.32,0.28,1.06,0.39,2.2,1.01,0.51,0.61,-0.07,-0.11,2.68,0.73,1.85,1.49,0.51,-0.4,0.81,1.46,1.61,0.28,0.18,0.6,0.49,1.66,0.72,0.44,1.44,-1.57,1.23,1.27,-0.85,0.91,-1.43,2.45,-1.24,-0.22,-0.97,-0.34,-1.37,-0.01,-2
16,97053797,11/3/2025,6:06:33,,,-1.46,0.3,-0.44,-1.3,0.28,1.06,0.39,2.18,0.98,0.54,0.6,-0.08,-0.1,2.68,0.75,1.84,1.48,0.52,-0.4,0.83,1.48,1.58,0.26,0.17,0.6,0.49,1.65,0.32,0.44,1.43,-1.55,1.23,1.02,-0.85,0.88,-1.41,2.41,-1.22,-0.24,-0.96,-0.35,-1.37,-0.02,-2
17,97053789,11/3/2025,6:07:18,,,-1.32,0.28,-0.23,-1.44,0.46,1.34,0.31,1.78,1.06,0.4,0.33,-0.01,-0.08,2.83,0.75,1.67,1.28,0.61,0.06,0.96,1.68,1.85,0.24,0.05,0.76,0.38,1.55,0.57,0.55,1.61,-1.35,1.04, ,-1.01,0.81,-1.19,2.07,-1.1,-0.31,-0.77,-0.31,-1.21,-0.3,-1.88
18,97077325,11/3/2025,6:08:21,,,-1.45,0.16,0.37,-1.19,0.91,1.47,0.36,1.86,0.94,0.44,0.67,-0.1,-0.17,2.38,0.82,1.4,1.1,0.39,0.02,0.64,1.55,1.83,0.15,-0.1,0.44,0.41,1.84,0.54,0.43,1.76,-1.32,0.93,1.3,-0.56,0.95,-1.07,2.34,-0.81,-0.21,-0.67,-0.35,-1.09,-0.32,-1.6
19,97077317,11/3/2025,6:09:06,,,-1.2,0.31,0.05,-1.29,0.79,1.19,0.41,1.75,0.8,0.17,0.52,-0.03,-0.18,2.69,0.72,1.62,0.97,0.61,0.05,0.73,1.55,1.78,0.15,-0.13,0.55,0.45,1.83,0.68,0.62,1.62,-1.28,1.07,1.21,-0.41,0.95,-1.14,2.11,-0.88,-0.2,-0.72,-0.38,-1.42,-0.35,-1.36
20,97077309,11/3/2025,6:14:47,,,-1.47,0.26,0.11,-1.62,0.37,1.56,0.38,1.84,1.39,0.53,-0.1,-0.06,-0.3,2.72,0.91,1.73,1.22,0.47,-0.03,0.54,1.44,1.9,0.24,-0.19,0.78,0.25,1.52,0.59,0.54,1.68,-1.28,0.97, ,-0.97,1.03,-1.15,2.36,-0.97,-0.14,-0.7,-0.14,-1.28,-0.09,-1.9
21,97077291,11/3/2025,6:15:33,,,-1.34,0.33,-0.05,-1.63,0.33,1.47,0.31,1.95,0.99,0.29,0.06,0.02,-0.27,3.06,1.1,1.94,1.23,0.41,0.17,0.85,1.7,2.06,0.27,-0.08,0.9,0.12,1.64,0.51,0.62,1.79,-1.4,1.14,1.09,-0.54,1.05,-1.05,2.27,-0.8,-0.13,-0.61,-0.21,-1.23,-0.29,-1.66
22,97077283,11/3/2025,6:22:56,,,-1.48,0.13,0.87,-0.92,1.17,1.86,0.22,2.87,1.78,1.02,0.51,-0.19,-0.19,2.21,0.21,1.17,0.7,0.64,-0.24,0.21,0.95,1.35,0.2,-0.27,-0.17,0.23,1.56,0.13,0.45,1.62,-1.41,0.95,1.3,-1.08,1.12,-1.24,2.74,-0.97,-0.07,-0.75,-0.15,-1.38,0.38,-1.86
23,97077275,11/3/2025,6:23:50,,,-1.32,0.46,0.13,-1.6,0.42,1.27,0.32,1.5,1.27,0.52,0.05,0.02,-0.32,2.83,0.98,1.82,1.27,0.48,0.21,0.65,1.53,2.0,0.41,-0.1,0.86,0.03,1.15,0.61,0.73,1.66,-1.2,1.12, ,-0.48,0.79,-0.81,1.82,-0.67,-0.33,-0.42,-0.24,-1.18,-0.75,-1.64
24,97077267,11/3/2025,6:24:35,,,-1.37,0.37,0.13,-1.55,0.44,0.86,0.32,1.46,1.14,0.27,-0.31,-0.06,-0.24,2.97,0.92,1.89,1.29,0.37,0.37,0.41,1.42,2.0,0.17,-0.14,0.9,0.02,1.33,0.22,0.52,1.59,-1.55,0.94,0.98,-0.6,0.72,-1.3,1.89,-0.97,-0.38,-0.78,-0.27,-1.27,-0.55,-1.76
25,97077259,11/3/2025,6:25:21,,,-1.13,0.47,0.07,-1.77,0.48,1.31,0.37,1.67,1.34,0.43,-0.09,0.09,-0.24,3.11,1.23,1.95,1.22,0.4,0.56,0.56,1.93,2.49,0.34,-0.06,1.21,-0.07,1.22,0.29,0.75,1.82,-1.35,1.28, ,-0.21,0.84,-0.98,1.79,-0.75,-0.28,-0.55,-0.13,-0.8,-0.83,-1.63
26,97077242,11/3/2025,6:26:06,,,-1.09,0.46,-0.13,-1.78,0.55,1.4,0.38,1.78,1.09,0.38,-0.28,0.05,-0.4,3.16,1.14,2.01,1.36,0.29,0.56,0.58,1.8,2.48,0.44,0.14,1.08,-0.18,1.21,0.19,0.43,1.73,-1.24,1.1, ,-0.48,0.75,-0.94,1.84,-0.64,-0.35,-0.51,-0.24,-0.68,-0.75,-1.57
27,97078703,11/3/2025,6:26:51,,,-1.22,0.34,-0.05,-1.58,0.4,1.56,0.42,1.71,1.21,0.36,-0.42,-0.01,-0.42,3.04,0.99,1.78,1.04,0.41,0.46,0.36,1.7,2.18,0.4,-0.1,1.04,-0.01,1.15,0.42,0.63,1.71,-1.31,1.09,1.3,-0.96,0.96,-1.03,2.09,-0.78,-0.19,-0.58,-0.14,-0.81,-0.41,-1.74
28,97078695,11/3/2025,6:27:58,,,-1.32,0.36,0.01,-1.44,0.41,1.03,0.38,1.76,1.27,0.52,0.08,-0.04,-0.38,3.01,0.95,1.97,1.46,0.42,0.22,0.47,1.48,2.11,0.36,-0.04,0.85,0.03,1.38,0.21,0.64,1.55,-1.62,1.1, ,-0.35,0.93,-1.2,2.07,-0.87,-0.21,-0.71,-0.2,-0.88,-0.31,-1.59
29,97046858,11/3/2025,6:28:42,,,-1.53,0.43,0.34,-1.4,0.71,1.83,0.39,1.75,1.42,0.54,-0.17,-0.17,-0.44,3.06,0.68,1.83,1.0,0.48,0.62,0.4,1.47,1.99,0.04,-0.4,0.47,0.18,1.13,-0.04,0.45,1.59,-1.43,0.98,2.19,-0.4,0.6,-1.09,1.98,-0.56,-0.46,-0.62,-0.29,-0.88,-0.45,-1.39
30,97046841,11/3/2025,6:29:27,,,-1.15,0.4,0.02,-1.61,0.64,1.53,0.31,2.07,1.37,0.5,-0.04,0.13,-0.47,2.87,1.16,2.0,1.29,0.59,-0.06,0.46,1.6,2.03,0.33,-0.16,0.99,-0.07,1.32,0.35,0.91,1.69,-1.46,1.14,1.23,-1.32,1.22,-1.18,2.41,-0.98,0.02,-0.69,-0.04,-0.78,-0.19,-1.94
31,97078596,11/3/2025,6:34:10,,,-1.21,0.3,-0.19,-1.72,0.39,1.59,0.41,1.64,1.26,0.36,-0.24,0.12,-0.46,3.06,1.21,2.11,1.16,0.37,0.09,0.4,1.7,2.3,0.31,0.17,1.05,-0.05,1.2,0.33,0.9,1.75,-1.36,1.11, ,-0.42,0.86,-0.97,1.98,-0.67,-0.25,-0.53,-0.08,-1.07,-0.48,-1.6
32,97078588,11/3/2025,6:34:55,,,-1.29,0.35,-0.07,-1.75,0.39,1.18,0.43,1.86,1.15,0.34,-0.36,0.09,-0.31,3.44,1.03,2.21,1.27,0.55,-0.01,0.76,1.71,2.11,0.41,0.01,1.08,-0.07,1.35,0.3,0.57,1.62,-1.23,1.14,1.36,-0.65,1.09,-0.92,2.35,-0.81,-0.08,-0.49,-0.19,-1.19,-0.18,-1.93
33,97078570,11/3/2025,6:35:40,,,-1.34,0.27,-0.18,-1.65,0.31,1.1,0.26,1.88,0.87,0.25,-0.12,0.01,-0.28,3.22,1.05,2.18,1.45,0.38,-0.05,0.8,1.7,2.18,0.36,-0.03,0.81,-0.03,1.43,0.34,0.56,1.66,-1.54,1.09,1.23,-0.7,1.08,-1.24,2.38,-0.99,-0.08,-0.74,-0.19,-1.22,-0.38,-1.9
34,97078562,11/3/2025,6:36:24,,,-1.39,0.37,0.17,-1.57,0.6,1.38,0.32,2.13,1.12,0.34,0.0,-0.06,-0.26,3.04,0.66,2.08,1.21,0.55,-0.34,0.69,1.42,1.7,0.42,-0.16,0.58,0.2,1.43,0.33,0.47,1.37,-1.64,1.37, ,-0.75,1.01,-1.32,2.25,-1.14,-0.13,-0.81,-0.18,-1.45,-0.42,-2.04
35,97078554,11/3/2025,6:37:09,,,-1.22,0.39,-0.11,-1.47,0.5,1.17,0.39,1.98,0.43,0.13,0.28,0.06,-0.18,3.09,0.68,2.2,1.47,0.56,-0.2,0.67,1.38,1.79,0.26,-0.17,0.63,0.39,1.62,0.29,0.53,1.43,-1.57,1.34,1.15,-0.32,0.93,-1.21,2.19,-1.08,-0.19,-0.72,-0.23,-1.44,-0.36,-2.04
36,97078240,11/3/2025,6:37:54,,,-1.24,0.31,-0.57,-1.86,0.16,0.99,0.34,1.7,0.52,-0.09,-0.05,0.1,-0.4,3.42,1.06,2.33,1.41,0.51,-0.05,0.84,1.71,1.95,0.44,0.12,1.12,0.17,1.46,0.25,0.59,1.43,-1.61,1.32, ,-0.71,0.87,-1.1,2.2,-0.97,-0.24,-0.64,-0.23,-1.27,-0.44,-1.97
37,97078232,11/3/2025,6:38:39,,,-1.31,0.42,-0.06,-1.68,0.68,1.11,0.28,1.68,0.56,-0.06,0.0,0.01,-0.15,2.97,0.85,2.0,1.25,0.63,0.31,0.59,1.4,2.05,0.18,-0.16,0.74,0.19,1.37,0.16,0.47,1.68,-1.46,0.96, ,-0.41,0.69,-1.16,1.88,-0.93,-0.38,-0.68,-0.26,-1.3,-0.55,-1.74
38,97078224,11/3/2025,6:39:23,,,-1.37,0.31,-0.19,-1.61,0.47,1.51,0.31,1.64,0.43,0.07,0.17,-0.02,-0.23,3.02,0.85,1.96,1.05,0.54,0.42,0.72,1.6,1.98,0.37,-0.09,0.84,0.15,1.55,0.2,0.32,1.65,-1.35,1.1, ,-0.49,0.84,-0.85,2.25,-0.54,-0.26,-0.44,-0.31,-1.13,-0.42,-1.49
39,97078216,11/3/2025,6:40:08,,,-1.26,0.43,0.13,-1.33,0.77,1.16,0.4,2.09,1.11,0.33,0.21,0.03,-0.16,2.76,0.7,1.96,1.21,0.58,0.3,0.48,1.39,1.88,0.41,0.16,0.45,0.28,1.5,0.03,0.29,1.61,-0.83,1.04,0.86,-0.49,0.97,-0.94,2.23,-0.75,-0.16,-0.51,-0.18,-1.23,-0.22,-1.77
40,97048029,11/3/2025,6:40:53,,,-1.32,0.45,0.02,-1.31,0.83,1.33,0.41,1.88,0.65,0.27,0.36,-0.08,-0.26,2.92,0.83,1.82,1.32,0.51,0.5,0.47,1.23,1.86,0.18,0.08,0.65,0.22,1.74,0.47,0.44,1.6,-1.68,1.05,1.15,-0.59,0.92,-1.2,2.15,-0.82,-0.21,-0.71,-0.34,-1.2,-0.38,-1.68
41,97047492,11/3/2025,6:41:38,,,-1.28,0.1,-0.18,-1.4,0.52,1.3,0.34,2.42,0.54,0.31,0.45,0.1,-0.3,3.01,1.06,2.0,1.15,0.31,-0.13,0.48,1.43,1.86,0.35,0.33,0.9,0.14,1.63,0.64,0.56,1.49,-1.56,1.24, ,-0.56,1.38,-1.23,2.68,-0.98,0.16,-0.73,-0.15,-0.99,-0.22,-1.87
42,97047492,11/3/2025,6:45:40,,,-1.29,0.11,-0.2,-1.42,0.52,1.29,0.33,2.41,0.52,0.31,0.48,0.09,-0.28,3.02,1.08,2.02,1.18,0.33,-0.12,0.46,1.45,1.87,0.34,0.32,0.91,0.15,1.66,0.62,0.56,1.49,-1.56,1.23, ,-0.54,1.39,-1.22,2.67,-0.98,0.16,-0.72,-0.13,-0.97,-0.23,-1.86
43,97053847,11/3/2025,6:46:26,,,-1.24,0.21,0.04,-1.48,0.29,1.3,0.27,1.69,1.22,0.4,-0.06,0.03,-0.27,3.24,1.07,2.25,1.31,0.39,0.51,0.48,1.43,2.3,0.33,0.14,0.93,-0.01,1.35,0.31,0.33,1.72,-1.51,0.9,1.21,-0.49,1.0,-1.03,2.09,-0.68,-0.14,-0.57,-0.18,-0.99,-0.57,-1.59
44,97053821,11/3/2025,6:47:10,,,-1.23,0.36,0.19,-1.35,0.75,1.57,0.31,1.76,0.55,0.19,0.25,0.04,-0.38,2.78,0.82,1.83,0.96,0.43,0.74,0.53,1.35,1.88,0.11,0.03,0.64,0.16,1.49,0.18,0.77,1.55,-1.68,1.02,1.06,-0.33,0.92,-1.16,2.09,-0.91,-0.2,-0.67,-0.13,-1.09,-0.43,-1.65
45,97053813,11/3/2025,6:47:55,,,-1.34,0.27,-0.09,-1.17,0.62,1.25,0.34,2.18,0.86,0.35,0.7,-0.02,-0.22,2.64,0.63,1.9,1.31,0.58,-0.24,0.62,1.19,1.59,0.1,-0.01,0.68,0.36,1.75,0.51,0.29,1.51,-1.41,0.95, ,-1.49,1.37,-1.3,2.64,-1.26,0.14,-0.78,-0.22,-1.32,-0.09,-2.38
46,97078208,11/3/2025,6:48:40,,,-1.25,0.14,-0.03,-1.64,0.58,1.77,0.33,1.93,1.25,0.48,-0.15,-0.01,-0.11,2.94,1.11,2.44,0.99,0.56,-0.01,0.39,1.43,1.92,0.48,0.29,0.86,0.02,1.29,0.15,0.47,1.55,-1.43,1.26,1.3,-0.75,0.98,-1.19,2.14,-0.97,-0.16,-0.7,-0.12,-0.94,-0.48,-1.71
47,97078190,11/3/2025,6:54:40,,,-1.32,0.13,0.17,-1.46,0.52,1.52,0.34,1.57,1.01,0.56,0.03,-0.03,-0.38,2.8,0.87,1.99,1.3,0.57,0.18,0.63,1.31,1.84,0.27,0.31,0.62,0.11,1.41,0.11,0.68,1.51,-1.24,0.84,1.17,-0.38,0.86,-1.0,2.26,-0.67,-0.25,-0.54,-0.17,-1.12,-0.47,-1.68
48,97078182,11/3/2025,6:55:24,,,-1.38,0.34,0.11,-1.45,0.75,1.45,0.32,2.03,1.14,0.45,-0.13,0.0,-0.38,3.0,0.79,1.8,1.13,0.51,0.12,0.41,1.17,1.68,0.1,-0.33,0.59,0.17,1.41,0.2,0.83,1.56,-1.21,0.93,1.05,-0.3,0.92,-1.05,2.3,-0.76,-0.2,-0.57,-0.27,-1.14,-0.41,-1.67
49,97078174,11/3/2025,6:56:09,,,-1.15,0.25,-0.01,-1.53,0.47,1.24,0.47,2.58,1.06,0.5,0.21,0.16,-0.43,3.07,1.28,2.02,1.31,0.55,0.0,0.45,1.45,2.01,0.28,-0.14,1.19,0.2,1.62,0.28,0.55,1.64,-1.7,1.14, ,-0.14,1.08,-1.11,2.21,-0.85,-0.08,-0.61,-0.06,-1.12,-0.47,-1.71
50,97078166,11/3/2025,6:56:54,,,-1.21,0.34,-0.11,-1.9,0.33,1.24,0.39,1.4,1.05,0.24,-0.31,0.03,-0.29,3.36,1.25,2.28,1.4,0.38,0.76,0.92,1.75,2.13,0.09,-0.12,1.21,0.12,1.51,0.15,0.75,1.67,-1.26,1.15, ,-0.03,0.75,-1.01,1.89,-0.64,-0.34,-0.53,-0.38,-1.16,-0.83,-1.46
51,97078331,11/3/2025,6:58:01,,,-1.27,0.24,0.07,-1.47,0.56,1.08,0.41,1.45,1.0,0.27,-0.06,0.03,-0.31,2.81,1.11,1.95,1.28,0.42,0.7,0.65,1.57,2.26,0.21,-0.06,0.85,0.13,1.35,0.19,0.76,1.77,-1.3,0.96, ,-0.16,0.78,-0.87,1.98,-0.51,-0.31,-0.41,-0.38,-0.92,-0.73,-1.32
52,97078323,11/3/2025,6:58:46,,,-1.37,0.36,0.03,-1.5,0.45,1.09,0.28,1.43,1.16,0.3,-0.24,-0.08,-0.57,2.99,1.01,2.03,1.14,0.51,0.37,0.92,1.65,2.22,0.28,-0.17,0.75,0.24,1.46,0.2,0.49,1.54,-1.1,1.13,1.09,0.11,0.65,-0.83,1.89,-0.47,-0.41,-0.39,-0.44,-1.18,-0.76,-1.48
53,97078315,11/3/2025,7:09:56,,,-1.22,0.42,-0.12,-1.61,0.27,1.44,0.43,1.76,1.0,0.37,-0.21,-0.02,-0.38,3.16,1.13,2.17,1.53,0.59,0.46,0.68,1.55,2.23,0.17,-0.14,0.91,0.43,1.5,0.39,0.39,1.82,-1.26,1.27,1.18,-0.3,0.87,-1.02,1.9,-0.61,-0.24,-0.53,-0.35,-1.13,-0.85,-1.45
54,97078307,11/3/2025,7:10:58,,,-1.56,0.19,0.35,-1.33,0.68,1.49,0.3,1.59,1.01,0.5,-0.06,-0.22,-0.26,2.72,0.57,1.59,1.0,0.67,0.67,0.69,1.36,1.92,0.22,-0.18,0.33,0.21,1.37,0.16,0.43,1.61,-1.05,0.93,2.43,-0.34,0.65,-0.96,2.01,-0.5,-0.41,-0.48,-0.46,-1.05,-0.57,-1.3
55,97078281,11/3/2025,7:13:16,,,-1.45,0.17,0.0,-1.68,0.35,1.46,0.47,1.85,1.11,0.37,-0.22,-0.01,-0.21,3.35,1.2,2.42,1.18,0.58,0.25,0.76,1.71,2.62,0.42,0.15,1.0,-0.02,1.28,0.22,0.66,1.96,-1.34,1.18, ,-0.36,0.87,-1.2,2.2,-0.76,-0.23,-0.67,-0.41,-1.28,-0.39,-1.63
56,97078273,11/3/2025,7:14:01,,,-1.21,0.39,0.15,-1.7,0.63,1.04,0.35,1.83,1.08,0.22,-0.11,0.03,-0.08,3.23,0.95,2.1,1.36,0.6,0.28,0.5,1.43,2.05,0.18,-0.04,0.91,-0.09,1.35,0.22,0.27,1.63,-1.24,1.17, ,-0.74,0.89,-1.04,2.08,-1.02,-0.21,-0.53,-0.3,-1.09,-0.52,-1.91
57,97078265,11/3/2025,7:16:05,,,-1.47,0.59,-0.24,-1.92,0.24,1.53,0.43,1.67,1.01,0.05,-0.48,0.12,-0.04,3.26,1.22,2.26,1.32,0.52,0.69,0.66,1.71,2.53,0.01,-0.21,1.3,0.06,1.4,0.33,0.68,1.87,-1.22,0.93,1.26,-0.32,0.77,-1.02,2.03,-0.83,-0.31,-0.53,-0.33,-1.23,-0.59,-1.7
58,97078257,11/3/2025,7:20:50,,,-1.25,0.33,-0.08,-1.62,0.5,1.06,0.37,2.02,1.04,0.15,-0.23,0.1,-0.27,3.19,0.99,2.09,1.1,0.55,0.24,0.53,1.61,2.13,0.27,0.15,0.87,-0.01,1.39,0.06,0.85,1.72,-1.15,1.07, ,-0.82,0.93,-1.05,2.21,-0.93,-0.18,-0.54,-0.32,-1.1,-0.41,-1.81
59,97053771,11/3/2025,7:21:34,,,-1.3,0.37,-0.09,-1.64,0.39,1.45,0.46,1.93,1.17,0.39,-0.23,0.03,-0.28,2.99,1.09,2.18,1.35,0.54,0.0,0.43,1.58,2.17,0.3,0.04,0.92,0.31,1.35,0.27,0.68,1.92,-1.26,1.24,1.16,-0.36,0.95,-1.21,2.14,-0.91,-0.16,-0.66,-0.04,-1.27,-0.42,-1.81
60,97053763,11/3/2025,7:22:19,,,-1.35,0.17,0.28,-1.51,0.76,1.29,0.39,1.78,1.4,0.62,-0.11,0.05,-0.3,3.08,1.03,1.85,1.09,0.53,0.22,0.35,1.64,2.24,0.53,0.09,0.87,-0.02,1.27,0.15,0.53,1.86,-1.25,1.36, ,-0.17,0.87,-1.05,2.32,-0.67,-0.22,-0.54,-0.34,-1.15,-0.37,-1.38
61,97053755,11/3/2025,7:23:03,,,-1.22,0.32,0.81,-0.91,1.12,2.07,0.39,2.14,1.54,0.89,0.31,0.08,0.0,2.11,0.43,1.38,0.81,0.63,-0.16,0.11,0.99,1.47,0.27,-0.19,0.14,0.3,1.51,0.37,0.7,1.63,-1.48,1.06,1.24,-0.55,0.95,-1.15,2.22,-1.02,-0.16,-0.62,-0.26,-1.06,-0.54,-1.88
62,97053748,11/3/2025,7:23:48,,,-1.29,0.31,0.55,-1.02,0.86,1.67,0.34,1.54,1.33,0.59,-0.11,-0.16,-0.3,2.74,0.66,1.65,0.89,0.71,0.19,0.11,1.2,1.86,0.33,-0.21,0.52,0.17,1.53,0.36,0.85,1.77,-1.03,0.94,1.34,-0.53,0.88,-1.05,2.11,-0.64,-0.22,-0.54,-0.38,-1.12,-0.68,-1.49
63,97053730,11/3/2025,7:24:33,,,-1.32,0.39,-0.24,-1.33,0.19,1.53,0.39,1.72,1.47,0.55,-0.29,0.02,-0.28,3.03,0.98,2.04,0.87,0.45,0.33,0.74,1.45,2.17,0.18,-0.04,1.02,0.02,1.27,0.24,0.56,1.8,-1.14,1.09,1.21,-0.88,0.95,-1.02,2.18,-0.84,-0.16,-0.52,-0.29,-1.11,-0.53,-1.83
64,97053722,11/3/2025,7:25:17,,,-1.17,0.26,0.05,-1.37,0.38,1.21,0.29,1.61,1.32,0.33,-0.27,0.03,-0.18,3.16,1.24,2.17,1.43,0.44,0.11,0.83,1.85,2.38,0.6,0.24,1.18,-0.12,1.38,0.26,0.65,1.62,-1.59,1.18, ,-0.3,0.83,-0.98,1.95,-0.73,-0.25,-0.49,-0.26,-0.98,-0.74,-1.65
65,97078299,11/3/2025,7:26:03,,,-1.44,0.29,-0.1,-1.8,0.29,1.26,0.44,1.59,0.96,0.17,-0.29,0.02,-0.38,2.95,1.15,2.14,1.27,0.34,0.37,0.85,1.68,2.13,-0.02,0.02,1.11,0.03,1.42,0.22,0.76,1.6,-1.04,0.94, ,-0.23,0.81,-1.12,2.24,-0.6,-0.28,-0.59,-0.46,-1.5,-0.45,-1.43
66,97053714,11/3/2025,7:26:48,,,-1.27,0.32,0.18,-1.35,0.8,1.68,0.34,1.63,1.14,0.59,-0.09,-0.08,-0.13,2.77,0.79,1.74,0.97,0.63,0.34,0.6,1.23,1.88,0.28,0.1,0.47,0.13,1.35,0.23,0.38,1.63,-1.19,1.19, ,-0.69,0.76,-1.05,2.11,-0.88,-0.31,-0.54,-0.43,-1.28,-0.64,-1.84
67,97053706,11/3/2025,7:27:59,,,-1.21,0.17,0.29,-1.24,0.92,1.72,0.3,1.41,1.31,0.47,-0.12,-0.02,-0.1,2.62,0.87,1.68,0.99,0.5,0.94,0.24,1.08,1.84,0.25,-0.11,0.84,0.11,1.45,0.11,0.57,1.68,-1.32,0.81, ,-0.43,0.93,-1.22,2.18,-0.93,-0.18,-0.66,-0.24,-1.22,-0.47,-1.67
68,97053698,11/3/2025,7:29:26,,,-1.2,0.36,0.06,-1.65,0.54,1.37,0.36,1.68,1.39,0.45,-0.15,0.02,0.01,3.02,1.12,1.86,0.89,0.42,0.05,0.35,1.5,2.12,0.26,-0.09,1.42,0.1,1.51,0.41,0.75,1.96,-1.15,1.12,1.2,-0.62,0.83,-1.33,2.01,-1.03,-0.25,-0.75,-0.27,-1.24,-0.5,-1.93
69,97053672,11/3/2025,7:47:19,,,-1.31,0.44,0.09,-1.43,0.63,1.11,0.38,1.63,1.29,0.46,-0.11,0.01,-0.3,2.74,0.73,1.81,1.17,0.49,-0.03,0.32,1.15,1.79,0.04,0.0,0.58,0.18,1.52,0.37,0.49,1.65,-1.27,0.9,1.19,-0.57,0.94,-1.14,2.12,-0.93,-0.17,-0.6,-0.23,-1.22,-0.54,-1.82
70,97053664,11/3/2025,7:48:07,,,-1.29,0.32,-0.01,-1.51,0.53,1.5,0.27,1.79,1.13,0.42,-0.11,0.09,-0.16,3.05,0.76,1.87,1.13,0.6,-0.08,0.53,1.37,1.92,0.41,0.0,0.76,-0.06,1.32,0.35,0.53,1.7,-1.34,1.1, ,-0.88,1.03,-1.12,2.29,-1.04,-0.1,-0.57,-0.14,-1.25,-0.37,-1.95
71,97053656,11/3/2025,7:48:55,,,-1.28,0.29,0.53,-0.89,0.8,1.45,0.38,1.89,1.43,0.85,0.24,-0.04,-0.11,2.5,0.48,1.64,0.95,0.51,0.16,0.11,0.94,1.61,0.01,-0.32,0.21,0.5,1.58,0.14,0.57,1.66,-1.41,0.85, ,-0.74,1.08,-1.43,2.43,-1.23,-0.06,-0.81,-0.11,-1.36,-0.06,-2.04
72,97053649,11/3/2025,7:49:42,,,-1.3,0.25,0.33,-1.38,0.79,1.73,0.38,1.87,1.03,0.41,0.02,0.05,-0.07,2.45,0.77,1.67,1.1,0.49,0.03,0.52,1.28,1.92,0.12,-0.23,0.58,0.18,1.38,0.13,0.75,1.79,-1.23,0.94,1.24,-0.58,0.9,-1.23,2.18,-1.1,-0.19,-0.65,-0.25,-1.16,-0.4,-2
73,97053631,11/3/2025,7:55:03,,,-1.44,0.09,1.01,-0.97,1.07,1.29,0.29,2.25,1.43,0.86,0.32,-0.13,0.14,2.38,0.38,1.38,1.69,0.65,-0.25,0.5,1.17,1.61,0.17,-0.16,0.1,0.34,1.57,0.19,0.39,1.49,-1.43,1.06, ,-1.14,1.21,-1.4,2.68,-1.18,0.05,-0.79,-0.07,-1.52,0.01,-1.91
74,97053623,11/3/2025,7:55:50,,,-1.41,0.3,-0.06,-1.72,0.28,1.36,0.43,2.2,1.01,0.34,0.09,-0.03,-0.18,3.05,0.94,1.87,1.06,0.29,-0.45,0.46,1.44,1.93,0.44,0.01,0.99,0.06,1.43,0.15,0.74,1.68,-1.34,1.27, ,-1.06,0.99,-1.34,2.34,-1.15,-0.11,-0.75,-0.18,-1.32,-0.3,-2.2
75,97053615,11/3/2025,8:00:14,,,-1.37,0.32,0.57,-0.97,0.98,1.4,0.29,2.16,1.24,0.66,0.35,0.01,-0.11,2.55,0.46,1.46,0.74,0.65,0.01,0.23,1.13,1.73,0.38,-0.21,0.32,0.17,1.53,0.08,0.65,1.81,-0.9,1.16,1.23,-0.73,1.0,-1.11,2.3,-0.99,-0.1,-0.57,-0.1,-1.37,-0.15,-1.99
76,97053607,11/3/2025,8:01:03,,,-1.45,0.47,-0.21,-1.74,0.31,0.84,0.34,1.69,1.04,0.25,-0.21,0.04,-0.22,2.93,1.02,2.05,1.43,0.43,0.01,0.31,1.33,1.84,0.07,-0.28,1.11,0.23,1.36,0.18,0.79,1.58,-0.93,0.61, ,-0.59,0.8,-1.0,1.95,-0.67,-0.26,-0.48,-0.28,-1.26,-0.42,-1.77
77,97076087,11/3/2025,8:01:52,,,-1.21,0.34,0.09,-1.53,0.53,1.0,0.3,1.62,1.03,0.4,0.01,0.05,-0.35,3.04,0.96,1.89,1.16,0.47,0.37,0.51,1.52,2.01,0.23,0.21,0.82,0.12,1.52,0.1,0.59,1.55,-1.23,1.15,1.14,-0.81,0.79,-0.79,2.09,-0.56,-0.26,-0.32,-0.35,-1.12,-0.46,-1.53
78,97076079,11/3/2025,8:02:40,,,-1.2,0.49,-0.19,-1.79,0.37,1.41,0.47,1.63,1.12,0.31,-0.33,0.04,-0.33,3.31,1.01,2.2,1.23,0.49,0.54,0.35,1.48,2.18,0.17,-0.15,1.12,0.21,1.39,0.19,0.74,1.71,-1.23,1.18,1.29,-0.58,0.83,-1.04,1.94,-0.7,-0.23,-0.51,-0.29,-1.37,-0.57,-1.72
79,97076061,11/3/2025,8:04:17,,,-1.22,0.51,0.01,-1.52,0.58,1.04,0.41,1.61,1.06,0.26,-0.08,-0.04,0.02,3.02,0.9,2.01,1.38,0.53,0.33,0.69,1.53,1.97,0.17,-0.3,0.88,0.27,1.67,0.16,0.39,1.46,-1.43,0.87,1.05,-0.32,0.9,-1.17,1.99,-0.79,-0.18,-0.61,-0.25,-1.59,-0.6,-1.62
80,97076053,11/3/2025,8:09:17,,,-1.26,0.38,-0.19,-1.71,0.26,1.16,0.31,1.51,0.77,0.04,-0.41,0.01,-0.27,2.89,1.09,2.27,1.56,0.48,0.61,0.57,1.51,2.15,-0.02,-0.05,1.17,0.14,1.47,0.28,1.04,1.81,-1.37,0.98, ,-0.03,0.82,-0.82,1.87,-0.44,-0.24,-0.33,-0.38,-1.25,-0.76,-1.43
81,97046759,11/3/2025,8:10:05,,,-1.37,0.35,-0.01,-1.52,0.43,1.35,0.39,2.28,1.32,0.64,0.26,-0.05,-0.4,3.27,0.85,2.13,1.48,0.36,0.2,0.5,1.31,1.94,0.34,-0.02,0.86,0.17,1.61,0.02,0.29,1.55,-1.35,1.2,1.22,-0.76,1.03,-1.13,2.37,-0.9,-0.08,-0.57,-0.21,-1.39,-0.15,-1.91
82,97075931,11/3/2025,8:10:54,,,-1.19,0.47,-0.36,-1.5,0.07,1.01,0.35,1.74,0.53,0.23,0.21,0.2,-0.43,3.2,0.9,2.08,1.3,0.38,0.43,0.69,1.39,1.92,0.47,0.0,0.95,0.27,1.33,0.22,0.29,1.64,-1.22,1.19, ,-0.28,0.75,-0.7,1.91,-0.62,-0.3,-0.24,-0.43,-1.03,-0.71,-1.68
83,97075923,11/3/2025,8:11:42,,,-1.34,0.31,-0.06,-1.52,0.17,1.09,0.35,1.69,0.89,0.33,0.17,0.09,-0.44,3.12,1.09,2.08,1.44,0.42,0.36,0.61,1.43,2.21,0.38,-0.04,0.89,0.23,1.49,0.11,0.24,1.5,-1.5,1.12,1.3,-0.07,0.75,-0.91,2.14,-0.63,-0.3,-0.41,-0.34,-1.32,-0.36,-1.76
84,97075915,11/3/2025,8:12:30,,,-1.26,0.6,-0.08,-1.33,0.18,1.27,0.4,1.93,1.04,0.59,0.42,0.04,-0.34,3.02,0.76,1.8,1.02,0.35,0.19,0.42,1.19,1.77,0.02,-0.32,0.57,0.24,1.41,0.19,0.39,1.48,-1.12,1.19,1.13,-0.55,0.83,-1.03,1.95,-0.82,-0.23,-0.5,-0.22,-1.54,-0.5,-2.03
85,97075907,11/3/2025,8:13:19,,,-1.62,0.31,-0.26,-1.35,0.33,1.15,0.41,1.85,0.88,0.43,0.25,-0.08,-0.37,2.98,0.97,1.84,1.23,0.51,0.69,0.65,1.37,2.0,0.05,0.03,0.64,0.28,1.55,0.6,0.41,1.64,-1.3,1.21,1.18,-0.25,0.6,-1.05,2.3,-0.73,-0.41,-0.51,-0.54,-1.45,-0.32,-1.74
86,97075899,11/3/2025,8:14:07,,,-1.33,0.28,-0.2,-1.38,0.32,1.17,0.3,2.15,0.94,0.42,0.28,-0.06,-0.31,2.88,0.87,1.79,1.0,0.52,0.3,0.64,1.43,2.0,0.26,0.1,0.61,0.13,1.46,0.25,0.54,1.7,-1.2,1.18,1.1,-0.78,0.85,-0.98,2.21,-0.83,-0.22,-0.46,-0.34,-1.26,-0.39,-1.75
87,97075881,11/3/2025,8:18:39,,,-1.35,0.44,-0.4,-1.71,0.09,0.91,0.4,2.0,0.54,0.1,0.13,-0.11,-0.24,3.18,1.15,2.14,1.65,0.34,0.54,0.79,1.54,2.06,0.17,0.09,0.98,0.16,1.75,0.33,0.5,1.46,-1.5,1.15,1.21,-0.58,0.93,-1.17,2.36,-0.92,-0.15,-0.6,-0.3,-1.32,-0.21,-1.78
88,97075873,11/3/2025,8:19:26,,,-1.36,0.33,-0.74,-1.97,-0.23,0.68,0.47,1.84,0.56,-0.08,-0.37,-0.11,-0.29,3.42,1.39,2.38,1.48,0.32,0.57,0.97,1.72,2.28,0.16,0.03,1.48,0.1,1.48,0.28,0.52,1.55,-1.29,0.88, ,-0.35,0.81,-0.86,2.07,-0.52,-0.25,-0.37,-0.41,-1.36,-0.48,-1.47
89,97075865,11/3/2025,8:20:47,,,-1.28,0.33,-0.26,-1.35,0.39,1.21,0.33,1.85,0.87,0.5,0.45,0.0,-0.34,2.7,0.83,1.72,1.07,0.54,0.45,0.5,1.38,1.74,0.18,-0.05,0.61,0.07,1.51,0.19,0.7,1.69,-1.2,1.17,1.13,-0.38,0.82,-0.87,2.12,-0.69,-0.24,-0.38,-0.38,-1.27,-0.49,-1.7
90,97075857,11/3/2025,8:21:35,,,-1.31,0.45,0.1,-1.22,0.44,1.27,0.31,2.0,0.92,0.45,0.38,0.02,-0.29,2.39,0.46,1.68,1.28,0.5,0.26,0.43,1.1,1.59,0.32,0.13,0.21,0.32,1.67,0.35,0.45,1.47,-1.16,1.36,1.75,-0.42,0.95,-1.02,2.2,-0.74,-0.14,-0.49,-0.14,-1.4,-0.28,-1.61
91,97075840,11/3/2025,8:27:15,,,-1.26,0.36,-0.21,-1.94,0.28,0.89,0.32,1.4,0.99,0.13,-0.43,0.06,-0.5,3.17,1.32,2.25,1.63,0.41,0.53,1.16,1.8,2.51,0.41,0.36,1.18,-0.11,1.4,0.17,0.51,1.58,-1.39,1.26,1.11,-0.21,0.77,-0.84,1.93,-0.52,-0.27,-0.36,-0.36,-1.12,-0.54,-1.64
92,97075824,11/3/2025,8:28:03,,,-1.34,0.31,0.18,-1.65,0.56,1.75,0.36,1.51,1.14,0.4,-0.33,-0.12,-0.45,3.03,1.17,1.86,0.96,0.52,0.71,0.61,1.52,2.31,0.32,0.16,0.88,-0.02,1.31,0.09,0.62,1.61,-1.37,1.19, ,-0.05,0.73,-0.79,1.98,-0.47,-0.29,-0.33,-0.33,-1.19,-0.51,-1.5
93,97075816,11/3/2025,8:28:52,,,-1.25,0.38,0.23,-1.09,0.8,1.28,0.31,1.67,1.09,0.34,-0.09,-0.02,-0.27,2.1,0.48,1.32,0.75,0.55,0.77,1.06,1.27,1.62,0.15,-0.24,0.18,0.18,1.52,-0.02,0.53,1.42,-1.08,1.2, ,-0.17,0.68,-1.05,1.95,-0.79,-0.33,-0.52,-0.47,-1.25,-0.64,-1.76
94,97053680,11/3/2025,8:29:42,,,-1.33,0.43,-0.34,-1.85,0.43,1.07,0.41,1.51,0.27,-0.28,-0.1,0.02,-0.19,2.8,1.5,2.17,1.42,0.4,0.35,1.42,1.78,2.13,0.0,-0.03,1.44,0.12,1.53,0.34,0.84,1.43,-1.31,0.71,1.24,0.12,0.63,-1.06,1.97,-0.72,-0.37,-0.53,-0.35,-1.17,-0.54,-1.57
95,97069009,11/3/2025,8:30:45,,,-1.27,0.48,0.21,-1.3,0.87,1.51,0.33,1.6,0.71,0.17,0.41,-0.13,-0.43,2.47,0.52,1.65,1.5,0.43,0.37,0.29,1.16,1.61,0.2,0.25,0.53,0.22,1.65,0.2,0.53,1.46,-1.46,1.24,1.25,-0.29,0.63,-0.99,1.78,-0.62,-0.36,-0.48,-0.37,-1.22,-0.66,-1.61
96,97046536,11/3/2025,8:31:32,,,-1.34,0.26,-0.01,-1.6,0.62,1.33,0.41,1.84,0.54,0.01,0.12,-0.06,-0.2,2.96,0.85,1.75,1.35,0.48,0.39,0.75,1.48,2.05,0.28,0.06,0.78,0.17,1.55,0.18,0.39,1.47,-1.32,1.22,1.39,-0.33,0.71,-0.88,2.04,-0.58,-0.3,-0.39,-0.41,-1.27,-0.55,-1.63
97,97069124,11/3/2025,8:32:44,,,-1.36,0.38,0.01,-1.15,0.66,1.45,0.31,1.66,0.92,0.51,0.64,-0.08,0.13,2.42,0.41,1.49,1.57,0.68,0.51,1.05,1.19,1.58,0.05,0.08,0.18,0.22,1.58,0.17,0.42,1.54,-1.27,0.91, ,-0.07,0.5,-0.99,1.89,-0.84,-0.46,-0.48,-0.49,-1.26,-0.78,-1.56
98,97069132,11/3/2025,8:33:55,,,-1.31,0.28,-0.12,-1.59,0.76,1.18,0.42,1.62,0.88,0.08,0.01,0.15,-0.34,3.18,0.76,1.84,1.45,0.45,0.25,0.96,1.57,1.88,0.38,0.07,0.67,0.11,1.51,0.15,0.23,1.2,-1.54,1.44, ,-0.22,0.74,-0.86,2.1,-0.74,-0.27,-0.38,-0.45,-1.11,-0.45,-1.69
99,97069199,11/3/2025,8:34:44,,,-1.31,0.34,-0.2,-1.67,0.48,1.28,0.35,1.4,0.36,-0.18,-0.04,-0.01,-0.25,2.99,0.82,1.88,1.56,0.5,0.46,0.97,1.5,2.05,0.24,0.08,0.75,0.14,1.48,0.08,0.44,1.56,-1.28,1.2, ,-0.16,0.4,-0.83,1.62,-0.53,-0.53,-0.34,-0.64,-1.16,-0.93,-1.48
100,97069207,11/3/2025,8:35:32,,,-1.23,0.5,-0.26,-1.73,0.61,1.11,0.35,1.31,0.55,-0.13,-0.19,0.13,-0.26,3.13,0.84,1.9,1.45,0.38,0.81,0.77,1.54,2.08,0.31,0.02,0.97,0.17,1.55,0.06,0.4,1.41,-1.38,1.19,2.13,-0.21,0.44,-0.94,1.69,-0.63,-0.5,-0.42,-0.41,-1.4,-0.76,-1.38
101,97069215,11/3/2025,8:36:22,,,-1.37,0.33,-0.32,-1.81,0.26,1.3,0.39,1.58,0.43,-0.14,0.11,-0.01,-0.26,3.18,1.12,2.15,1.79,0.31,0.32,0.75,1.68,2.25,0.17,0.26,1.07,0.08,1.71,0.35,0.5,1.52,-1.43,1.31, ,0.24,0.55,-0.98,1.85,-0.73,-0.41,-0.45,-0.53,-1.2,-0.75,-1.66
102,97069223,11/3/2025,8:37:10,,,-1.27,0.38,-0.32,-1.94,0.5,1.01,0.54,1.65,0.49,-0.13,-0.01,0.04,-0.3,3.1,1.09,2.15,1.95,0.3,0.5,0.8,1.52,2.17,0.41,0.16,1.35,0.18,1.67,0.25,0.51,1.53,-1.31,1.31, ,-0.45,0.66,-0.97,2.03,-0.75,-0.32,-0.44,-0.47,-1.3,-0.44,-1.72
103,97069231,11/3/2025,8:42:03,,,-1.29,0.26,-0.18,-1.72,0.43,1.56,0.44,1.32,0.57,0.02,0.06,0.04,-0.28,3.26,0.87,2.0,1.09,0.45,0.77,0.54,1.37,2.19,0.51,0.38,0.91,0.04,1.59,0.08,0.4,1.38,-0.81,1.31, ,0.0,0.41,-0.66,1.61,-0.5,-0.51,-0.21,-0.46,-1.21,-0.87,-1.57
104,97069249,11/3/2025,8:42:51,,,-1.27,0.46,-0.19,-1.45,0.47,1.43,0.47,1.48,0.72,0.14,0.16,0.08,-0.36,3.01,0.7,1.94,1.27,0.39,0.81,0.29,1.1,1.84,0.3,-0.22,0.63,0.37,1.7,0.12,0.3,1.36,-1.18,1.11,1.3,0.0,0.53,-1.02,1.81,-0.73,-0.41,-0.48,-0.37,-1.64,-0.74,-1.52
105,97069256,11/3/2025,8:43:39,,,-1.22,0.6,-0.6,-1.72,0.35,0.97,0.44,1.52,0.59,0.05,0.2,0.11,-0.38,3.29,1.07,1.95,1.22,0.34,1.35,0.4,1.48,2.49,0.43,0.05,1.05,0.16,1.67,0.1,0.53,1.58,-1.05,1.14,1.21,0.03,0.57,-0.74,1.76,-0.55,-0.38,-0.27,-0.31,-1.41,-0.7,-1.55
106,97069264,11/3/2025,8:44:29,,,-1.21,0.41,0.01,-1.66,0.88,1.17,0.46,1.49,0.7,0.04,0.06,0.03,-0.29,2.81,0.86,1.7,1.06,0.46,0.38,0.34,1.28,2.1,0.26,-0.02,0.68,0.23,1.59,0.06,0.57,1.42,-1.03,1.21,1.4,-0.27,0.55,-0.7,1.61,-0.61,-0.4,-0.24,-0.34,-1.22,-0.75,-1.78
107,97069272,11/3/2025,8:45:18,,,-1.33,0.4,-0.74,-1.78,-0.13,1.13,0.35,1.81,0.54,0.02,-0.11,0.05,-0.24,3.31,1.21,2.1,1.26,0.24,0.53,0.49,1.56,2.39,0.29,-0.02,1.01,0.12,1.5,0.16,0.74,1.66,-0.97,1.13, ,-0.46,0.63,-0.85,1.92,-0.63,-0.34,-0.36,-0.41,-1.38,-0.57,-1.47
108,97057848,11/3/2025,8:46:04,,,-1.11,0.49,-0.19,-1.25,0.43,1.29,0.32,1.73,0.56,0.28,0.32,0.06,-0.23,2.68,0.64,1.6,1.0,0.4,0.64,0.36,1.04,1.84,0.07,-0.02,0.36,0.32,1.69,0.11,0.64,1.23,-1.39,0.88,1.47,-0.25,0.71,-0.82,1.99,-0.75,-0.28,-0.33,-0.42,-1.13,-0.58,-1.7
109,97057830,11/3/2025,8:46:52,,,-1.3,0.46,-0.61,-1.54,-0.01,1.04,0.37,1.59,0.51,0.12,0.05,0.0,-0.29,3.42,0.99,2.08,1.25,0.36,0.59,0.84,1.56,2.26,0.18,-0.04,0.76,0.25,1.49,0.19,0.46,1.62,-1.02,1.5,1.09,0.04,0.5,-0.65,1.88,-0.51,-0.44,-0.21,-0.21,-1.23,-0.69,-1.61
110,97057822,11/3/2025,8:47:40,,,-1.24,0.51,-0.62,-1.91,-0.31,0.65,0.46,1.3,0.37,-0.12,-0.13,0.0,-0.41,3.33,1.35,2.48,1.18,0.15,0.64,1.06,1.86,2.28,-0.09,-0.09,1.02,0.06,1.28,0.04,0.96,1.51,-1.12,1.03,1.07,-0.1,0.31,-0.8,1.52,-0.43,-0.59,-0.32,-0.35,-1.14,-0.86,-1.4
111,97057814,11/3/2025,8:49:11,,,-1.32,0.51,-0.47,-1.57,-0.23,1.03,0.41,1.43,0.6,0.1,-0.02,-0.05,-0.36,3.22,1.1,2.29,1.32,0.24,1.04,1.02,1.75,2.14,0.11,-0.2,0.89,0.25,1.5,0.1,0.74,1.42,-1.49,1.13,1.05,0.05,0.49,-0.88,1.74,-0.49,-0.44,-0.38,-0.36,-1.19,-0.77,-1.39
112,97057806,11/3/2025,8:51:15,,,-1.28,0.42,-0.33,-1.72,0.04,0.78,0.42,1.43,0.8,0.12,-0.05,-0.02,-0.32,3.31,0.96,2.22,1.2,0.21,0.36,0.99,1.61,1.8,-0.09,0.08,0.82,0.03,1.5,0.28,0.53,1.3,-1.19,0.93, ,-0.18,0.59,-1.17,1.82,-0.92,-0.37,-0.6,-0.28,-1.31,-0.72,-1.8
113,97057798,11/3/2025,8:52:03,,,-1.24,0.39,-0.4,-1.43,-0.22,0.63,0.42,1.89,0.67,0.38,0.46,-0.02,-0.29,2.99,0.75,1.94,1.35,0.28,0.15,0.97,1.51,1.77,0.23,0.23,0.54,0.24,1.57,0.38,0.59,1.23,-1.56,1.22,0.88,-0.74,0.89,-1.23,2.2,-0.99,-0.13,-0.65,-0.11,-1.33,-0.3,-1.87
114,97057772,11/3/2025,8:56:55,,,-1.38,0.4,0.03,-1.36,0.48,1.13,0.28,1.52,0.77,0.33,-0.07,-0.02,-0.39,2.78,0.77,1.77,1.08,0.34,0.71,0.79,1.25,1.74,-0.04,0.1,0.35,0.18,1.36,0.24,1.02,1.55,-1.55,1.03,0.97,-0.3,0.68,-0.91,1.95,-0.49,-0.31,-0.4,-0.16,-1.19,-0.61,-1.36
115,97057764,11/3/2025,8:57:43,,,-1.19,0.12,-0.32,-1.75,0.37,0.85,0.35,1.37,0.81,-0.07,-0.57,0.0,-0.23,3.14,0.97,2.08,1.18,0.43,0.27,0.47,1.38,2.24,0.24,0.06,1.0,0.25,1.45,0.29,0.45,1.45,-1.1,1.14, ,-0.32,0.86,-0.84,2.0,-0.6,-0.16,-0.35,-0.24,-1.25,-0.63,-1.64
116,97057939,11/3/2025,8:58:32,,,-1.33,0.41,0.01,-1.46,0.5,1.42,0.36,1.45,1.16,0.38,-0.28,-0.06,-0.45,2.59,0.72,1.63,1.28,0.49,0.33,0.4,1.08,1.89,0.2,-0.11,0.65,0.15,1.39,0.15,0.52,1.52,-1.21,1.07, ,-0.15,0.68,-0.89,1.97,-0.53,-0.3,-0.38,-0.27,-1.19,-0.63,-1.46
117,97057921,11/3/2025,8:59:20,,,-1.24,0.35,-0.27,-1.81,0.36,1.1,0.38,1.54,1.3,0.18,-0.43,0.08,-0.41,2.75,0.83,1.88,1.26,0.39,0.06,0.4,1.19,1.9,0.45,0.11,0.88,0.14,1.48,0.22,0.69,1.52,-0.95,1.33,1.16,-0.5,1.0,-0.8,2.19,-0.53,-0.05,-0.3,-0.12,-1.09,-0.32,-1.51
118,97057913,11/3/2025,9:12:39,,,-1.34,0.22,-0.43,-1.8,0.25,0.69,0.44,2.33,1.06,0.28,-0.2,0.1,-0.39,2.93,1.19,2.09,1.47,0.24,0.03,0.62,1.44,2.04,0.33,0.02,1.14,0.16,1.3,0.33,0.79,1.39,-1.06,1.12, ,-0.75,1.2,-1.09,2.49,-0.85,0.1,-0.52,-0.06,-1.22,-0.12,-1.94
119,97057905,11/3/2025,9:13:27,,,-1.14,0.34,-0.12,-1.68,0.65,0.9,0.34,1.66,1.29,0.3,-0.33,0.21,-0.31,2.6,0.78,1.67,1.0,0.34,0.31,0.39,1.19,1.92,0.42,0.12,0.82,0.08,1.33,0.22,0.59,1.49,-1.17,1.43, ,-0.49,0.99,-1.06,2.15,-0.9,-0.05,-0.49,-0.23,-1.14,-0.38,-1.94
120,97057897,11/3/2025,9:14:15,,,-1.25,0.41,-0.21,-1.99,0.45,1.04,0.35,1.37,0.6,-0.2,-0.65,0.2,-0.08,3.54,1.01,2.0,1.42,0.26,0.56,0.85,1.82,2.55,0.29,-0.09,1.06,0.03,1.23,0.09,0.58,1.7,-0.83,1.26, ,-0.03,0.58,-0.93,1.76,-0.82,-0.37,-0.39,-0.34,-1.25,-0.59,-1.95
121,97057889,11/3/2025,9:15:04,,,-1.08,0.37,-0.23,-1.77,0.36,1.19,0.43,1.47,0.68,0.12,-0.45,0.12,-0.18,3.2,0.87,1.98,1.5,0.43,0.42,0.82,1.69,2.26,0.42,0.08,0.84,0.03,1.3,0.05,0.44,1.56,-1.11,1.17, ,-0.24,0.52,-0.88,1.78,-0.65,-0.42,-0.35,-0.41,-1.02,-0.62,-1.73
122,97057871,11/3/2025,9:15:52,,,-1.17,0.52,-0.44,-1.88,0.24,1.06,0.34,1.34,0.52,-0.17,-0.26,0.17,-0.34,3.33,0.98,2.01,1.29,0.25,0.88,0.6,1.56,2.33,0.17,-0.12,1.01,0.17,1.41,0.29,0.37,1.52,-1.28,0.8,1.07,-0.32,0.59,-0.83,1.76,-0.57,-0.36,-0.31,-0.43,-0.86,-0.76,-1.65
123,97057863,11/3/2025,9:16:40,,,-1.12,0.37,-0.69,-1.76,0.09,0.63,0.33,1.61,0.51,-0.02,-0.05,0.24,-0.29,2.99,0.95,1.84,1.33,0.31,0.26,0.7,1.51,2.12,0.35,0.04,0.93,0.05,1.37,0.1,0.21,1.39,-1.31,1.3,1.08,-0.14,0.7,-0.95,1.94,-0.78,-0.27,-0.4,-0.3,-1.0,-0.49,-1.79
124,97057491,11/3/2025,9:20:44,,,-1.27,0.47,-0.46,-1.6,0.05,0.73,0.35,1.43,0.6,0.0,0.03,-0.11,-0.3,3.39,0.86,1.99,1.11,0.24,0.64,0.83,1.65,2.02,0.02,0.04,0.9,0.25,1.43,0.23,0.56,1.3,-1.47,1.12,1.04,-0.19,0.63,-0.87,1.87,-0.5,-0.32,-0.34,-0.33,-0.9,-0.8,-1.48
125,97057855,11/3/2025,9:21:54,,,-1.5,0.43,-0.38,-1.72,0.2,1.07,0.33,1.22,0.35,-0.14,-0.34,-0.08,-0.26,3.06,1.11,1.95,1.25,0.28,1.13,0.61,1.6,2.45,0.07,-0.24,1.11,0.24,1.39,-0.27,0.79,1.71,-1.25,0.91,1.92,0.25,0.31,-0.88,1.81,-0.4,-0.57,-0.35,-0.5,-1.18,-0.71,-1.41
126,97049753,11/3/2025,9:23:43,,,-1.28,0.45,0.11,-1.43,0.28,1.14,-0.09,1.98,0.95,0.58,0.45,0.05,-0.06,2.78,0.87,1.61,1.06,0.33,-1.65,0.08,0.99,1.24,0.07,-0.13,0.85,0.19,1.46,0.53,0.7,1.35,-1.09,1.24,1.62,-0.76,0.92,1.98,2.48,3.57,-0.09,1.85,-0.47,-2.17,-0.12, 
127,97057574,11/3/2025,9:27:52,,,-1.19,0.31,-0.8,-1.66,-0.27,0.75,0.41,1.52,0.5,-0.05,0.04,0.11,-0.26,3.38,1.16,2.06,1.36,0.13,0.79,0.75,1.81,2.39,0.28,0.01,1.15,0.07,1.43,0.08,0.7,1.43,-1.25,1.23,1.44,-0.13,0.65,-1.03,1.96,-0.69,-0.31,-0.46,-0.39,-1.05,-0.53,-1.65
128,97053508,11/3/2025,9:28:36,,,-1.3,0.42,-0.36,-1.4,0.21,1.04,0.35,1.8,0.69,0.22,0.25,0.01,-0.09,2.9,0.82,1.86,1.38,0.43,0.31,0.58,1.36,1.93,0.19,-0.16,0.63,0.17,1.47,0.14,0.67,1.53,-1.39,1.02, ,-0.97,0.63,-1.44,2.2,-1.14,-0.32,-0.77,-0.32,-1.54,-0.34,-1.8
129,97057566,11/3/2025,9:29:21,,,-1.25,0.35,-0.66,-1.55,-0.08,0.7,0.34,1.79,0.46,0.06,0.24,-0.02,-0.26,3.53,1.1,2.25,1.44,0.32,0.43,0.5,1.53,2.24,-0.03,-0.15,0.77,0.17,1.43,0.05,0.5,1.6,-1.57,0.82,1.26,-0.71,0.59,-1.29,2.11,-0.96,-0.35,-0.65,-0.33,-1.24,-0.22,-1.79
130,97053482,11/3/2025,9:30:06,,,-1.24,0.42,-0.04,-1.54,0.48,1.15,0.39,1.34,0.74,0.08,-0.11,0.03,-0.35,2.82,0.94,1.82,1.36,0.37,1.56,0.41,1.36,2.11,0.15,-0.18,0.79,0.3,1.5,0.2,0.77,1.38,-1.45,1.11,1.41,0.09,0.47,-0.91,1.67,-0.41,-0.45,-0.36,-0.44,-1.16,-0.76,-1.4
131,97057541,11/3/2025,9:30:51,,,-1.33,0.23,-0.14,-1.58,0.47,1.1,0.28,1.74,0.5,-0.17,-0.5,-0.04,-0.27,3.22,0.94,1.75,1.09,0.32,0.99,0.75,1.55,2.25,0.2,-0.21,0.71,0.39,1.5,0.07,0.53,1.53,-1.24,1.07,1.12,-0.26,0.59,-0.98,2.1,-0.73,-0.36,-0.41,-0.52,-1.34,-0.56,-1.83
132,97057533,11/3/2025,9:32:21,,,-1.37,0.16,-0.13,-1.06,0.39,1.11,0.28,1.91,0.86,0.36,0.13,-0.07,-0.24,2.61,0.68,1.53,0.77,0.37,0.31,0.39,1.23,1.82,-0.04,0.07,0.37,0.58,1.6,0.21,0.64,1.42,-1.51,0.77, ,-0.47,0.88,-1.17,2.51,-0.89,-0.13,-0.56,-0.4,-1.11,-0.3,-1.77
133,97057525,11/3/2025,9:33:52,,,-1.25,0.24,-0.37,-1.98,0.15,0.93,0.29,1.59,0.71,-0.19,-0.66,0.0,-0.11,3.46,1.2,2.12,1.33,0.32,0.75,0.73,1.68,2.4,0.08,0.07,1.32,0.32,1.33,0.23,0.72,1.54,-1.39,0.99,1.01,-0.37,0.88,-1.2,2.22,-0.96,-0.13,-0.57,-0.33,-1.24,-0.33,-1.86
134,97057517,11/3/2025,9:35:25,,,-1.27,0.22,-0.22,-1.3,0.11,0.9,0.21,1.47,0.42,-0.02,-0.09,0.01,-0.08,2.97,0.54,1.76,1.4,0.41,0.36,0.67,1.36,2.02,0.29,0.25,0.31,0.41,1.33,-0.28,0.24,1.3,-1.19,1.44,1.27,0.8,0.27,-1.01,1.59,-0.74,-0.61,-0.43,-0.44,-1.3,-0.63,-1.76
135,97057509,11/3/2025,9:37:08,,,-1.37,0.16,-0.08,-1.48,0.23,0.75,0.27,2.11,0.56,0.04,0.34,-0.05,-0.17,3.4,0.88,2.18,1.22,0.49,0.55,0.71,1.56,2.23,0.18,0.37,0.66,0.3,1.33,0.11,0.47,1.39,-1.41,0.98, ,-0.39,0.64,-0.95,2.11,-0.75,-0.32,-0.38,-0.49,-0.97,-0.37,-1.68
136,97053490,11/3/2025,9:41:28,,,-1.41,0.15,-0.47,-1.56,0.25,1.13,0.32,1.6,0.46,-0.11,-0.38,-0.09,-0.22,3.44,1.01,2.22,1.97,0.45,0.76,0.89,1.58,1.93,-0.01,-0.05,0.96,0.55,1.34,-0.04,0.76,1.31,-1.55,1.2,1.19,-0.32,0.61,-1.21,2.23,-0.82,-0.34,-0.58,-0.66,-1.23,-0.44,-1.71
137,97053474,11/3/2025,9:42:14,,,-1.34,0.17,-0.49,-1.74,0.27,0.69,0.32,1.43,0.54,-0.06,-0.54,-0.03,-0.3,3.41,1.3,2.06,1.26,0.34,0.99,0.39,1.49,2.26,0.18,-0.19,0.93,0.62,1.38,-0.07,0.45,1.46,-1.27,1.09,0.87,0.04,0.61,-0.88,2.05,-0.51,-0.35,-0.33,-0.45,-1.14,-0.59,-1.47
138,97053466,11/3/2025,9:43:47,,,-1.43,0.16,-0.13,-1.39,0.37,1.11,0.24,1.41,0.54,0.03,-0.47,-0.12,-0.22,2.92,1.11,1.76,1.41,0.46,0.81,0.49,1.2,2.09,0.02,0.04,0.24,0.4,1.25,-0.2,0.65,1.44,-1.24,0.9,1.18,0.11,0.4,-0.89,1.91,-0.45,-0.51,-0.34,-0.43,-1.02,-0.6,-1.37
139,97037295,11/3/2025,9:44:32,,,-1.25,0.25,0.1,-1.35,0.82,1.62,0.37,2.01,0.75,0.38,0.61,-0.07,-0.17,3.38,0.72,1.9,1.39,0.61,0.12,0.5,1.33,2.09,-0.27,-0.23,0.24,0.16,1.47,0.14,0.63,1.39,-1.54,0.42,1.17,-1.03,0.79,-1.21,2.18,-0.91,-0.2,-0.58,-0.19,-1.19,-0.27,-1.84
140,97053458,11/3/2025,9:45:16,,,-1.38,0.22,-0.38,-1.64,0.14,0.99,0.32,1.4,0.49,-0.08,-0.48,-0.08,-0.25,3.2,1.08,2.03,1.29,0.38,0.65,0.61,1.3,2.0,-0.06,-0.02,0.75,0.49,1.45,-0.01,0.54,1.39,-1.52,0.71, ,0.01,0.6,-1.13,2.0,-0.75,-0.35,-0.51,-0.44,-1.18,-0.67,-1.56
141,97053441,11/3/2025,9:46:01,,,-1.17,0.52,-0.61,-2.05,-0.15,0.15,0.39,1.54,0.21,-0.46,-0.45,0.08,-0.48,3.7,1.37,2.54,1.61,0.28,1.02,0.72,1.75,2.29,0.06,-0.13,2.01,0.24,1.44,0.1,0.72,1.38,-1.55,1.06, ,-0.07,0.59,-0.98,1.8,-0.61,-0.35,-0.4,-0.42,-1.05,-0.65,-1.55
142,97053433,11/3/2025,10:03:49,,,-1.32,0.42,0.05,-1.33,0.49,1.09,0.3,1.62,0.71,0.37,0.31,0.05,-0.33,3.06,0.84,2.05,1.36,0.39,0.65,0.38,1.3,2.1,0.22,-0.18,0.6,0.42,1.35,-0.02,0.46,1.51,-1.37,1.08, ,0.17,0.6,-1.04,1.95,-0.68,-0.35,-0.45,-0.21,-1.26,-0.47,-1.65
143,97053599,11/3/2025,10:05:51,,,-1.3,0.38,-0.55,-2.18,-0.03,0.83,0.51,1.41,0.53,-0.23,-0.55,0.12,-0.26,3.82,1.35,2.34,1.21,0.43,0.72,0.87,1.72,2.49,0.37,0.0,1.76,0.14,1.2,-0.06,0.56,1.56,-1.19,1.14, ,-0.01,0.72,-0.9,2.02,-0.65,-0.26,-0.34,-0.41,-1.24,-0.54,-1.75
144,97053581,11/3/2025,10:06:39,,,-1.38,0.31,-0.46,-1.77,-0.15,0.54,0.46,2.05,0.46,-0.11,-0.16,0.0,-0.34,3.38,1.02,2.35,1.43,0.43,0.38,0.57,1.5,2.17,0.32,-0.06,1.01,0.47,1.41,0.03,0.52,1.6,-0.95,1.02, ,-0.45,0.65,-0.9,2.17,-0.57,-0.31,-0.35,-0.28,-1.49,-0.29,-1.84
145,97053573,11/3/2025,10:07:46,,,-1.35,0.22,-0.78,-2.07,0.05,1.0,0.43,1.58,0.51,-0.28,-0.67,-0.03,-0.33,3.12,1.39,2.43,1.59,0.24,0.27,0.55,1.56,2.32,0.2,-0.04,1.42,0.31,1.32,0.0,0.85,1.59,-1.18,1.19,0.89,-0.51,0.82,-0.89,2.18,-0.55,-0.18,-0.34,-0.3,-1.14,-0.43,-1.77
146,97069140,11/3/2025,10:08:34,,,-1.22,0.46,-0.31,-1.35,0.28,1.29,0.35,1.82,0.86,0.33,0.22,-0.05,-0.2,2.7,0.57,1.72,0.99,0.21,0.6,0.24,1.03,1.88,0.25,0.08,0.43,0.22,1.43,-0.06,0.57,1.62,-1.1,1.21,0.91,-0.58,0.51,-1.12,1.83,-0.78,-0.42,-0.51,-0.45,-1.39,-0.59,-1.83
147,97053565,11/3/2025,10:09:22,,,-1.23,0.5,-0.5,-1.68,-0.14,1.0,0.39,1.68,0.41,-0.16,-0.24,0.05,-0.4,3.09,1.12,2.21,1.62,0.33,0.46,0.6,1.45,2.31,0.15,-0.23,1.03,0.63,1.47,0.12,0.84,1.69,-0.92,0.84, ,-0.22,0.39,-0.89,1.62,-0.56,-0.51,-0.34,-0.3,-1.22,-0.76,-1.78
148,97047484,11/3/2025,10:10:12,,,-1.36,0.39,-0.49,-1.64,0.19,1.17,0.41,1.81,0.65,0.04,0.29,0.08,-0.32,2.84,1.04,2.0,1.31,0.24,0.37,0.6,1.4,2.1,0.54,0.32,0.93,0.12,1.42,0.06,0.59,1.58,-1.09,0.97,1.28,-0.49,0.65,-1.04,2.13,-0.75,-0.3,-0.45,-0.39,-1.02,-0.31,-1.77
149,97053557,11/3/2025,10:11:00,,,-1.46,0.55,-0.06,-1.32,0.56,1.05,0.33,1.93,0.66,0.33,0.42,0.04,-0.46,2.92,0.77,1.93,1.19,0.35,0.7,0.17,1.03,1.86,0.0,-0.23,0.46,0.39,1.6,0.27,0.47,1.43,-1.34,0.93, ,-0.15,0.64,-1.01,2.11,-0.57,-0.3,-0.43,-0.17,-1.08,-0.31,-1.51
150,97053540,11/3/2025,10:11:49,,,-1.44,0.35,0.15,-1.63,0.52,1.18,0.28,1.66,0.25,-0.13,-0.35,0.07,-0.41,2.81,1.0,1.92,1.25,0.35,0.86,0.48,1.44,2.16,0.09,-0.2,0.85,0.26,1.34,0.01,0.85,1.54,-1.24,0.88,1.07,0.04,0.58,-0.98,2.06,-0.54,-0.36,-0.4,-0.24,-1.12,-0.49,-1.57
151,97053532,11/3/2025,10:12:36,,,-1.18,0.54,-0.64,-1.72,0.14,0.52,0.36,1.64,0.3,-0.22,-0.17,0.13,-0.35,3.22,1.1,2.05,1.31,0.39,0.57,0.48,1.31,2.19,0.1,-0.08,1.04,0.37,1.58,0.19,0.47,1.37,-1.25,0.79,2.7,-0.41,0.58,-0.88,1.85,-0.81,-0.35,-0.32,-0.11,-1.12,-0.51,-1.91
152,97053524,11/3/2025,10:17:38,,,-1.19,0.59,-0.44,-1.6,0.41,1.04,0.36,1.8,0.49,-0.03,-0.05,0.14,-0.49,2.94,1.0,1.97,1.39,0.41,0.5,0.52,1.44,2.09,0.09,0.01,1.01,0.26,1.59,0.35,0.51,1.46,-1.25,1.0, ,-0.48,0.61,-1.0,1.94,-0.7,-0.33,-0.42,-0.01,-1.0,-0.29,-1.81
153,97053425,11/3/2025,10:23:03,,,-1.36,0.65,-0.51,-1.45,0.29,0.65,0.41,1.48,0.44,-0.05,0.11,0.13,-0.57,3.07,0.92,2.18,1.44,0.3,0.88,0.55,1.35,2.0,0.24,-0.18,0.93,0.3,1.67,0.19,0.48,1.63,-0.58,0.89,1.08,0.08,0.39,-0.65,1.75,-0.36,-0.51,-0.15,-0.23,-1.05,-0.44,-1.54
154,97053417,11/3/2025,10:29:29,,,-1.32,0.48,-0.19,-1.5,0.51,1.41,0.32,1.8,0.44,0.16,0.26,0.17,-0.38,3.1,0.83,2.04,1.61,0.49,0.65,0.42,1.19,1.84,0.39,-0.09,0.69,0.28,1.51,0.06,0.15,1.37,-1.32,0.81, ,-0.07,0.43,-0.98,1.84,-0.8,-0.48,-0.4,-0.07,-0.72,-0.54,-1.73
155,97053409,11/3/2025,10:30:16,,,-1.35,0.49,-0.58,-1.48,0.43,0.68,0.42,1.55,0.47,0.07,0.07,0.07,-0.36,3.16,1.03,2.23,1.27,0.35,0.7,0.55,1.4,2.04,0.27,-0.02,1.24,0.33,1.75,0.37,0.52,1.57,-1.23,1.17, ,0.23,0.57,-0.74,1.86,-0.4,-0.37,-0.22,-0.2,-0.98,-0.69,-1.42
156,97053391,11/3/2025,10:31:06,,,-1.73,0.43,-0.35,-1.6,0.61,1.17,0.43,1.72,0.84,0.23,0.2,0.14,-0.34,3.02,1.12,2.09,1.32,0.46,0.57,0.38,1.14,1.89,0.29,-0.04,1.0,0.26,1.6,0.09,0.26,1.33,-1.51,0.98, ,-0.17,0.43,-1.01,2.19,-0.75,-0.49,-0.43,-0.31,-1.12,-0.26,-1.7
157,97053383,11/3/2025,10:31:54,,,-1.4,0.45,-0.2,-1.43,0.75,1.26,0.27,1.91,0.81,0.33,0.38,0.09,-0.35,2.73,0.8,1.75,1.12,0.4,0.8,0.69,1.37,1.99,0.42,-0.01,0.52,0.17,1.68,0.11,0.41,1.55,-1.22,1.03, ,-0.23,0.58,-0.74,2.11,-0.4,-0.37,-0.22,-0.38,-0.93,-0.63,-1.36
158,97047476,11/3/2025,10:59:14,,,-1.29,0.52,-0.16,-1.54,0.6,0.86,0.4,1.79,0.41,-0.04,0.19,-0.07,-0.24,3.02,0.9,2.12,1.51,0.45,0.53,0.93,1.52,2.07,0.24,-0.15,0.77,0.29,1.8,0.3,0.32,1.49,-1.17,0.92,1.3,-0.21,0.54,-0.95,1.74,-0.59,-0.39,-0.38,-0.54,-1.1,-0.82,-1.7
159,97053375,11/3/2025,11:00:13,,,-1.09,0.46,-0.67,-2.05,0.32,0.6,0.46,1.65,0.56,-0.14,-0.18,0.07,-0.38,3.26,1.32,2.27,1.4,0.3,0.53,0.63,1.51,2.22,0.19,0.03,1.36,0.14,1.49,0.36,0.61,1.66,-1.04,1.35,1.13,-0.31,0.72,-1.05,1.71,-0.66,-0.25,-0.46,-0.34,-1.3,-0.78,-1.77
160,97053367,11/3/2025,11:02:36,,,-1.11,0.42,0.14,-1.14,1.06,0.88,0.36,1.9,0.8,0.37,0.63,0.06,-0.02,2.81,0.46,1.6,1.18,0.52,0.32,0.37,1.1,1.75,0.19,-0.02,0.11,0.3,1.73,0.28,0.58,1.62,-1.29,0.94,1.04,-0.68,0.87,-1.4,2.06,-1.2,-0.14,-0.72,-0.28,-1.45,-0.5,-2.03
161,97057558,11/3/2025,11:03:24,,,-1.19,0.5,-0.57,-1.56,0.29,0.37,0.4,1.43,0.38,0.06,0.22,0.01,-0.12,3.33,0.8,1.78,1.2,0.34,0.79,0.61,1.55,2.23,0.39,0.13,0.67,0.26,1.62,0.27,0.39,1.44,-1.11,1.04, ,-0.15,0.4,-0.72,1.49,-0.33,-0.51,-0.21,-0.49,-1.15,-0.87,-1.3
162,97053359,11/3/2025,11:09:43,,,-1.18,0.39,-0.67,-1.77,0.3,0.44,0.39,1.48,0.43,-0.2,0.02,0.13,-0.15,3.44,1.24,2.27,1.53,0.32,0.84,0.93,1.77,2.68,0.08,0.19,0.93,0.07,1.48,0.16,0.65,1.84,-1.19,0.92, ,0.55,0.34,-0.99,1.43,-0.6,-0.57,-0.42,-0.51,-1.23,-1.04,-1.44
163,97057756,11/3/2025,11:10:31,,,-1.17,0.21,-1.09,-2.36,-0.06,0.39,0.48,1.35,0.11,-0.53,-0.9,0.17,-0.34,3.95,1.65,2.68,1.72,0.12,0.87,1.1,2.25,2.88,0.28,0.01,1.8,0.16,1.26,0.12,0.54,1.53,-1.14,1.08, ,-0.03,0.72,-0.76,1.92,-0.37,-0.27,-0.24,-0.29,-0.98,-0.78,-1.33
164,97057749,11/3/2025,11:11:19,,,-1.42,0.12,-0.14,-1.42,0.63,1.07,0.36,1.74,0.8,0.18,-0.31,-0.02,-0.24,2.82,0.82,1.78,1.07,0.32,0.18,0.53,1.3,1.91,0.09,-0.34,0.71,0.38,1.4,0.0,0.56,1.43,-1.29,1.43,1.09,-0.43,0.82,-1.2,2.47,-0.89,-0.18,-0.58,-0.37,-1.2,-0.21,-1.78
165,97057731,11/3/2025,11:12:08,,,-1.32,0.21,-0.76,-1.85,0.02,0.74,0.44,1.24,0.36,-0.3,-0.65,0.09,-0.38,3.68,1.4,2.36,1.43,0.11,1.2,1.03,2.06,2.8,0.18,-0.15,1.28,0.23,1.18,-0.03,0.7,1.56,-0.86,1.18, ,0.38,0.43,-0.58,1.72,-0.15,-0.49,-0.1,-0.49,-1.09,-0.8,-1.26
166,97057723,11/3/2025,11:12:56,,,-1.41,0.27,-0.25,-1.74,0.38,0.89,0.4,1.51,0.23,-0.15,-0.14,-0.01,-0.26,3.09,1.19,2.14,1.49,0.37,0.79,0.62,1.53,2.29,0.02,-0.2,0.98,0.2,1.37,-0.09,0.61,1.45,-1.37,0.9,1.1,-0.11,0.43,-0.96,1.92,-0.57,-0.48,-0.4,-0.43,-1.16,-0.48,-1.55
167,97057715,11/3/2025,11:13:45,,,-1.27,0.15,-0.39,-1.74,0.53,1.39,0.39,1.57,0.38,-0.12,-0.36,-0.1,-0.41,3.24,0.98,1.64,1.08,0.36,0.7,0.78,1.78,2.33,0.21,-0.14,0.9,0.22,1.32,0.02,0.57,1.49,-0.92,0.96, ,-0.31,0.5,-0.9,1.89,-0.56,-0.42,-0.35,-0.46,-1.18,-0.72,-1.65
168,97057707,11/3/2025,11:14:35,,,-1.34,0.09,-0.15,-1.73,0.5,1.27,0.34,1.62,0.55,0.09,-0.12,0.02,-0.5,2.82,1.15,1.8,1.04,0.32,0.69,0.46,1.51,2.37,0.46,0.09,0.96,0.17,1.54,0.09,0.64,1.64,-1.17,1.35,0.72,-0.43,0.61,-0.87,2.14,-0.48,-0.33,-0.33,-0.47,-1.05,-0.59,-1.63
169,97057699,11/3/2025,11:15:23,,,-1.4,0.21,-0.24,-1.77,0.53,1.53,0.37,1.42,0.51,-0.04,-0.31,-0.14,-0.3,2.89,0.81,1.82,1.26,0.5,0.59,0.53,1.5,2.15,0.07,-0.3,1.82,0.14,1.25,-0.06,0.46,1.56,-1.1,1.13,0.6,-0.06,0.41,-0.84,1.89,-0.37,-0.47,-0.31,-0.54,-1.25,-0.78,-1.46
170,97057681,11/3/2025,11:16:11,,,-1.26,0.3,0.09,-1.39,0.58,1.1,0.26,1.82,0.64,0.25,0.4,0.07,-0.36,2.52,0.64,1.45,0.96,0.34,0.39,0.48,1.32,1.94,0.4,0.0,0.39,0.41,1.55,0.16,0.64,1.35,-1.16,1.12, ,-0.63,0.67,-0.83,2.15,-0.62,-0.27,-0.31,-0.28,-0.92,-0.52,-1.64
171,97057673,11/3/2025,11:17:00,,,-1.27,0.24,-0.36,-1.57,0.23,1.36,0.25,1.28,0.56,0.01,-0.45,0.08,-0.55,2.76,0.83,1.63,1.33,0.32,1.25,0.54,1.28,1.99,0.1,-0.18,0.78,0.29,1.28,-0.11,0.78,1.59,-1.06,1.1, ,0.23,0.23,-0.79,1.61,-0.4,-0.62,-0.28,-0.53,-1.2,-0.91,-1.4
172,97075832,11/3/2025,11:21:09,,,-1.36,0.35,0.43,-1.17,0.95,1.27,0.36,1.74,0.86,0.28,-0.13,0.04,-0.43,2.66,0.52,1.56,1.09,0.48,0.47,0.25,1.11,1.69,0.45,-0.03,0.38,0.43,1.59,0.28,0.45,1.36,-1.2,1.15,1.05,-0.4,0.6,-0.85,2.01,-0.54,-0.33,-0.32,-0.41,-1.23,-0.64,-1.51
173,97053516,11/3/2025,11:21:54,,,-1.38,0.36,-0.46,-1.6,0.22,0.92,0.33,1.48,0.57,-0.02,-0.53,-0.03,-0.56,2.96,0.93,2.08,1.42,0.4,0.85,0.4,1.38,2.15,0.06,-0.23,0.78,0.43,1.38,-0.14,0.67,1.55,-1.14,0.94,0.9,0.3,0.23,-0.77,1.68,-0.21,-0.61,-0.27,-0.6,-1.14,-0.74,-1.16
174,97052724,11/3/2025,11:22:39,,,-1.32,0.39,-0.45,-1.68,0.28,1.07,0.33,1.39,0.68,0.1,-0.48,0.09,-0.58,2.99,0.89,1.95,1.25,0.34,0.57,0.37,1.33,2.17,0.23,-0.26,0.95,0.46,1.51,-0.02,0.62,1.31,-1.06,1.38, ,0.48,0.3,-0.74,1.73,-0.34,-0.55,-0.24,-0.45,-1.27,-0.79,-1.41
175,97052716,11/3/2025,11:27:25,,,-1.3,0.1,-0.27,-1.59,0.4,1.09,0.34,1.78,0.57,0.06,-0.26,0.16,-0.43,2.85,0.95,1.93,1.48,0.38,0.42,0.63,1.38,2.15,0.4,0.28,0.61,0.21,1.28,-0.03,0.75,1.55,-1.04,1.32,1.05,-0.43,0.66,-0.76,2.12,-0.54,-0.28,-0.25,-0.33,-1.07,-0.49,-1.72
176,97057780,11/3/2025,11:28:09,,,-1.28,0.22,-0.11,-1.65,0.47,1.1,0.42,1.46,0.59,0.0,-0.46,0.09,-0.49,2.77,0.96,1.92,1.07,0.37,0.66,0.68,1.34,2.1,0.47,0.16,0.76,0.34,1.38,-0.17,0.38,1.45,-0.96,1.19, ,-0.06,0.27,-0.87,1.67,-0.54,-0.58,-0.33,-0.58,-1.02,-0.85,-1.63
177,97052708,11/3/2025,11:28:54,,,-1.46,0.28,-0.36,-1.85,0.23,0.99,0.39,1.45,0.33,-0.14,-0.59,0.07,-0.45,3.2,1.21,2.2,1.39,0.47,0.61,0.75,1.47,2.33,0.24,-0.28,1.12,0.42,1.42,-0.09,0.77,1.71,-1.09,1.11,1.2,-0.24,0.57,-0.76,2.06,-0.4,-0.35,-0.24,-0.52,-1.12,-0.48,-1.56
178,97052690,11/3/2025,11:29:39,,,-1.39,0.24,-0.28,-1.53,0.6,0.81,0.43,1.9,0.7,0.09,-0.25,0.06,-0.5,2.72,0.78,1.75,1.48,0.47,0.33,0.46,1.21,1.84,0.32,-0.21,0.65,0.55,1.42,-0.06,0.41,1.5,-0.97,1.0,1.4,-0.27,0.64,-0.87,2.08,-0.55,-0.28,-0.33,-0.38,-1.15,-0.26,-1.72
179,97052682,11/3/2025,11:30:24,,,-1.62,0.42,-0.41,-1.98,0.26,1.32,0.5,1.94,0.96,-0.14,-0.27,0.06,-0.43,3.28,1.16,2.46,1.38,0.33,0.46,0.62,1.56,2.36,0.25,-0.23,1.37,0.32,1.47,-0.43,0.6,1.66,-1.12,0.98, ,-0.18,0.29,-0.94,1.84,-0.55,-0.56,-0.38,-0.49,-1.27,-0.43,-1.6
180,97052674,11/3/2025,11:31:08,,,-1.19,0.41,-0.34,-1.76,0.31,0.76,0.44,1.68,0.44,-0.13,-0.21,0.14,-0.3,3.14,0.98,2.11,1.6,0.37,0.4,0.75,1.52,2.18,0.44,-0.01,0.93,0.3,1.52,-0.01,0.2,1.49,-0.65,1.05, ,-0.5,0.65,-0.74,1.94,-0.44,-0.28,-0.22,-0.4,-1.02,-0.41,-1.62
181,97052666,11/3/2025,11:31:53,,,-1.19,0.4,0.15,-1.3,0.92,1.36,0.42,1.61,0.76,0.29,0.32,0.27,-0.4,2.52,0.58,1.52,1.0,0.55,0.51,0.48,1.22,1.89,0.33,-0.15,0.37,0.37,1.54,-0.12,0.54,1.64,-1.23,1.36, ,-0.04,0.63,-0.95,1.84,-0.74,-0.29,-0.39,-0.23,-1.3,-0.51,-1.78
182,97052658,11/3/2025,11:32:38,,,-1.39,0.25,0.13,-1.26,0.83,1.39,0.3,1.99,0.92,0.5,0.31,0.07,-0.38,2.51,0.76,1.57,0.99,0.48,-0.05,0.47,1.11,2.01,0.16,-0.25,0.39,0.52,1.6,0.23,0.75,1.54,-0.94,1.22,2.12,-0.54,0.93,-1.05,2.36,-0.79,-0.06,-0.46,-0.15,-1.38,-0.21,-1.93
183,97052641,11/3/2025,11:33:23,,,-1.32,0.37,-0.19,-1.51,0.48,1.34,0.37,1.76,0.64,0.23,0.13,0.05,-0.42,2.85,0.96,1.85,1.01,0.43,0.27,0.46,1.34,1.99,0.11,-0.4,0.85,0.4,1.53,0.11,0.54,1.54,-1.27,1.29,1.79,-0.31,0.73,-0.81,2.15,-0.53,-0.22,-0.28,-0.51,-1.34,-0.38,-1.56
184,97069157,11/3/2025,11:34:08,,,-1.2,0.19,0.02,-1.59,0.51,1.55,0.37,1.72,0.3,-0.01,0.25,0.14,-0.26,3.16,1.13,2.08,1.6,0.45,0.25,0.78,1.54,2.42,0.45,0.11,0.68,0.37,1.56,0.17,0.55,1.67,-1.33,1.5, ,-0.41,0.82,-0.88,2.19,-0.69,-0.14,-0.33,-0.22,-1.09,-0.46,-1.69
185,97069165,11/3/2025,11:34:53,,,-1.3,0.32,0.0,-1.54,0.62,1.33,0.4,1.69,0.41,0.08,0.16,-0.02,-0.31,2.96,0.95,1.83,1.08,0.48,0.48,0.65,1.48,2.19,0.26,-0.01,0.75,0.33,1.57,0.11,0.77,1.72,-1.15,1.02, ,-0.4,0.5,-0.75,1.86,-0.45,-0.39,-0.24,-0.32,-1.26,-0.68,-1.59
186,97069173,11/3/2025,11:42:43,,,-1.34,0.34,-0.04,-1.26,0.64,1.01,0.37,1.87,0.39,0.24,0.48,0.15,-0.31,2.74,0.73,1.72,1.49,0.5,0.32,0.54,1.28,2.13,0.49,0.13,0.37,0.31,1.67,0.15,0.45,1.47,-1.26,1.35,1.04,-0.4,0.71,-0.74,2.23,-0.68,-0.23,-0.23,-0.35,-1.07,-0.23,-1.79
187,97069181,11/3/2025,11:45:36,,,-1.34,0.35,-0.17,-1.45,0.42,1.18,0.26,1.71,1.03,0.44,-0.34,0.16,-0.4,2.84,0.82,1.87,1.12,0.33,0.46,0.5,1.27,2.18,0.33,0.1,0.7,0.38,1.5,0.21,0.55,1.32,-1.29,1.27, ,-0.1,0.71,-0.67,2.17,-0.44,-0.21,-0.17,-0.3,-1.03,-0.29,-1.44
188,97052997,11/3/2025,11:47:09,,,-1.26,0.19,-0.65,-1.91,-0.09,0.63,0.32,1.5,0.47,-0.11,-0.57,0.01,-0.18,3.28,1.07,2.39,1.74,0.57,0.31,0.9,1.5,2.15,0.31,0.21,1.19,0.34,1.36,0.09,0.62,1.43,-1.31,1.3, ,-0.28,0.57,-0.79,2.03,-0.64,-0.32,-0.26,-0.42,-1.17,-0.5,-1.73
189,97052989,11/3/2025,11:47:53,,,-1.29,0.15,-0.26,-1.6,0.21,0.82,0.27,2.08,0.53,0.07,-0.03,0.08,-0.25,3.28,0.94,1.98,1.53,0.39,0.23,0.7,1.39,1.92,0.35,0.15,0.76,0.38,1.67,0.27,0.33,1.42,-1.35,1.17, ,-0.47,0.63,-0.77,2.33,-0.77,-0.28,-0.24,-0.46,-0.79,-0.29,-1.63
190,97052971,11/3/2025,11:48:38,,,-1.31,0.3,-0.21,-1.52,0.4,1.1,0.35,1.6,0.7,0.11,-0.35,0.06,-0.28,2.85,0.75,1.71,1.36,0.42,0.47,0.57,1.32,2.02,0.22,-0.27,0.6,0.43,1.34,0.11,0.48,1.56,-1.23,1.29,1.17,-0.09,0.52,-0.83,1.94,-0.45,-0.37,-0.29,-0.18,-0.97,-0.41,-1.4
191,97052963,11/3/2025,11:49:23,,,-1.14,0.36,-0.14,-1.54,0.5,1.28,0.33,1.97,0.74,0.13,-0.31,0.12,-0.1,2.77,0.89,1.6,1.02,0.47,0.31,0.73,1.35,1.93,0.39,0.03,0.8,0.37,1.48,0.31,0.22,1.57,-1.13,1.37, ,-0.53,0.9,-0.96,2.3,-0.87,-0.07,-0.39,0.02,-0.8,-0.22,-1.62
192,97052955,11/3/2025,11:50:11,,,-1.27,0.22,-0.25,-1.51,0.43,1.22,0.28,1.62,0.76,0.14,-0.35,0.11,-0.14,2.99,0.73,1.82,1.25,0.34,0.35,0.6,1.4,2.05,0.22,-0.13,0.65,0.59,1.48,0.16,0.85,1.49,-1.1,1.14, ,-0.18,0.66,-0.95,2.17,-0.81,-0.27,-0.38,-0.45,-1.07,-0.5,-1.64
193,97052948,11/3/2025,11:51:03,,,-1.34,0.28,0.07,-1.58,0.82,1.01,0.25,1.58,0.51,0.01,-0.36,0.01,-0.06,2.69,0.76,1.6,1.21,0.38,0.85,0.54,1.39,2.11,0.15,-0.12,0.66,0.41,1.44,0.0,0.83,1.57,-1.19,1.03,1.13,-0.36,0.52,-1.05,2.1,-0.75,-0.37,-0.46,-0.57,-1.02,-0.45,-1.58
194,97052930,11/3/2025,11:51:48,,,-1.15,0.51,-0.68,-1.68,0.1,0.57,0.3,1.3,0.11,-0.18,-0.05,0.03,-0.31,3.26,0.98,1.94,1.12,0.39,0.8,0.81,1.77,2.46,0.21,-0.02,0.88,0.26,1.47,0.01,0.69,1.49,-1.11,1.08, ,-0.13,0.2,-0.73,1.48,-0.37,-0.63,-0.21,-0.68,-1.0,-0.98,-1.37
195,97052922,11/3/2025,11:52:32,,,-1.33,0.66,-0.49,-1.7,-0.17,0.59,0.41,1.93,0.54,0.09,0.24,-0.02,-0.35,3.47,0.89,2.36,1.6,0.36,0.41,0.62,1.37,2.04,-0.11,-0.36,1.78,0.51,1.44,0.21,0.41,1.36,-1.22,0.75,1.22,0.03,0.47,-0.92,1.77,-0.52,-0.42,-0.35,-0.43,-0.88,-0.69,-1.5
196,97052559,11/3/2025,11:53:17,,,-1.23,0.5,-0.18,-1.48,0.41,1.13,0.28,1.56,0.44,0.13,0.05,0.07,-0.33,3.21,0.92,1.83,1.22,0.32,0.86,0.78,1.7,2.46,0.3,0.0,0.58,0.35,1.4,0.19,0.81,1.51,-1.08,1.1,1.02,-0.05,0.46,-0.89,1.84,-0.57,-0.42,-0.32,-0.42,-1.02,-0.66,-1.61
197,97052914,11/3/2025,11:54:02,,,-1.17,0.39,-0.3,-1.58,0.17,0.86,0.28,1.62,0.38,0.09,0.12,0.09,-0.2,3.34,1.01,2.09,1.48,0.44,0.61,0.9,1.75,2.51,0.38,0.08,0.69,0.28,1.37,0.08,0.65,1.54,-1.27,1.08,1.1,-0.18,0.43,-0.92,1.8,-0.62,-0.45,-0.34,-0.46,-1.12,-0.76,-1.69
198,97047435,11/3/2025,11:54:46,,,-1.2,0.36,-0.31,-1.54,0.4,1.05,0.27,1.72,0.58,0.21,0.07,0.09,-0.5,3.54,0.99,1.98,1.14,0.52,0.56,0.33,1.38,2.1,0.01,-0.14,0.69,0.29,1.32,0.03,0.34,1.1,-1.56,1.0, ,-0.22,0.6,-0.89,1.96,-0.63,-0.31,-0.32,-0.29,-0.66,-0.41,-1.46
199,97052633,11/3/2025,11:55:48,,,-1.41,0.5,-0.43,-1.58,0.16,0.52,0.37,1.73,0.46,0.11,0.21,0.1,-0.36,3.26,0.99,2.21,1.59,0.24,0.54,0.74,1.61,2.39,0.28,-0.02,0.75,0.26,1.24,0.08,0.72,1.54,-1.21,1.33,1.36,-0.27,0.6,-1.01,1.98,-0.71,-0.32,-0.41,-0.39,-1.06,-0.59,-1.69
200,97052591,11/3/2025,11:56:33,,,-1.05,1.0,-0.41,-1.59,0.12,0.9,0.52,1.16,0.61,0.16,0.21,0.18,-0.34,3.3,1.06,2.09,1.41,0.28,1.04,0.47,1.47,2.42,0.5,0.35,0.6,0.36,1.85,0.13,0.44,1.51,-1.42,1.12, ,0.12,0.22,-0.98,1.03,-0.59,-0.6,-0.39,-0.38,-0.91,-1.21,-1.46
201,97052617,11/3/2025,11:57:17,,,-1.49,0.37,-0.23,-1.76,0.23,1.26,0.27,2.1,0.25,0.01,0.23,0.03,-0.03,3.12,1.13,1.88,1.29,0.4,0.39,1.01,1.81,2.38,0.25,0.0,1.54,0.07,1.29,0.15,0.67,1.64,-1.33,1.21,1.07,-0.56,0.69,-1.01,2.29,-0.73,-0.24,-0.41,-0.37,-1.02,-0.22,-1.62
202,97052575,11/3/2025,11:58:02,,,-1.34,0.15,0.01,-1.54,0.37,0.96,0.34,1.54,0.67,0.09,-0.4,0.03,-0.1,2.89,0.72,2.09,1.46,0.46,0.66,0.63,1.28,2.04,0.3,-0.06,0.7,0.51,1.34,-0.07,0.51,1.42,-1.52,0.86, ,0.02,0.66,-1.2,2.2,-0.88,-0.26,-0.55,-0.42,-1.27,-0.36,-1.51
203,97052609,11/3/2025,11:58:46,,,-1.31,0.14,-0.39,-1.76,0.39,0.75,0.32,1.71,0.46,-0.06,-0.33,0.05,-0.27,3.37,1.06,1.9,1.35,0.26,0.86,0.66,1.71,2.45,0.46,0.03,0.84,0.37,1.32,0.2,0.42,1.37,-1.47,1.05,1.17,-0.66,0.75,-0.81,2.2,-0.47,-0.19,-0.25,-0.33,-1.0,-0.46,-1.32
204,97052583,11/3/2025,12:00:19,,,-1.29,0.17,-0.19,-1.57,0.4,1.21,0.25,1.48,0.55,0.01,-0.39,-0.02,-0.12,3.05,0.81,1.88,1.4,0.5,0.55,0.9,1.52,2.15,0.24,0.08,0.74,0.41,1.41,0.04,0.55,1.59,-1.08,1.15,1.43,-0.34,0.8,-0.9,2.31,-0.63,-0.15,-0.32,-0.4,-1.11,-0.38,-1.52
205,97052567,11/3/2025,12:06:14,,,-1.29,0.3,0.1,-1.47,0.66,1.03,0.21,2.1,0.7,0.2,-0.15,0.05,-0.22,2.98,0.69,1.77,1.16,0.56,0.31,0.53,1.28,1.88,0.46,0.12,0.63,0.36,1.23,0.11,0.38,1.46,-1.11,1.09,1.02,-0.6,1.06,-0.94,2.52,-0.68,0.05,-0.35,-0.27,-1.1,-0.1,-1.64
206,97052625,11/3/2025,12:06:59,,,-1.25,0.25,-0.29,-1.78,0.35,1.05,0.35,1.43,0.47,-0.18,-0.58,0.06,-0.39,3.44,1.28,2.11,1.63,0.32,0.68,0.58,1.66,2.5,0.49,0.06,0.99,0.33,1.27,-0.01,0.41,1.48,-1.27,1.22, ,0.11,0.55,-0.94,2.02,-0.49,-0.34,-0.35,-0.49,-1.08,-0.54,-1.43
207,97056881,11/3/2025,12:07:44,,,-1.35,0.37,0.19,-1.25,0.61,1.21,0.17,1.27,0.91,0.5,0.53,0.05,-0.2,3.18,0.78,1.83,1.29,0.49,0.33,0.77,1.55,2.0,0.31,-0.15,0.58,0.39,1.2,1.58,0.43,1.48,-1.17,1.16,1.06,-0.68,0.94,-1.12,2.57,-0.87,-0.04,-0.49,-0.28,-1.31,-0.3,-1.76
208,97056881,11/3/2025,12:17:18,,,-1.36,0.38,0.21,-1.23,0.62,1.2,0.18,1.28,0.91,0.5,0.54,0.04,-0.2,3.17,0.79,1.83,1.27,0.49,0.33,0.77,1.54,2.04,0.32,-0.15,0.59,0.38,1.2,1.48,0.43,1.46,-1.13,1.09,1.09,-0.65,0.96,-1.12,2.59,-0.86,-0.02,-0.49,-0.28,-1.33,-0.29,-1.74
209,97056873,11/3/2025,12:18:02,,,-1.36,0.44,-0.43,-1.66,-0.02,0.89,0.3,1.66,0.43,-0.07,0.01,0.1,-0.26,2.74,1.01,1.99,1.51,0.33,0.35,0.74,1.45,2.17,0.21,-0.13,0.91,0.38,1.41,0.08,0.67,1.59,-1.23,1.25, ,0.08,0.51,-0.94,1.98,-0.59,-0.38,-0.36,-0.39,-1.12,-0.42,-1.68
210,97056865,11/3/2025,12:18:48,,,-1.23,0.43,-0.6,-1.95,-0.41,0.85,0.32,2.11,0.44,0.09,0.42,0.06,-0.17,3.22,1.25,2.09,1.34,0.4,0.45,1.29,1.88,2.4,0.14,-0.04,1.27,0.13,1.15,0.37,0.74,1.71,-1.26,0.92,1.03,-0.62,0.79,-1.08,2.31,-0.86,-0.16,-0.46,-0.42,-1.23,-0.39,-1.93
211,97056857,11/3/2025,12:19:32,,,-1.12,0.61,-0.46,-1.73,-0.17,0.57,0.36,1.69,0.48,0.08,0.43,0.02,-0.2,2.8,1.12,1.9,1.45,0.27,0.33,0.91,1.69,2.23,0.34,-0.04,1.2,0.28,1.49,0.3,0.83,1.68,-1.26,1.22, ,-0.23,0.51,-1.01,1.6,-0.73,-0.37,-0.41,-0.43,-1.22,-0.84,-1.87
212,97056840,11/3/2025,12:20:17,,,-1.59,0.5,-0.5,-1.66,0.28,0.84,0.36,1.76,0.58,-0.06,-0.31,0.05,-0.4,3.14,0.92,1.92,1.14,0.34,0.66,0.82,1.37,2.16,0.11,-0.33,0.78,0.52,1.32,0.21,0.62,1.54,-1.25,0.94,0.58,-0.39,0.53,-0.86,2.16,-0.56,-0.36,-0.3,-0.61,-1.19,-0.42,-1.67
213,97056832,11/3/2025,12:21:02,,,-1.19,0.61,-0.72,-1.92,-0.09,0.88,0.3,1.63,0.49,-0.04,-0.22,-0.01,-0.24,2.93,0.95,2.12,1.58,0.2,0.41,0.71,1.38,1.93,-0.09,-0.21,1.9,0.42,1.4,0.29,0.67,1.35,-1.55,0.93,1.25,-0.32,0.71,-0.99,1.93,-0.69,-0.22,-0.4,-0.38,-0.79,-0.74,-1.62
214,97056824,11/3/2025,12:21:47,,,-1.15,0.42,-0.7,-1.81,-0.22,0.44,0.34,1.77,0.59,-0.01,0.3,0.11,-0.25,3.51,1.01,2.33,1.53,0.42,0.41,0.6,1.42,2.1,0.3,0.03,1.07,0.33,1.47,0.33,0.48,1.41,-1.5,1.25,1.03,-0.48,0.67,-1.08,1.86,-0.85,-0.25,-0.46,-0.33,-1.24,-0.61,-1.78
215,97056816,11/3/2025,12:22:31,,,-1.09,0.45,-0.86,-1.96,-0.22,0.84,0.37,1.53,0.55,0.05,0.08,0.23,-0.15,3.07,1.34,2.19,1.47,0.4,0.69,0.93,1.68,2.57,0.24,0.04,1.27,0.13,1.19,0.08,0.67,1.76,-1.22,0.98, ,-0.3,0.55,-0.95,1.67,-0.77,-0.34,-0.36,-0.32,-1.13,-0.71,-1.79
216,97056808,11/3/2025,12:23:16,,,-1.28,0.49,-0.78,-1.93,-0.14,0.76,0.4,1.62,0.82,0.04,0.07,0.05,-0.53,3.31,1.4,2.63,1.45,0.24,0.79,0.77,1.84,2.62,0.28,-0.05,1.48,0.41,1.23,0.23,0.91,1.69,-1.14,1.26,1.26,0.07,0.55,-0.66,1.94,-0.11,-0.35,-0.14,-0.45,-1.07,-0.54,-1.2
217,97052542,11/3/2025,12:27:30,,,-1.2,0.3,-0.38,-1.96,0.1,1.01,0.35,1.44,0.59,-0.28,-0.33,0.03,-0.25,3.01,1.14,2.2,1.65,0.34,0.52,0.97,1.59,2.15,0.18,0.19,1.21,0.28,1.2,0.05,0.71,1.52,-1.21,0.96,1.23,0.46,0.54,-0.76,1.81,-0.3,-0.35,-0.21,-0.46,-1.03,-0.65,-1.28
218,97056956,11/3/2025,12:28:15,,,-1.35,0.24,-0.46,-1.91,-0.01,0.6,0.43,1.86,0.28,-0.27,-0.13,0.02,-0.33,3.16,1.19,2.08,1.37,0.21,0.32,0.77,1.62,1.93,0.07,-0.12,1.2,0.26,1.36,0.23,0.74,1.4,-1.52,1.02,1.11,-0.27,0.63,-1.11,2.09,-0.8,-0.28,-0.49,-0.38,-1.25,-0.35,-1.72
219,97056972,11/3/2025,12:28:59,,,-1.24,0.4,-0.73,-1.81,-0.4,0.56,0.36,1.87,0.43,0.07,0.35,0.16,-0.3,3.1,1.29,2.27,1.71,0.2,0.52,0.97,1.63,2.11,0.08,0.02,1.22,0.25,1.24,0.26,0.72,1.48,-1.32,1.08, ,-0.24,0.63,-0.99,1.92,-0.69,-0.28,-0.39,-0.37,-1.19,-0.54,-1.62
220,97056931,11/3/2025,12:29:44,,,-1.23,0.41,-0.69,-1.76,0.08,1.0,0.37,1.71,0.42,0.04,0.03,0.03,-0.26,3.33,1.19,2.03,1.33,0.25,0.66,0.86,1.75,2.49,0.19,-0.04,1.07,0.04,1.33,0.33,0.58,1.74,-1.32,1.02, ,-0.26,0.66,-0.8,1.89,-0.43,-0.26,-0.25,-0.46,-1.29,-0.74,-1.36
221,97056964,11/3/2025,12:42:07,,,-1.08,0.43,-0.14,-1.49,0.11,0.92,0.38,2.01,0.51,0.22,0.46,0.06,-0.26,2.78,0.75,1.82,1.27,0.28,-0.07,0.7,1.32,1.8,0.17,0.3,0.61,0.36,1.43,0.35,0.32,1.32,-1.39,1.16,1.12,-0.8,0.69,-1.1,1.95,-0.86,-0.24,-0.47,-0.39,-1.21,-0.55,-1.94
222,97056923,11/3/2025,12:43:06,,,-1.17,0.46,-0.37,-1.69,0.12,0.92,0.37,1.86,0.46,0.06,0.01,0.06,-0.21,3.07,0.97,1.92,1.39,0.14,0.21,0.79,1.61,1.98,0.13,-0.05,0.97,0.39,1.24,0.08,0.45,1.37,-1.22,0.9, ,-0.53,0.75,-1.02,2.13,-0.68,-0.19,-0.42,-0.28,-1.36,-0.29,-1.86
223,97056949,11/3/2025,12:43:51,,,-1.24,0.43,-0.64,-1.79,0.01,0.91,0.34,1.9,0.39,0.0,0.22,0.02,-0.29,3.3,0.99,2.06,1.48,0.28,-0.02,0.59,1.4,1.9,-0.05,0.0,0.94,0.26,1.52,0.32,0.57,1.34,-1.32,1.08, ,-0.57,0.7,-1.1,1.88,-0.84,-0.23,-0.49,-0.35,-1.16,-0.61,-1.59
224,97056915,11/3/2025,12:44:35,,,-1.24,0.5,-0.41,-1.51,0.18,0.85,0.33,2.0,0.71,0.3,0.33,0.14,-0.3,2.69,0.85,1.84,1.2,0.35,0.07,0.63,1.39,1.81,0.34,0.07,0.73,0.42,1.57,0.4,0.52,1.45,-1.29,1.09,1.13,-0.31,0.98,-1.06,2.23,-0.88,-0.02,-0.45,-0.2,-1.28,-0.4,-1.98
225,97056907,11/3/2025,12:52:25,,,-1.33,0.46,-0.31,-1.33,0.11,0.86,0.34,1.96,0.81,0.58,0.54,0.04,-0.32,2.82,0.79,1.78,1.32,0.46,0.4,0.26,1.24,2.07,0.29,0.03,0.54,0.48,1.21,0.15,0.51,1.52,-1.49,1.02,1.09,-0.04,0.58,-0.98,2.0,-0.65,-0.33,-0.39,-0.38,-0.95,-0.56,-1.53
226,97056899,11/3/2025,12:53:09,,,-1.11,0.32,-0.71,-1.72,-0.15,0.95,0.32,1.94,0.65,0.22,0.28,0.17,-0.05,3.58,1.12,2.63,1.44,0.32,0.27,0.72,1.73,2.44,0.53,0.3,0.98,0.12,1.49,0.32,0.58,1.76,-1.39,1.18,1.15,-0.54,0.61,-1.04,1.93,-0.83,-0.31,-0.43,-0.43,-1.21,-0.67,-1.97
227,97052534,11/3/2025,12:53:54,,,-1.17,0.58,-0.63,-1.44,0.06,0.78,0.32,1.76,0.38,0.17,0.29,0.05,-0.12,3.11,0.79,1.96,1.48,0.56,0.35,0.48,1.27,2.01,0.3,-0.02,0.62,0.24,1.56,0.17,0.52,1.66,-1.41,1.01, ,-0.43,0.29,-1.14,1.54,-0.94,-0.56,-0.51,-0.5,-1.17,-0.83,-1.83
228,97056097,11/3/2025,12:54:39,,,-1.15,0.55,-0.12,-1.28,0.13,1.29,0.24,1.79,0.64,0.5,0.61,0.06,-0.17,3.13,0.61,2.43,1.15,0.5,0.39,0.52,1.33,1.99,0.46,0.09,0.33,0.32,1.39,-0.06,0.22,1.5,-1.52,1.03, ,-0.1,0.07,-0.97,1.42,-0.62,-0.74,-0.37,-0.54,-1.07,-0.85,-1.52
229,97056089,11/3/2025,12:58:36,,,-1.19,0.53,-0.42,-1.34,0.08,1.26,0.25,1.95,0.75,0.49,0.58,0.08,-0.11,2.98,0.67,1.8,1.38,0.55,0.41,0.39,1.2,1.98,0.37,0.28,0.32,0.04,1.48,0.36,0.41,1.61,-1.44,1.02,1.12,-0.24,0.5,-1.07,1.73,-0.83,-0.4,-0.44,-0.41,-1.05,-0.58,-1.82
230,97056071,11/3/2025,12:59:21,,,-1.13,0.33,-0.6,-1.61,-0.01,0.65,0.27,2.06,0.68,0.38,0.52,0.14,-0.16,3.39,0.92,2.08,1.29,0.27,0.21,0.56,1.54,2.21,0.51,0.27,0.7,0.1,1.54,0.21,0.55,1.49,-1.45,1.16,1.12,-0.62,0.71,-1.06,2.15,-0.89,-0.24,-0.44,-0.33,-1.25,-0.36,-1.86
231,97056063,11/3/2025,13:00:06,,,-1.13,0.58,-0.68,-1.76,-0.21,0.68,0.33,1.51,0.48,0.06,-0.03,0.09,-0.17,3.31,1.09,2.14,1.64,0.26,0.48,0.88,1.69,2.38,0.21,-0.07,0.84,0.16,1.31,0.25,0.54,1.66,-1.06,1.06,0.73,-0.55,0.24,-0.79,1.39,-0.55,-0.6,-0.23,-0.5,-1.05,-0.88,-1.68
232,97056055,11/3/2025,13:00:51,,,-1.11,0.49,-0.19,-1.38,0.37,1.22,0.23,1.65,0.7,0.35,0.3,0.06,-0.12,3.2,0.86,1.78,1.04,0.42,0.49,0.49,1.46,2.18,0.38,0.11,0.53,0.33,1.55,0.29,0.33,1.53,-1.21,1.23, ,0.21,0.51,-1.03,1.73,-0.65,-0.39,-0.41,-0.39,-1.16,-0.84,-1.53
233,97056048,11/3/2025,13:01:36,,,-1.11,0.48,-0.53,-1.82,0.05,0.95,0.29,1.98,0.43,-0.01,-0.19,0.07,-0.16,3.18,1.18,2.88,2.06,0.3,0.36,0.7,1.66,2.28,0.25,0.13,1.05,0.27,1.38,0.25,0.55,1.34,-1.25,0.94,0.79,-0.77,0.73,-1.0,1.92,-0.69,-0.22,-0.4,-0.38,-1.15,-0.49,-1.73
234,97056030,11/3/2025,13:02:21,,,-1.22,0.43,-0.52,-1.68,0.19,1.02,0.21,1.76,0.76,0.29,-0.16,0.04,-0.2,3.0,0.97,1.78,1.81,0.39,0.26,0.45,1.35,2.04,0.4,-0.01,0.95,0.27,1.46,0.26,0.72,1.36,-1.43,1.04, ,-0.46,0.64,-1.29,2.06,-0.81,-0.29,-0.62,-0.26,-1.44,-0.43,-1.46
235,97056022,11/3/2025,13:03:06,,,-1.13,0.45,-0.71,-1.71,0.16,0.72,0.35,1.58,0.81,0.27,0.11,0.08,-0.19,3.17,1.2,1.97,2.08,0.3,0.8,0.72,1.7,2.58,0.37,0.25,0.99,0.2,1.44,0.2,0.73,1.53,-1.36,1.0,0.92,-0.07,0.38,-0.88,1.66,-0.46,-0.49,-0.3,-0.4,-0.96,-0.79,-1.49
236,97056014,11/3/2025,13:03:51,,,-1.17,0.44,-0.57,-1.58,-0.13,0.69,0.3,2.14,0.7,0.38,0.53,0.07,-0.21,3.05,1.06,1.88,1.76,0.28,0.08,0.4,1.37,2.05,0.21,0.01,0.89,0.32,1.45,0.5,0.65,1.29,-1.46,0.79,1.2,-0.57,0.9,-1.15,2.24,-0.95,-0.09,-0.51,-0.24,-1.06,-0.36,-1.9
237,97052526,11/3/2025,13:04:35,,,-1.18,0.58,-0.49,-1.61,0.16,0.99,0.24,1.92,0.96,0.46,0.29,0.02,-0.08,2.57,0.79,1.66,1.95,0.44,0.16,0.62,1.27,1.98,0.17,0.15,0.65,0.28,1.4,0.23,0.71,1.44,-1.33,1.39, ,-0.4,0.56,-1.11,1.91,-0.82,-0.35,-0.47,-0.36,-1.16,-0.59,-1.71
238,97056006,11/3/2025,13:05:20,,,-1.36,0.32,-0.52,-1.69,-0.23,0.52,0.34,1.9,0.53,0.19,0.16,0.02,-0.26,3.2,1.23,1.98,1.76,0.25,0.57,0.7,1.78,2.59,0.32,0.07,1.05,0.2,1.35,-0.04,0.52,1.45,-1.28,1.02, ,0.0,0.35,-0.93,1.91,-0.5,-0.52,-0.33,-0.56,-1.3,-0.6,-1.47
239,97055990,11/3/2025,13:06:05,,,-1.23,0.53,-0.79,-1.62,-0.29,0.95,0.45,1.99,0.6,0.26,0.37,0.0,-0.18,2.92,0.99,2.1,1.49,0.43,0.08,0.61,1.3,2.04,0.11,-0.07,0.92,0.26,1.37,0.31,0.7,1.31,-1.25,1.32,1.41,-0.62,0.55,-1.14,1.95,-0.81,-0.36,-0.5,-0.4,-1.42,-0.45,-1.8
240,97055982,11/3/2025,13:17:00,,,-1.22,0.23,-0.59,-1.73,0.15,0.8,0.3,2.35,0.66,0.21,0.07,0.07,-0.14,2.99,0.91,1.88,1.03,0.33,0.16,0.43,1.42,2.09,0.39,0.33,0.78,0.18,1.26,0.13,0.72,1.53,-1.08,1.18,1.32,-0.83,0.79,-0.98,2.33,-0.76,-0.18,-0.38,-0.38,-1.2,-0.19,-1.83
241,97055974,11/3/2025,13:17:45,,,-1.15,0.65,-0.7,-1.73,-0.34,0.85,0.37,1.9,0.66,0.33,0.61,0.1,-0.17,3.25,1.13,2.16,1.22,0.34,0.32,0.36,1.47,2.34,0.2,0.13,1.09,0.23,1.22,0.15,0.39,1.57,-1.48,0.92,1.08,-0.35,0.42,-0.98,1.68,-0.64,-0.47,-0.37,-0.42,-1.24,-0.78,-1.57
242,97055966,11/3/2025,13:18:30,,,-1.4,0.48,-0.69,-1.62,-0.1,0.34,0.36,1.94,0.69,0.3,0.46,0.03,-0.21,3.43,0.97,2.36,1.45,0.32,0.08,0.61,1.57,2.27,0.09,-0.06,0.8,0.29,1.36,0.18,0.2,1.37,-1.45,0.77, ,-0.63,0.51,-1.28,2.02,-0.92,-0.4,-0.61,-0.48,-1.65,-0.41,-1.63
243,97055958,11/3/2025,13:19:14,,,-1.28,0.41,-0.44,-1.54,0.2,0.97,0.3,2.02,0.76,0.33,0.33,-0.01,-0.14,3.21,0.94,2.02,1.11,0.52,0.12,0.38,1.49,2.23,0.25,0.0,0.82,0.35,1.28,0.45,0.36,1.61,-1.29,0.88,1.03,-0.65,0.73,-0.96,2.12,-0.69,-0.23,-0.36,-0.33,-1.14,-0.54,-1.78
244,97047674,11/3/2025,13:19:59,,,-1.25,0.45,0.19,-1.43,0.91,1.02,0.32,1.87,0.88,0.31,0.0,0.13,-0.19,3.12,0.68,1.96,1.28,0.46,0.23,0.56,1.36,2.14,0.21,-0.08,0.51,0.49,1.52,0.21,0.37,1.57,-1.14,1.01, ,-0.64,0.76,-0.93,2.21,-0.78,-0.2,-0.34,-0.36,-1.19,-0.44,-1.79
245,97055891,11/3/2025,13:20:44,,, ,0.44,-0.38,-1.71,0.18,1.28, ,1.55,0.71,0.09,-0.37,-0.02,-0.32,3.37,1.06,2.12,1.16,0.21,0.25,0.43,1.43,2.26,0.0,-0.24,0.96,0.29,1.45,0.23,0.63,1.28,-1.39,1.13, ,-0.32,0.68,-1.11,2.24,-0.64,-0.27,-0.48,-0.39,-1.34,-0.32,-1.55
246,97055883,11/3/2025,13:21:29,,,-1.33,0.42,0.6,-1.16,1.11,1.68,0.2,1.91,0.88,0.39,0.29,-0.05,-0.26,2.83,0.45,1.33,0.96,0.54,0.23,0.43,1.34,2.2,0.42,-0.16,0.08,0.44,1.42,0.23,0.56,1.72,-1.07,1.26,0.92,-0.23,0.61,-0.96,2.13,-0.6,-0.32,-0.37,-0.5,-1.21,-0.5,-1.61
247,97055784,11/3/2025,13:22:14,,,-1.37,0.36,-0.41,-1.93,0.15,1.23,0.27,1.93,0.56,-0.11,-0.41,0.11,-0.19,3.27,1.13,2.14,1.34,0.4,0.29,0.9,1.78,2.64,0.39,0.28,0.91,0.15,1.33,0.1,0.64,1.77,-1.14,1.2, ,0.0,0.56,-0.87,1.95,-0.46,-0.36,-0.3,-0.41,-1.0,-0.62,-1.48
248,97055776,11/3/2025,13:22:59,,,-1.33,0.43,-0.38,-1.78,0.17,1.21,0.32,1.73,1.11,0.13,-0.44,0.11,-0.15,2.94,0.79,1.88,1.35,0.33,0.19,0.8,1.45,2.12,0.38,0.19,0.88,0.21,1.26,0.12,0.56,1.45,-1.19,1.13, ,-0.11,0.78,-1.1,2.07,-0.82,-0.18,-0.47,-0.31,-1.2,-0.51,-1.76
249,97055768,11/3/2025,13:23:44,,,-1.37,0.39,-0.57,-1.74,0.07,1.01,0.3,1.85,0.82,0.14,-0.23,0.06,-0.32,3.49,1.13,2.43,1.26,0.35,0.15,0.83,1.8,2.47,0.46,0.29,0.94,0.37,1.29,0.13,0.47,1.44,-1.41,1.64,1.17,-0.31,0.76,-0.99,2.3,-0.64,-0.2,-0.39,-0.27,-1.12,-0.21,-1.79
250,97055750,11/3/2025,13:25:17,,,-1.37,0.16,-0.52,-1.54,0.33,1.0,0.21,1.85,0.6,0.16,0.06,0.1,-0.19,3.22,0.89,1.99,1.46,0.41,0.29,0.81,1.63,2.2,0.37,0.33,0.7,0.21,1.36,0.14,0.56,1.5,-1.51,1.2,1.19,-0.17,0.65,-1.18,2.18,-0.91,-0.28,-0.53,-0.52,-1.15,-0.49,-1.92
251,97055735,11/3/2025,13:30:48,,,-1.33,0.39,-0.73,-1.86,-0.06,0.85,0.38,1.62,0.47,-0.13,-0.07,0.07,-0.29,3.54,1.18,2.49,1.44,0.22,0.21,0.57,1.71,2.62,0.15,0.07,1.27,0.19,1.57,0.42,0.57,1.65,-1.38,0.96,1.12,-0.42,0.52,-1.05,1.79,-0.65,-0.37,-0.44,-0.39,-1.37,-0.68,-1.51
252,97055727,11/3/2025,13:31:33,,,-1.29,0.38,-0.38,-1.73,0.35,1.25,0.35,1.75,0.77,0.21,-0.07,0.1,-0.28,3.45,1.03,2.01,1.26,0.31,0.19,0.8,1.73,2.3,0.39,0.06,0.91,0.16,1.42,0.28,0.47,1.28,-1.57,1.2, ,-0.05,0.52,-1.2,1.9,-0.87,-0.37,-0.56,-0.51,-1.19,-0.72,-1.94
253,97055719,11/3/2025,13:32:18,,,-1.21,0.44,-0.24,-1.58,0.59,1.27,0.39,1.82,0.91,0.29,0.18,0.09,-0.22,3.08,0.92,1.87,1.29,0.45,0.38,0.46,1.49,2.21,0.46,0.05,0.86,0.2,1.65,0.25,0.59,1.49,-1.58,1.24, ,-0.35,0.51,-1.17,1.82,-0.78,-0.38,-0.53,-0.37,-1.19,-0.59,-1.79
254,97055701,11/3/2025,13:33:03,,,-1.25,0.5,-0.38,-1.62,0.4,0.71,0.34,1.98,0.67,0.05,0.21,0.17,-0.13,3.43,0.99,2.12,1.33,0.4,0.25,0.79,1.72,2.28,0.43,-0.01,1.02,0.25,1.69,0.37,0.59,1.63,-1.33,1.33,1.07,-0.59,0.71,-1.24,2.0,-1.14,-0.23,-0.58,-0.37,-1.23,-0.45,-2.16
255,97052518,11/3/2025,13:33:47,,,-1.38,0.29,-0.19,-1.57,0.57,1.24,0.31,1.86,0.69,0.18,0.19,0.03,-0.14,3.22,1.18,1.87,1.24,0.3,0.39,0.92,1.7,2.49,0.01,-0.21,0.71,0.22,1.41,0.17,0.7,1.66,-1.33,0.78,1.2,-0.76,0.59,-1.2,2.18,-0.98,-0.32,-0.55,-0.4,-1.24,-0.39,-1.96
256,97055875,11/3/2025,13:34:31,,,-1.26,0.48,0.02,-1.3,0.99,1.42,0.27,2.15,0.89,0.35,0.55,0.04,-0.37,2.54,0.69,1.5,1.0,0.48,0.53,0.23,1.07,1.93,0.4,0.03,0.45,0.12,1.69,0.41,0.78,1.65,-1.03,1.29, ,-0.39,0.58,-1.03,2.06,-0.84,-0.33,-0.41,-0.35,-1.24,-0.44,-1.9
257,97055743,11/3/2025,13:35:16,,,-1.2,0.49,-0.35,-1.79,0.17,0.98,0.35,1.4,0.52,-0.18,-0.56,0.2,-0.05,3.53,1.11,2.62,1.68,0.35,0.47,0.99,1.91,2.7,0.48,0.17,1.03,0.29,1.38,-0.29,0.58,1.74,-1.03,0.98,1.27,-0.57,0.84,-0.96,2.37,-0.67,-0.13,-0.36,-0.56,-1.13,-0.56,-1.76
258,97055867,11/3/2025,13:36:01,,,-1.35,0.31,-0.22,-1.63,0.44,1.32,0.25,1.72,0.69,0.12,0.07,-0.01,-0.32,2.71,1.05,1.82,1.29,0.47,0.33,0.6,1.35,2.32,0.45,0.19,0.97,0.34,1.34,0.22,0.49,1.59,-1.41,1.2, ,-0.24,0.57,-0.94,2.05,-0.63,-0.33,-0.34,-0.54,-1.08,-0.69,-1.69
259,97055859,11/3/2025,13:36:46,,,-1.47,0.35,-0.22,-1.56,0.36,1.08,0.25,1.93,0.55,0.1,0.15,-0.06,-0.17,2.76,0.97,1.92,1.32,0.49,0.17,0.5,1.36,2.22,0.36,0.29,0.67,0.24,1.33,0.22,0.64,1.56,-1.57,1.29, ,-0.59,0.67,-1.23,2.38,-0.9,-0.25,-0.56,-0.42,-1.17,-0.26,-1.88
260,97055842,11/3/2025,13:37:31,,,-1.39,0.4,-0.37,-1.69,0.49,1.14,0.33,1.85,0.56,0.01,-0.08,0.08,-0.28,3.07,1.0,2.06,1.25,0.28,0.37,0.91,1.74,2.43,0.6,0.22,0.99,0.22,1.44,0.15,0.43,1.41,-1.56,1.39, ,-0.53,0.63,-0.89,2.18,-0.63,-0.28,-0.3,-0.35,-0.94,-0.33,-1.76
261,97055834,11/3/2025,13:38:16,,,-1.33,0.44,-0.3,-1.74,0.29,0.86,0.35,1.99,0.55,-0.05,0.0,0.1,-0.39,3.04,1.14,2.15,1.64,0.48,0.44,0.69,1.44,2.29,0.36,0.01,1.04,0.36,1.41,0.26,0.24,1.48,-1.49,1.24,1.16,-0.22,0.78,-1.04,2.09,-0.63,-0.17,-0.42,-0.23,-1.07,-0.35,-1.66
262,97055826,11/3/2025,13:39:01,,,-1.46,0.48,-0.31,-1.75,0.33,1.12,0.29,1.8,0.47,-0.01,-0.08,0.03,-0.26,3.26,1.11,2.12,1.4,0.54,0.22,0.5,1.49,2.25,0.33,0.01,0.95,0.34,1.41,0.25,0.46,1.4,-1.7,1.1,1.11,-0.65,0.69,-1.23,2.29,-0.87,-0.23,-0.56,-0.41,-1.23,-0.1,-1.89
263,97055818,11/3/2025,13:45:22,,,-1.5,0.51,-0.54,-1.99,0.19,1.0,0.34,1.66,0.32,-0.27,-0.24,0.07,-0.44,3.37,1.41,2.49,1.8,0.31,0.3,0.5,1.52,2.38,0.0,0.0,1.25,0.15,1.26,0.06,0.66,1.45,-1.4,1.17,1.48,-0.25,0.48,-0.98,2.01,-0.51,-0.39,-0.37,-0.47,-1.14,-0.35,-1.5
264,97055800,11/3/2025,13:46:07,,,-1.43,0.38,-0.46,-1.78,0.26,1.13,0.32,1.9,0.66,-0.05,-0.12,0.1,-0.46,3.43,1.27,2.41,1.48,0.22,0.28,0.54,1.64,2.32,0.16,-0.02,1.04,0.2,1.33,0.2,0.48,1.29,-1.45,1.15,1.45,-0.39,0.64,-0.78,2.11,-0.39,-0.26,-0.21,-0.37,-1.2,-0.27,-1.59
265,97055792,11/3/2025,13:46:52,,,-1.39,0.45,-0.37,-1.78,0.47,1.25,0.44,2.16,0.47,-0.08,-0.04,0.21,-0.32,3.06,1.2,1.91,1.29,0.18,0.14,0.48,1.54,2.38,0.29,-0.02,1.15,0.05,1.37,0.5,0.77,1.48,-1.17,1.31,1.63,-0.64,0.83,-0.88,2.21,-0.68,-0.11,-0.29,-0.42,-1.12,-0.2,-1.86
266,97056436,11/3/2025,13:47:37,,,-1.25,0.6,-0.12,-1.53,0.37,1.3,0.35,1.76,0.46,0.05,0.23,0.08,-0.23,2.97,0.93,1.99,1.51,0.39,0.21,0.82,1.51,2.11,0.16,-0.02,0.76,0.35,1.79,0.49,0.7,1.39,-1.27,1.16, ,0.07,0.49,-0.95,1.86,-0.76,-0.38,-0.35,-0.35,-1.28,-0.53,-1.91
267,97056428,11/3/2025,13:48:22,,,-1.52,0.44,-0.5,-1.66,0.12,0.92,0.31,1.86,0.48,-0.04,0.08,0.06,-0.29,3.3,1.02,2.08,1.36,0.41,0.35,0.65,1.54,2.19,0.09,-0.18,0.82,0.31,1.59,0.14,0.83,1.47,-1.16,1.23,1.22,-0.43,0.63,-0.76,2.13,-0.54,-0.27,-0.2,-0.08,-1.15,-0.25,-1.59
268,97056402,11/3/2025,13:49:06,,,-1.34,0.51,-0.27,-1.74,0.3,1.11,0.25,1.8,0.6,-0.02,-0.06,0.07,-0.17,3.02,0.99,1.95,1.48,0.47,0.28,0.71,1.53,2.19,0.35,0.08,1.02,0.14,1.48,0.12,0.81,1.43,-1.26,1.33, ,-0.28,0.52,-0.97,1.99,-0.83,-0.35,-0.36,-0.42,-1.08,-0.45,-1.76
269,97056394,11/3/2025,13:49:51,,,-1.13,0.54,-0.36,-1.61,0.34,0.77,0.33,1.62,0.44,-0.11,-0.1,0.13,-0.17,2.99,1.01,1.89,1.3,0.53,0.4,0.96,1.75,2.28,0.51,0.15,0.85,0.2,1.6,0.36,0.76,1.45,-1.06,1.3, ,-0.32,0.39,-0.8,1.66,-0.68,-0.46,-0.22,-0.45,-1.15,-0.7,-1.72
270,97056386,11/3/2025,13:50:36,,,-1.33,0.41,-0.24,-1.43,0.5,1.37,0.21,1.65,0.67,0.15,0.14,-0.06,-0.15,2.74,0.72,1.72,1.46,0.63,0.49,0.45,1.31,2.06,0.29,-0.02,0.37,0.27,1.62,-0.01,0.84,1.41,-1.4,1.36,1.11,-0.13,0.31,-0.99,1.81,-0.63,-0.53,-0.38,-0.51,-1.51,-0.65,-1.5
271,97056378,11/3/2025,13:51:21,,,-1.3,0.37,-0.33,-1.61,0.44,0.97,0.3,2.41,0.45,-0.03,-0.01,0.1,-0.31,3.08,0.93,2.01,1.27,0.39,0.25,0.68,1.63,2.29,0.27,-0.06,0.76,0.29,1.57,0.37,0.89,1.52,-1.02,1.3,0.64,-0.61,0.69,-0.96,2.14,-0.83,-0.23,-0.35,-0.39,-1.4,-0.49,-2.23
272,97056360,11/3/2025,13:52:06,,,-1.31,0.45,0.12,-1.21,0.77,1.47,0.3,2.12,1.01,0.41,0.36,0.11,-0.29,2.48,0.56,1.44,1.12,0.46,0.11,0.25,1.11,1.88,0.49,-0.01,0.37,0.46,1.59,0.23,0.71,1.37,-1.3,1.27,1.41,-0.74,0.67,-1.11,2.33,-0.93,-0.25,-0.47,-0.41,-1.26,-0.26,-1.76
273,97056352,11/3/2025,13:56:03,,,-1.5,0.44,-0.09,-1.52,0.41,1.47,0.31,1.58,0.46,-0.04,-0.04,-0.05,-0.24,2.56,0.73,1.78,1.35,0.53,0.37,0.55,1.26,1.92,0.29,0.31,0.62,0.28,1.63,0.25,0.78,1.48,-1.03,1.06,1.19,0.01,0.42,-0.84,1.98,-0.45,-0.45,-0.26,-0.57,-1.16,-0.67,-1.49
274,97056345,11/3/2025,13:57:37,,,-1.42,0.42,0.4,-1.29,0.93,1.41,0.3,2.11,1.09,0.48,0.47,0.14,-0.06,2.65,0.66,1.52,1.01,0.48,0.25,0.24,1.02,1.91,0.28,0.25,0.52,0.08,1.48,0.48,0.65,1.55,-1.2,1.34, ,-0.08,0.76,-1.01,2.3,-0.88,-0.17,-0.38,-0.33,-1.18,-0.4,-1.86
275,97052500,11/3/2025,13:58:22,,,-1.32,0.54,0.02,-1.34,0.9,1.32,0.39,2.03,0.79,0.3,0.43,0.03,-0.33,2.88,0.61,1.82,1.74,0.47,0.2,0.34,1.08,1.96,0.4,0.0,0.51,0.37,1.5,0.42,0.4,1.61,-1.08,1.13, ,-0.5,0.63,-1.14,2.13,-1.01,-0.28,-0.48,-0.35,-1.33,-0.34,-2.09
276,97056329,11/3/2025,15:58:59,,,-1.32,0.35,-0.27,-1.44,0.42,1.08,0.28,1.78,0.55,0.17,0.38,0.11,-0.37,2.89,0.81,1.8,1.39,0.35,0.38,0.36,1.23,1.94,0.15,0.11,0.64,0.25,1.7,0.23,0.46,1.58,-1.07,0.96,1.87,-0.42,0.66,-0.86,2.13,-0.56,-0.26,-0.29,-0.33,-1.29,-0.36,-1.69
277,97056337,11/3/2025,15:59:57,,,-1.15,0.34,-0.39,-1.64,0.39,0.83,0.37,1.78,0.42,0.06,0.27,0.14,-0.38,2.85,0.9,2.05,1.75,0.32,0.41,0.49,1.41,2.15,0.39,0.38,0.95,0.07,1.66,0.26,0.49,1.53,-1.03,1.06,1.03,-0.29,0.67,-0.77,2.05,-0.53,-0.24,-0.21,-0.29,-1.12,-0.46,-1.72
278,97056303,11/3/2025,16:00:44,,,-1.09,0.52,-0.52,-1.79,0.48,0.99,0.46,1.47,0.33,-0.18,-0.05,0.1,-0.39,3.1,0.86,2.12,1.44,0.37,0.48,0.57,1.46,2.08,0.16,0.28,0.85,0.27,1.71,0.37,0.57,1.54,-1.04,1.04,0.99,-0.16,0.45,-0.76,1.59,-0.49,-0.42,-0.21,-0.45,-1.4,-0.82,-1.92
279,97056311,11/3/2025,16:01:57,,,-1.05,0.37,0.02,-1.58,0.61,1.17,0.38,1.79,0.39,0.05,0.06,0.04,-0.18,2.68,1.07,1.82,1.28,0.39,0.56,0.36,1.22,1.98,-0.07,0.01,0.64,0.33,1.51,0.14,0.59,1.55,-0.75,0.66,1.19,-0.32,0.38,-1.07,1.71,-0.75,-0.47,-0.44,-0.45,-1.17,-0.7,-1.87
280,97056287,11/3/2025,16:02:51,,,-1.28,0.42,-0.68,-1.82,0.03,0.87,0.38,1.7,0.42,-0.04,-0.1,0.03,-0.4,3.16,1.43,2.16,1.54,0.33,0.51,0.4,1.38,2.22,0.25,0.24,1.14,0.07,1.49,0.17,0.84,1.59,-1.19,1.12,1.23,-0.44,0.42,-0.92,1.92,-0.57,-0.44,-0.33,-0.46,-1.1,-0.52,-1.79
281,97056295,11/3/2025,16:04:00,,,-1.25,0.45,-0.02,-1.32,0.69,1.53,0.35,1.36,0.6,0.15,0.22,-0.02,-0.46,2.26,0.92,2.26,1.51,0.38,0.89,0.45,1.32,1.91,0.07,-0.05,0.37,0.4,1.71,0.22,0.72,1.62,-1.54,0.81,1.4,0.17,0.16,-0.92,1.45,-0.28,-0.65,-0.33,-0.47,-1.37,-0.88,-1.43
282,97056261,11/3/2025,16:06:14,,,-1.24,0.53,-0.4,-1.5,0.26,0.94,0.3,2.1,0.62,0.09,0.31,-0.02,-0.21,2.68,0.92,1.86,1.25,0.24,0.03,0.11,1.11,1.88,0.28,0.08,0.59,0.23,1.63,0.58,0.62,1.62,-1.49,0.88,1.26,-0.27,0.83,-1.23,2.1,-0.92,-0.12,-0.57,-0.22,-1.26,-0.32,-2.09
283,97056279,11/3/2025,16:06:59,,,-1.41,0.42,-0.42,-1.75,0.13,0.49,0.38,1.88,0.46,0.02,0.25,-0.13,-0.27,2.74,1.5,3.22,1.56,0.31,0.8,0.5,1.5,2.28,-0.26,-0.1,1.04,0.24,1.7,0.3,1.05,1.71,-1.59,0.78,0.57,-0.09,0.55,-0.99,1.99,-0.4,-0.34,-0.38,-0.35,-1.07,-0.48,-1.35
284,97052492,11/3/2025,16:23:28,,,-1.27,0.49,-0.86,-2.05,-0.28,0.84,0.38,1.47,0.41,-0.3,-0.28,0.0,-0.31,2.97,1.41,2.26,1.61,0.17,0.54,0.55,1.52,2.23,0.15,0.26,1.35,0.17,1.51,0.25,0.83,1.56,-1.2,0.88, ,-0.22,0.49,-0.87,1.77,-0.54,-0.38,-0.29,-0.27,-1.04,-0.47,-1.67
285,97052484,11/3/2025,16:25:05,,,-1.04,0.41,-0.5,-1.97,0.12,0.88,0.37,1.58,0.38,-0.25,-0.13,0.16,-0.35,2.86,1.38,2.13,1.56,0.17,0.51,0.49,1.66,2.55,0.44,0.21,1.38,0.11,1.46,0.31,0.7,1.82,-1.27,1.16, ,-0.13,0.63,-1.03,1.73,-0.67,-0.28,-0.41,-0.21,-1.13,-0.6,-1.84
286,97052476,11/3/2025,16:25:53,,,-1.26,0.29,-0.59,-1.77,0.14,0.76,0.43,1.87,0.33,-0.2,-0.1,0.04,-0.35,3.08,1.32,2.25,1.71,0.15,0.53,0.68,1.69,2.33,0.34,0.18,1.25,0.11,1.51,0.42,0.72,1.59,-1.68,0.94,1.26,-0.31,0.87,-1.19,2.17,-0.67,-0.09,-0.53,-0.25,-1.54,-0.33,-1.59
287,97056790,11/3/2025,16:26:42,,,-1.14,0.45,-0.24,-1.61,0.46,1.19,0.37,1.72,0.36,-0.12,0.0,0.14,-0.32,2.57,0.93,1.74,1.36,0.35,0.32,0.5,1.46,2.03,0.17,-0.1,0.85,0.26,1.59,0.48,0.46,1.6,-1.26,1.02,1.55,-0.49,0.62,-0.86,1.88,-0.54,-0.28,-0.28,-0.35,-1.18,-0.6,-1.71
288,97056782,11/3/2025,16:27:31,,,-1.21,0.53,-0.55,-1.71,0.46,0.8,0.35,1.44,0.23,-0.33,-0.01,0.15,-0.4,2.78,1.18,2.01,1.57,0.34,0.61,0.47,1.58,2.24,0.24,-0.15,1.08,0.19,1.68,0.16,0.57,1.79,-1.14,1.02,1.09,-0.1,0.28,-0.75,1.47,-0.46,-0.55,-0.2,-0.55,-1.22,-0.82,-1.74
289,97056774,11/3/2025,16:28:36,,,-1.17,0.42,-0.68,-1.81,0.44,1.15,0.49,1.84,0.62,-0.03,0.13,0.2,-0.3,3.14,1.21,2.28,1.87,0.39,0.38,0.56,1.46,2.14,0.27,-0.04,1.17,0.13,1.71,0.49,0.64,1.5,-1.59,0.97, ,-0.11,0.77,-1.07,2.06,-0.75,-0.17,-0.44,-0.22,-1.45,-0.54,-1.42
290,97056766,11/3/2025,16:29:24,,,-1.1,0.45,-0.6,-1.87,0.01,0.74,0.41,1.55,0.46,0.01,-0.03,0.1,-0.31,3.41,1.21,2.32,1.64,0.4,0.7,0.54,1.56,2.22,0.03,0.01,1.07,0.04,1.48,0.29,0.62,1.6,-1.22,0.71,1.16,-0.21,0.44,-0.72,1.67,-0.49,-0.42,-0.18,-0.45,-1.07,-0.76,-1.75
291,97056758,11/3/2025,16:30:12,,,-1.16,0.39,-0.57,-1.55,0.09,0.52,0.33,1.44,0.47,0.17,0.1,0.03,-0.53,2.87,0.9,1.85,1.59,0.42,0.65,0.56,1.4,2.14,0.22,0.09,0.65,0.12,1.48,0.23,0.64,1.56,-1.25,0.96, ,-0.16,0.48,-0.96,1.79,-0.65,-0.39,-0.36,-0.26,-1.31,-0.59,-1.78
292,97056741,11/3/2025,16:30:59,,,-1.1,0.49,-0.52,-1.7,0.18,0.91,0.34,1.25,0.26,-0.08,0.09,0.06,-0.38,3.04,0.93,2.02,1.46,0.43,0.89,0.68,1.37,1.86,0.06,0.06,0.71,0.11,1.34,0.22,0.59,1.21,-1.27,1.08, ,0.48,0.21,-0.75,1.32,-0.4,-0.6,-0.2,-0.25,-1.26,-1.01,-1.22
293,97056733,11/3/2025,16:31:58,,,-1.08,0.66,-0.5,-1.65,-0.17,0.54,0.17,1.33,0.51,0.11,0.28,0.23,-0.42,2.96,0.91,2.05,1.64,0.27,1.06,0.6,1.35,2.03,0.28,0.3,0.74,0.17,1.36,0.21,0.45,1.55,-1.29,0.88,1.06,-0.02,0.13,-0.83,1.23,-0.5,-0.67,-0.26,-0.49,-1.16,-1.07,-1.59
294,97056725,11/3/2025,16:32:45,,,-1.4,0.16,0.19,-1.05,0.57,1.18,0.23,2.25,1.03,0.56,0.44,0.04,-0.36,2.43,0.3,1.56,1.15,0.43,0.1,0.32,0.85,1.28,0.21,0.22,-0.14,0.4,1.31,0.25,0.3,1.22,-1.07,1.05,1.05,-0.62,0.78,-1.03,2.36,-0.85,-0.16,-0.41,-0.31,-1.4,-0.31,-1.96
295,97056410,11/3/2025,16:37:00,,,-1.34,0.36,-0.19,-1.41,0.13,0.87,0.31,1.63,0.65,0.17,0.12,-0.01,-0.35,2.76,0.68,1.92,1.56,0.56,0.12,0.53,1.32,1.89,0.46,0.36,0.48,0.26,1.17,0.08,0.37,1.48,-1.38,1.11,1.08,-0.07,0.73,-1.02,1.97,-0.74,-0.2,-0.41,0.1,-1.24,-0.55,-1.92
296,97056717,11/3/2025,16:40:37,,,-1.35,0.09,-0.13,-1.57,0.59,1.18,0.3,1.39,0.66,0.13,-0.03,0.15,-0.23,2.9,0.87,1.76,1.19,0.5,0.97,0.48,1.44,2.39,0.33,0.42,0.51,0.03,1.06,0.09,0.4,1.65,-1.28,1.01, ,0.61,0.33,-0.7,1.63,-0.19,-0.51,-0.16,-0.33,-1.12,-0.87,-0.83
297,97056709,11/3/2025,16:42:54,,,-1.41,0.13,-0.19,-1.17,0.34,0.81,0.34,2.02,0.85,0.48,0.46,0.09,-0.39,2.61,0.6,1.61,1.71,0.37,0.19,0.41,1.18,1.76,0.25,0.02,0.21,0.31,1.25,0.3,0.49,1.31,-1.44,0.96,1.14,-0.43,1.01,-1.29,2.5,-1.04,0.02,-0.61,0.04,-1.29,-0.22,-2
298,97056527,11/3/2025,16:43:39,,,-1.09,0.61,-0.27,-1.42,0.26,0.92,0.37,1.64,0.75,0.25,0.3,0.01,-0.33,2.85,0.64,2.0,1.74,0.58,0.43,0.34,1.21,1.76,0.01,-0.12,0.54,0.34,1.77,0.4,0.43,1.42,-1.24,0.79, ,0.12,0.5,-0.93,1.66,-0.65,-0.38,-0.34,-0.38,-1.17,-0.77,-1.54
299,97056519,11/3/2025,16:44:24,,,-1.32,0.25,-0.28,-1.37,0.47,1.09,0.31,1.75,0.7,0.36,0.41,0.12,-0.21,2.64,0.69,1.66,1.57,0.51,0.35,0.69,1.41,2.15,0.4,0.07,0.41,0.16,1.35,0.1,0.45,1.47,-1.13,1.07, ,0.06,0.67,-1.01,2.16,-0.91,-0.24,-0.39,-0.23,-1.14,-0.31,-1.97
300,97056501,11/3/2025,16:45:10,,,-1.16,0.4,-0.53,-1.75,0.11,0.68,0.4,1.62,0.48,0.02,0.04,0.23,-0.23,2.88,0.96,1.95,1.6,0.33,0.67,0.41,1.52,2.24,0.3,-0.1,1.02,0.09,1.35,0.35,0.57,1.52,-1.22,1.23,1.64,-0.32,0.71,-0.86,1.94,-0.78,-0.27,-0.38,-0.07,-1.04,-0.51,-1.67
301,97056493,11/3/2025,16:45:54,,,-1.34,0.23,-0.41,-1.56,0.31,0.81,0.35,1.84,0.51,0.12,0.25,0.09,-0.25,2.81,1.07,1.91,1.82,0.41,0.38,0.61,1.58,2.31,0.28,-0.13,0.85,0.18,1.51,0.18,0.7,1.48,-1.23,0.89, ,-0.32,0.77,-0.87,2.07,-0.66,-0.22,-0.38,-0.06,-0.92,-0.39,-1.7
302,97056485,11/3/2025,16:46:39,,,-1.37,0.38,-0.17,-1.42,0.33,0.99,0.24,1.51,0.45,0.12,0.01,0.04,-0.24,2.7,0.86,1.71,1.63,0.44,0.34,0.52,1.47,2.05,0.04,-0.31,0.68,0.3,1.33,0.12,0.72,1.33,-1.38,0.89,1.33,-0.38,0.41,-0.75,1.86,-0.49,-0.51,-0.28,-0.59,-1.02,-0.68,-1.44
303,97056477,11/3/2025,16:47:24,,,-1.26,0.37,-0.18,-1.32,0.6,1.23,0.36,1.84,0.75,0.34,0.22,0.01,-0.23,2.47,0.53,1.58,1.62,0.43,0.47,0.33,1.31,1.92,0.25,-0.02,0.24,0.29,1.51,0.0,0.38,1.28,-1.44,0.91,1.05,-0.48,0.59,-1.2,1.97,-0.91,-0.37,-0.61,-0.16,-1.21,-0.29,-1.84
304,97056469,11/3/2025,16:48:08,,,-1.56,0.21,-0.35,-1.47,0.28,0.98,0.34,1.55,0.96,0.28,0.32,0.03,-0.21,3.02,0.84,1.82,1.78,0.35,0.71,0.74,1.62,2.4,0.4,0.03,0.48,0.22,1.21,0.52,0.58,1.44,-1.14,1.06, ,-0.12,0.39,-0.81,2.08,-0.55,-0.53,-0.31,-0.4,-1.19,-0.51,-1.57
305,97056451,11/3/2025,16:48:54,,,-1.45,0.31,-0.45,-1.63,0.07,1.27,0.3,1.42,0.52,0.04,-0.06,0.02,-0.29,2.97,0.77,1.86,1.66,0.37,0.52,0.71,1.59,2.2,0.37,-0.02,0.66,0.27,1.23,0.0,0.32,1.32,-1.36,1.09,0.93,-0.43,0.62,-0.97,2.06,-0.59,-0.35,-0.43,-0.09,-1.26,-0.4,-1.73
306,97056444,11/3/2025,16:49:38,,,-1.3,0.45,-0.15,-1.53,0.54,1.19,0.32,2.03,0.57,0.04,0.13,0.03,-0.16,2.89,0.96,1.8,1.62,0.45,0.1,0.63,1.67,2.31,0.23,-0.01,0.73,0.41,1.61,0.13,0.64,1.61,-1.5,1.11,2.58,-0.7,0.6,-1.04,2.07,-0.85,-0.36,-0.5,-0.32,-1.18,-0.24,-1.79
307,97055552,11/3/2025,16:53:33,,,-1.35,0.49,-0.26,-1.8,0.06,1.34,0.27,1.52,0.61,0.22,0.11,0.06,-0.37,2.86,0.89,1.7,1.41,0.37,0.44,0.39,1.29,2.18,-0.11,0.01,0.82,0.36,1.52,0.25,0.8,1.58,-1.15,1.03,0.91,0.15,0.69,-0.74,2.03,-0.48,-0.28,-0.26,-0.35,-1.16,-0.59,-1.39
308,97055545,11/3/2025,16:55:18,,,-1.44,0.47,-0.01,-1.48,0.62,0.83,0.38,1.83,0.86,0.41,0.54,-0.02,-0.33,3.09,0.77,1.89,1.72,0.37,0.6,0.29,1.32,2.16,0.17,0.16,0.55,0.36,1.58,0.31,0.56,1.43,-1.43,1.17, ,-0.08,0.7,-0.91,2.01,-0.66,-0.27,-0.39,-0.34,-1.2,-0.49,-1.68
309,97055693,11/3/2025,16:56:51,,,-1.28,0.44,-0.13,-1.8,0.32,1.31,0.35,1.66,0.93,0.2,-0.33,0.1,-0.12,3.01,0.93,1.95,1.5,0.5,0.59,0.58,1.25,2.14,0.24,0.06,1.12,0.15,1.43,0.32,0.7,1.5,-1.4,1.21,1.37,0.06,0.73,-0.89,1.94,-0.64,-0.24,-0.38,-0.39,-1.34,-0.55,-1.33
310,97055602,11/3/2025,16:58:16,,,-1.27,0.42,-0.15,-1.68,0.59,1.45,0.4,1.96,0.31,-0.13,0.01,0.04,-0.14,2.77,0.98,1.83,1.79,0.38,0.3,0.63,1.46,2.18,0.26,0.06,1.04,0.41,1.65,0.46,0.97,1.66,-1.14,0.98, ,-0.42,0.75,-1.17,1.97,-0.95,-0.23,-0.6,-0.32,-1.67,-0.44,-1.8
311,97055685,11/3/2025,16:59:01,,,-1.23,0.53,0.13,-1.96,0.72,1.64,0.49,1.28,0.47,-0.05,-0.37,0.17,-0.48,2.73,1.24,1.65,1.28,0.23,1.23,0.56,1.5,2.37,0.07,0.06,1.28,0.28,1.48,0.17,1.14,1.68,-1.19,1.02, ,0.16,0.31,-0.7,1.54,-0.56,-0.57,-0.24,-0.62,-1.15,-0.89,-1.73
312,97055594,11/3/2025,16:59:45,,,-1.43,0.39,-0.26,-1.8,0.25,1.52,0.39,1.77,0.53,-0.08,-0.15,0.03,-0.18,3.0,1.14,2.15,1.85,0.35,0.43,0.62,1.63,2.43,0.48,0.17,1.51,0.19,1.49,0.13,0.7,1.73,-1.42,1.33,1.01,-0.3,0.79,-1.1,2.28,-0.9,-0.19,-0.54,-0.3,-1.63,-0.08,-1.58
313,97055586,11/3/2025,17:01:18,,,-1.44,0.31,-0.22,-1.81,0.42,1.26,0.51,1.8,0.32,-0.08,0.09,-0.01,-0.24,3.51,1.28,2.48,1.65,0.43,0.27,0.65,1.44,2.09,0.14,0.59,1.21,0.17,1.61,0.37,0.66,1.57,-1.48,1.16,1.07,-0.11,0.87,-0.89,2.29,-0.61,-0.12,-0.38,-0.46,-1.19,-0.32,-1.46
314,97047658,11/3/2025,17:02:52,,,-1.54,0.38,-0.18,-1.58,0.58,1.28,0.32,1.74,0.61,0.18,-0.04,0.07,-0.11,2.96,0.9,2.14,1.61,0.58,0.14,0.54,1.14,1.97,0.15,0.12,0.92,0.33,1.58,0.19,0.68,1.67,-1.36,0.99,1.05,-0.4,0.76,-1.03,2.27,-0.94,-0.21,-0.49,-0.35,-1.4,-0.28,-2.02
315,97055560,11/3/2025,17:04:23,,,-1.39,0.39,0.51,-1.51,0.89,1.73,0.31,1.8,0.71,0.19,0.1,0.0,-0.24,2.86,0.87,1.9,1.52,0.43,0.51,0.81,1.35,2.21,0.4,0.2,0.9,0.36,1.68,0.35,0.67,1.68,-1.17,1.17,1.21,-0.47,0.62,-0.9,2.13,-0.59,-0.32,-0.39,-0.5,-1.58,-0.45,-1.47
316,97055636,11/3/2025,17:05:08,,,-1.45,0.25,-0.5,-1.84,0.18,1.23,0.42,1.65,0.43,-0.03,-0.26,0.04,-0.18,3.47,1.36,2.31,1.44,0.38,0.6,0.97,1.77,2.55,0.01,-0.1,1.41,0.19,1.47,0.09,0.72,1.61,-1.46,1.07,2.45,0.35,0.61,-0.77,2.13,-0.56,-0.33,-0.29,-0.4,-1.04,-0.32,-1.44
317,97055537,11/3/2025,17:05:53,,,-1.55,0.38,-0.11,-1.63,0.4,1.18,0.4,1.7,0.59,0.24,0.05,-0.14,-0.03,3.33,1.06,2.34,1.76,0.64,0.29,0.84,1.39,2.18,-0.17,-0.18,0.98,0.23,1.56,0.06,0.81,1.67,-1.43,0.88, ,-0.14,0.56,-1.15,2.18,-0.91,-0.38,-0.58,-0.41,-1.69,-0.23,-1.76
318,97055610,11/3/2025,17:06:38,,,-1.38,0.54,-0.12,-1.61,0.03,0.8,0.4,1.65,0.73,0.16,0.12,0.03,-0.19,3.28,1.0,2.01,1.49,0.57,0.59,0.65,1.33,2.15,0.05,-0.07,1.07,0.35,1.4,0.18,0.58,1.69,-1.32,0.89, ,-0.19,0.55,-0.79,1.97,-0.65,-0.39,-0.3,-0.39,-1.17,-0.37,-1.75
319,97052807,11/3/2025,17:08:11,,,-1.36,0.24,0.02,-1.63,0.42,1.57,0.31,1.94,0.63,0.17,-0.3,-0.02,-0.19,3.15,1.04,2.07,1.71,0.44,0.46,0.77,1.38,2.13,0.05,0.11,0.87,0.52,1.51,0.43,0.62,1.44,-1.45,0.86,1.06,-0.32,0.92,-1.06,2.43,-0.8,-0.09,-0.5,-0.25,-1.33,-0.33,-1.64
320,97052799,11/3/2025,17:09:44,,,-1.43,0.47,-0.09,-1.83,0.18,1.3,0.42,1.52,0.61,0.03,-0.44,-0.07,-0.1,3.14,1.06,2.19,1.57,0.54,0.35,0.62,1.36,1.94,-0.13,-0.07,1.25,0.68,1.63,0.23,0.45,1.31,-1.53,0.79, ,0.22,0.57,-1.03,2.05,-0.85,-0.36,-0.47,-0.53,-1.23,-0.47,-1.77
321,97055677,11/3/2025,17:10:29,,,-1.61,0.47,-0.14,-1.6,0.57,1.32,0.32,1.64,0.78,0.12,-0.34,0.14,-0.25,2.76,0.73,1.66,1.34,0.52,0.55,0.36,1.31,2.02,0.09,-0.16,0.86,0.5,1.04,0.05,0.48,1.3,-1.58,1.19,2.18,-0.37,0.68,-1.07,2.31,-0.95,-0.28,-0.5,-0.49,-1.33,-0.37,-1.55
322,97052781,11/3/2025,17:11:34,,,-1.48,0.52,-0.35,-1.87,-0.26,0.82,0.46,1.13,0.53,0.01,0.08,-0.01,-0.38,3.25,1.14,2.29,1.75,0.44,0.79,0.73,1.65,2.31,0.0,-0.12,1.41,0.26,1.46,-0.17,0.51,1.31,-1.39,0.88, ,0.61,0.38,-0.9,1.76,-0.5,-0.51,-0.37,-0.59,-1.41,-0.72,-1.33
323,97055669,11/3/2025,17:12:19,,,-1.22,0.52,-0.47,-1.87,0.02,0.98,0.39,1.62,0.56,0.12,0.04,0.07,-0.32,3.42,1.39,2.26,1.77,0.39,0.37,0.7,1.76,2.55,-0.06,0.15,1.24,0.06,1.34,0.32,0.68,1.3,-1.54,1.16,1.14,-0.07,0.61,-0.83,1.76,-0.46,-0.33,-0.31,-0.43,-1.08,-0.84,-1.44
324,97055651,11/3/2025,17:13:52,,,-1.35,0.54,-0.28,-1.59,0.17,0.76,0.29,1.24,0.45,0.13,0.29,0.02,-0.3,2.81,0.95,1.64,1.44,0.35,1.34,0.67,1.62,2.45,0.0,0.03,0.84,0.17,1.52,0.05,0.82,1.48,-1.4,0.84, ,1.05,0.29,-0.9,1.62,-0.47,-0.58,-0.37,-0.56,-1.16,-0.86,-1.43
325,97055644,11/3/2025,17:15:26,,,-1.24,0.23,-0.31,-1.59,0.23,1.13,0.27,2.4,0.84,0.54,0.43,0.03,-0.06,2.72,0.87,1.75,1.6,0.39,-0.02,0.46,1.18,1.93,0.08,0.51,0.78,-0.12,1.35,0.33,0.86,1.35,-1.6,1.21, ,-1.69,1.52,-1.52,2.91,-1.38,0.38,-0.83,0.28,-1.3,0.66,-2.19
326,97055628,11/3/2025,17:16:59,,,-1.29,0.51,-0.37,-1.86,0.01,1.12,0.34,1.18,0.51,-0.09,-0.22,0.0,-0.18,3.06,1.08,2.05,1.57,0.5,1.03,0.63,1.68,2.54,0.04,0.13,1.01,0.21,1.27,-0.07,0.68,1.51,-1.31,1.08,1.07,0.11,0.46,-0.77,1.66,-0.4,-0.44,-0.25,-0.36,-1.26,-0.7,-1.49
327,97052815,11/3/2025,17:18:44,,,-1.3,0.39,-0.45,-1.69,0.03,0.97,0.36,1.8,0.58,0.33,0.39,0.05,0.03,2.76,0.97,2.0,1.75,0.51,0.18,0.45,1.39,2.33,0.29,0.45,0.8,0.17,1.29,0.28,0.63,1.56,-1.41,1.34,0.98,-0.19,0.87,-1.18,2.34,-1.13,-0.12,-0.56,-0.35,-1.3,-0.29,-2.31
328,97052773,11/3/2025,17:21:04,,,-1.3,0.43,-0.33,-1.55,-0.14,0.79,0.28,1.84,0.63,0.3,0.49,0.04,-0.17,3.08,1.04,2.08,1.87,0.57,0.97,0.67,1.57,2.32,-0.13,0.15,0.87,0.18,1.34,0.25,0.53,1.51,-1.57,0.98, ,-0.2,0.81,-1.3,2.26,-0.97,-0.15,-0.65,-0.26,-1.35,-0.29,-1.68
329,97052765,11/3/2025,17:21:50,,,-1.38,0.52,-0.2,-1.38,0.27,1.18,0.29,1.74,0.83,0.4,0.24,-0.07,-0.17,2.96,0.79,1.76,0.99,0.56,0.7,0.3,1.15,2.0,-0.16,-0.23,0.72,0.27,1.44,0.3,0.73,1.62,-1.29,1.06,0.85,-0.4,0.6,-1.18,2.08,-0.85,-0.31,-0.55,-0.29,-1.32,-0.3,-1.7
330,97052757,11/3/2025,17:22:34,,,-1.33,0.28,-0.13,-1.69,0.58,0.94,0.35,1.56,0.78,0.1,-0.42,0.09,-0.16,2.85,0.91,1.82,1.36,0.41,0.59,0.7,1.35,2.03,0.03,-0.1,1.1,0.36,1.11,0.05,0.52,1.5,-1.28,1.17, ,-0.01,0.43,-1.11,1.96,-0.96,-0.45,-0.51,-0.46,-1.55,-0.48,-1.75
331,97052740,11/3/2025,17:23:19,,,-1.42,0.42,-0.4,-1.91,-0.06,1.2,0.4,1.87,0.81,0.23,0.04,0.12,-0.23,3.51,1.41,2.34,1.39,0.37,0.49,0.71,1.68,2.48,0.19,0.15,1.56,0.11,1.02,0.19,0.6,1.6,-1.4,1.02,1.2,-0.61,0.6,-1.08,2.11,-0.86,-0.31,-0.48,-0.29,-1.43,-0.2,-1.91
332,97052732,11/3/2025,17:24:04,,,-1.43,0.46,-0.43,-2.15,-0.07,0.86,0.37,1.37,0.59,-0.18,-0.22,0.11,-0.42,3.23,1.3,2.21,1.53,0.27,1.2,0.64,1.55,2.46,-0.06,-0.02,1.61,0.24,1.32,0.02,0.67,1.59,-1.12,0.99,1.4,0.07,0.38,-0.84,1.91,-0.55,-0.48,-0.3,-0.54,-1.24,-0.45,-1.67
333,97060198,11/3/2025,17:24:48,,,-1.28,0.21,0.09,-1.45,0.51,1.14,0.27,2.32,0.84,0.56,0.31,0.03,-0.01,2.87,1.04,1.8,1.07,0.4,0.16,0.82,1.57,1.95,-0.05,0.06,0.57,0.3,1.61,0.11,0.51,1.58,-1.27,0.88, ,-0.29,0.58,-1.26,2.13,-1.12,-0.33,-0.62,-0.3,-1.57,-0.39,-2.21
334,97060149,11/3/2025,17:25:34,,,-1.31,0.54,-0.43,-1.87,0.13,1.16,0.29,1.74,0.83,0.17,-0.24,0.12,-0.28,2.83,1.18,2.03,1.27,0.25,0.62,0.7,1.39,2.16,-0.48,-0.36,1.09,0.21,1.44,0.1,0.66,1.53,-1.0,0.73,2.28,-0.14,0.53,-0.91,1.83,-0.67,-0.37,-0.35,-0.47,-1.24,-0.63,-1.77
335,97060131,11/3/2025,17:26:20,,,-1.36,0.49,-0.64,-1.87,-0.2,1.11,0.36,1.67,0.99,0.41,-0.18,0.09,-0.2,3.27,1.2,2.36,1.46,0.37,0.34,0.74,1.6,2.21,-0.03,0.03,1.37,0.3,1.3,0.15,0.61,1.49,-1.21,1.11, ,-0.2,0.63,-1.0,2.08,-0.78,-0.29,-0.42,-0.28,-1.56,-0.41,-1.68
336,97060081,11/3/2025,17:28:03,,,-1.25,0.47,-0.49,-1.86,-0.06,1.13,0.33,1.73,0.89,0.35,-0.05,0.03,-0.14,2.82,1.3,1.98,1.0,0.22,0.22,0.5,1.71,2.54,-0.01,0.11,1.32,0.12,1.49,0.33,0.98,1.64,-1.6,0.86,2.26,-0.79,0.65,-0.88,2.05,-0.59,-0.27,-0.32,-0.3,-1.21,-0.35,-1.54
337,97060073,11/3/2025,17:28:51,,,-1.36,0.73,-0.45,-1.85,-0.06,0.92,0.41,1.66,0.79,0.24,0.04,0.0,-0.26,2.83,1.12,1.97,1.29,0.26,0.64,0.22,1.1,2.0,-0.38,-0.2,1.23,0.21,1.39,0.35,0.76,1.33,-1.49,0.63,2.07,-0.02,0.53,-0.95,1.84,-0.56,-0.36,-0.38,-0.45,-1.35,-0.66,-1.18
338,97060065,11/3/2025,17:34:25,,,-1.27,0.33,-0.11,-1.5,0.17,1.18,0.24,2.23,1.04,0.54,0.37,0.03,-0.06,2.8,0.96,1.8,1.17,0.41,0.08,0.39,1.25,2.0,0.25,0.46,0.91,0.24,1.48,0.43,0.77,1.44,-1.5,0.87,3.01,-0.73,0.94,-1.02,2.39,-0.93,-0.04,-0.43,-0.19,-1.13,-0.13,-1.77
339,97060057,11/3/2025,17:35:16,,,-1.37,0.64,-0.52,-1.87,-0.16,1.13,0.36,1.63,0.9,0.22,-0.01,0.03,-0.18,3.1,1.27,2.23,1.4,0.41,0.11,0.48,1.6,2.43,0.25,0.03,1.5,0.35,1.52,0.28,0.65,1.59,-1.57,1.27, ,-0.22,0.54,-1.06,1.87,-0.8,-0.36,-0.46,-0.37,-1.25,-0.63,-1.81
340,97060040,11/3/2025,17:36:03,,,-1.27,0.68,-0.45,-1.65,-0.08,0.83,0.31,2.05,0.77,0.32,0.14,0.08,-0.18,2.78,1.02,1.84,1.04,0.14,-0.24,0.4,1.31,1.85,0.09,-0.05,1.32,0.29,1.56,0.62,0.69,1.28,-1.5,1.03, ,-0.35,0.85,-1.22,2.16,-1.03,-0.11,-0.58,-0.15,-1.32,-0.31,-1.98
341,97055578,11/3/2025,17:36:48,,,-1.27,0.49,0.27,-1.27,0.43,1.38,0.18,1.6,0.96,0.55,0.3,0.06,-0.14,2.29,0.58,1.41,1.32,0.6,0.12,0.5,1.11,1.78,0.21,0.07,0.45,0.45,1.5,0.12,0.74,1.49,-1.17,1.1, ,-0.21,0.45,-0.94,1.85,-0.77,-0.43,-0.37,-0.27,-1.26,-0.44,-1.86
342,97060032,11/3/2025,17:37:33,,,-1.35,0.5,-0.22,-1.61,0.07,1.0,0.23,2.15,0.95,0.53,0.38,0.03,-0.06,2.92,1.07,1.84,1.34,0.2,-0.02,0.49,1.45,2.31,0.23,0.03,1.2,0.31,1.35,0.52,0.83,1.55,-1.36,1.24, ,-0.77,0.84,-1.15,2.31,-1.01,-0.13,-0.53,-0.28,-1.37,-0.24,-2
343,97060024,11/3/2025,17:38:29,,,-1.45,0.32,0.12,-1.28,0.58,1.13,0.23,1.99,1.09,0.69,0.42,-0.05,-0.32,2.39,0.85,1.48,0.98,0.54,0.71,0.13,1.01,2.04,-0.33,-0.42,1.06,0.39,1.48,-0.12,0.76,1.52,-1.73,0.69,1.99,-0.2,0.6,-1.06,2.17,-0.72,-0.31,-0.45,-0.42,-1.26,-0.25,-1.46
344,97060016,11/3/2025,17:39:16,,,-1.42,0.3,-0.75,-1.85,-0.19,0.59,0.22,1.85,0.42,0.11,-0.1,-0.06,-0.25,3.0,1.44,2.32,1.9,0.53,1.03,0.83,1.72,2.61,-0.14,-0.07,1.29,0.29,1.42,-0.14,1.0,1.81,-1.29,0.92, ,0.57,0.4,-0.69,1.92,-0.25,-0.47,-0.17,-0.49,-1.1,-0.53,-1.32
345,97060008,11/3/2025,17:40:03,,,-1.21,0.11,-0.35,-1.68,0.31,1.28,0.44,1.67,0.69,0.16,-0.31,0.01,-0.2,2.98,1.13,2.02,1.6,0.57,0.24,0.68,1.54,2.31,0.16,0.18,1.07,0.39,1.36,0.28,0.71,1.54,-1.22,1.17, ,0.19,0.79,-0.91,2.22,-0.75,-0.17,-0.33,-0.46,-1.34,-0.45,-1.83
346,97059992,11/3/2025,17:40:48,,,-1.47,0.21,-0.53,-1.85,0.09,0.68,0.47,1.37,0.64,-0.03,-0.61,0.12,-0.28,2.71,1.24,1.92,1.49,0.17,0.44,0.57,1.58,2.47,0.21,-0.01,1.37,0.49,1.43,0.1,0.69,1.64,-1.2,1.07,1.15,-0.03,0.53,-0.78,2.1,-0.4,-0.38,-0.22,-0.58,-1.09,-0.55,-1.46
347,97059984,11/3/2025,17:41:33,,,-1.25,0.31,-0.28,-1.82,0.2,1.51,0.45,1.86,0.67,0.08,-0.33,0.14,-0.14,2.75,1.33,1.79,1.0,0.34,0.36,0.55,1.65,2.3,0.28,0.13,1.34,0.35,1.23,0.35,0.73,1.65,-1.29,1.08,1.37,-0.28,0.84,-0.8,2.12,-0.57,-0.13,-0.25,-0.34,-1.12,-0.55,-1.57
348,97059976,11/3/2025,17:42:58,,,-1.39,0.18,-0.13,-1.58,0.5,1.03,0.36,1.88,0.73,0.23,-0.22,0.05,-0.11,2.52,1.02,1.72,1.3,0.3,0.13,0.66,1.32,1.96,0.02,-0.07,0.91,0.57,1.59,0.28,0.66,1.46,-1.21,0.77, ,-0.15,0.87,-1.1,2.47,-0.84,-0.1,-0.47,-0.4,-1.33,-0.23,-1.83
349,97059968,11/3/2025,17:43:46,,,-1.43,0.2,0.07,-1.45,0.8,1.48,0.41,1.87,0.66,0.24,-0.22,0.03,-0.26,2.53,0.84,1.37,1.04,0.43,0.33,0.44,1.29,1.87,0.13,-0.1,0.73,0.46,1.48,0.24,0.46,1.53,-1.5,0.97,1.02,-0.39,0.64,-0.99,2.31,-0.62,-0.28,-0.38,-0.56,-1.16,-0.37,-1.63
350,97059950,11/3/2025,17:50:00,,,-1.32,0.15,-0.29,-1.93,0.38,1.15,0.4,1.79,0.76,0.08,-0.59,0.03,-0.18,2.78,1.24,1.93,1.33,0.38,0.34,0.63,1.52,2.3,0.18,0.29,1.19,0.34,1.36,0.29,0.7,1.66,-1.39,1.34, ,-0.63,0.92,-0.98,2.52,-0.7,-0.07,-0.36,-0.44,-1.3,-0.25,-1.87
351,97060289,11/3/2025,17:50:45,,,-1.33,0.26,-0.28,-1.68,0.25,1.1,0.44,1.51,0.7,0.08,-0.42,0.1,-0.25,2.76,1.05,1.86,1.31,0.38,0.25,0.36,1.33,1.99,0.17,-0.13,1.03,0.43,1.42,0.09,0.63,1.5,-1.37,1.15,0.97,-0.48,0.64,-1.15,2.0,-0.85,-0.29,-0.49,-0.36,-1.36,-0.69,-1.9
352,97060271,11/3/2025,17:51:30,,,-1.24,0.14,-0.46,-1.91,0.24,1.03,0.45,1.75,0.42,-0.2,-0.76,0.19,-0.14,2.69,1.1,2.05,1.66,0.37,0.13,0.51,1.51,2.14,0.33,0.1,1.36,0.25,1.27,0.34,0.86,1.63,-1.44,1.31, ,-0.41,0.97,-1.12,2.44,-0.75,-0.02,-0.47,-0.38,-1.18,-0.26,-1.76
353,97060263,11/3/2025,17:52:21,,,-1.32,0.38,-0.58,-1.77,-0.2,1.07,0.35,2.23,0.48,0.15,0.29,0.14,-0.24,2.78,1.08,2.07,1.2,0.45,0.14,0.32,1.37,2.14,0.23,-0.03,1.3,0.11,1.27,0.15,0.71,1.59,-1.47,1.14,2.3,-0.84,0.9,-1.13,2.48,-0.98,-0.07,-0.48,-0.26,-1.2,-0.09,-1.96
354,97060099,11/3/2025,17:53:06,,,-1.28,0.34,-0.57,-1.71,-0.05,1.33,0.33,1.78,1.04,0.48,0.07,0.05,-0.01,3.16,0.9,2.11,1.55,0.3,0.22,0.82,1.53,2.06,0.13,0.15,1.13,0.29,1.44,0.33,0.4,1.4,-1.58,1.01, ,-0.39,0.75,-1.14,2.22,-0.96,-0.19,-0.48,-0.18,-1.42,-0.27,-2.02
355,97060255,11/3/2025,17:53:51,,,-1.35,0.42,-0.13,-1.67,0.23,1.11,0.29,2.25,0.7,0.24,0.22,0.2,-0.22,2.73,0.99,1.86,1.45,0.56,0.4,0.32,1.33,2.07,0.08,0.04,0.83,0.06,1.25,0.01,0.56,1.51,-1.46,0.97,2.36,-0.5,0.69,-1.05,2.17,-0.78,-0.24,-0.42,-0.35,-1.36,-0.4,-1.52
356,97060248,11/3/2025,17:54:36,,,-1.28,0.33,-0.65,-1.81,-0.18,0.71,0.22,1.71,0.3,-0.08,0.14,0.08,-0.1,2.93,1.15,2.13,1.67,0.47,0.59,0.77,1.73,2.3,0.3,0.21,1.17,0.03,1.17,0.17,0.79,1.5,-1.52,1.12,1.58,-0.04,0.63,-0.87,2.03,-0.5,-0.29,-0.28,-0.41,-1.04,-0.57,-1.43
357,97060230,11/3/2025,17:55:21,,,-1.18,0.51,-0.66,-1.85,-0.07,0.96,0.34,1.64,0.57,0.08,-0.13,0.21,-0.18,2.87,1.12,2.13,1.63,0.39,0.45,0.82,1.72,2.26,0.26,-0.08,1.26,0.13,1.23,0.37,0.58,1.63,-1.41,1.04,0.66,-0.26,0.6,-1.04,1.92,-0.77,-0.31,-0.41,-0.31,-1.15,-0.54,-1.76
358,97060222,11/3/2025,17:56:06,,,-1.1,0.35,-0.31,-1.67,0.42,1.07,0.41,2.15,0.71,0.22,0.16,0.2,-0.1,2.51,0.91,1.79,1.12,0.44,-0.02,0.51,1.41,1.95,0.29,0.13,1.03,0.2,1.43,0.21,0.94,1.54,-1.34,1.19, ,-0.63,0.71,-1.05,1.97,-0.9,-0.22,-0.42,-0.35,-1.47,-0.52,-1.68
359,97060214,11/3/2025,17:56:57,,,-1.23,0.52,-0.61,-1.97,0.05,1.2,0.42,0.93,0.37,-0.09,-0.43,0.14,-0.32,2.73,1.18,1.97,1.56,0.37,0.95,0.96,1.85,2.49,0.35,0.1,1.37,0.15,1.18,-0.2,0.61,1.56,-1.37,0.99, ,0.75,-0.11,-0.69,1.07,-0.14,-0.86,-0.14,-0.58,-1.16,-1.23,-0.73
360,97060206,11/3/2025,17:57:45,,,-1.37,0.44,-0.28,-1.59,-0.05,1.13,0.38,2.13,0.66,0.33,0.54,0.04,-0.1,2.66,0.93,1.82,1.25,0.27,0.05,0.5,1.43,1.98,0.06,0.13,0.87,0.09,1.46,0.45,0.62,1.39,-1.52,1.02, ,-0.42,0.9,-1.18,2.47,-0.89,-0.08,-0.51,-0.31,-1.08,-0.15,-1.72
361,97056618,11/3/2025,17:58:37,,,-1.31,0.41,-0.41,-1.62,0.11,0.9,0.24,1.97,0.52,0.19,0.22,-0.03,-0.06,2.76,1.01,1.78,1.04,0.46,0.13,0.95,1.61,2.11,0.21,0.15,0.9,-0.02,1.35,0.34,0.46,1.45,-1.46,1.15, ,-0.57,0.67,-1.14,2.03,-0.93,-0.26,-0.49,-0.34,-0.95,-0.42,-1.78
362,97056600,11/3/2025,17:59:26,,,-1.48,0.32,-0.09,-1.53,0.52,1.11,0.31,1.74,0.22,-0.17,-0.1,-0.05,-0.32,2.91,0.92,1.92,1.0,0.55,0.33,0.61,1.4,1.89,-0.04,0.0,0.75,0.41,1.5,0.1,0.51,1.26,-1.58,1.08, ,-0.65,0.6,-1.05,2.27,-0.68,-0.31,-0.42,-0.47,-1.03,-0.27,-1.71
363,97056592,11/3/2025,18:16:52,,,-1.34,0.31,-0.19,-1.61,0.34,1.02,0.38,2.09,0.38,-0.04,0.03,0.06,-0.08,2.68,0.86,1.81,1.31,0.58,0.02,0.63,1.36,1.96,0.25,0.34,0.79,0.2,1.39,0.21,0.39,1.47,-1.51,1.55,1.19,0.35,0.81,-1.14,2.3,-0.93,-0.14,-0.49,-0.21,-1.05,-0.25,-1.85
364,97056584,11/3/2025,18:17:37,,,-1.45,0.26,-0.08,-1.41,0.53,0.72,0.3,2.27,0.64,0.33,0.14,0.08,-0.09,2.78,0.59,1.79,1.06,0.45,0.14,0.6,1.24,1.77,0.11,0.04,0.65,0.33,1.58,0.1,0.45,1.32,-1.48,1.13, ,-0.36,0.53,-1.22,2.24,-0.99,-0.36,-0.54,-0.4,-1.01,-0.24,-1.88
365,97056576,11/3/2025,18:18:26,,,-1.28,0.26,-0.14,-1.57,0.45,1.11,0.32,1.9,1.1,0.43,0.16,0.1,-0.14,2.82,0.84,1.91,1.4,0.52,0.34,0.49,1.44,2.36,0.57,0.49,0.91,0.16,1.45,0.24,0.31,1.6,-1.45,1.26, ,-0.38,0.73,-1.05,2.11,-0.71,-0.21,-0.42,-0.19,-1.08,-0.44,-1.69
366,97056568,11/3/2025,18:19:11,,,-1.51,0.32,-0.32,-1.81,0.48,0.82,0.33,1.46,0.36,-0.12,-0.25,0.0,-0.11,3.13,1.05,1.95,1.13,0.42,0.67,0.68,1.68,2.33,0.09,0.02,1.22,0.15,1.36,0.06,0.54,1.58,-1.17,0.86, ,-0.2,0.3,-0.83,1.9,-0.43,-0.54,-0.25,-0.44,-1.2,-0.42,-1.41
367,97056550,11/3/2025,18:21:00,,,-1.39,0.25,0.1,-1.48,0.57,1.68,0.43,1.73,0.81,0.43,0.33,0.13,-0.25,2.91,0.91,2.06,1.23,0.46,0.3,0.63,1.46,2.05,0.23,0.18,0.95,0.16,1.33,0.01,0.32,1.37,-1.35,1.07,0.85,-0.28,0.48,-1.0,2.08,-0.71,-0.4,-0.38,-0.52,-1.04,-0.38,-1.84
368,97056543,11/3/2025,18:21:45,,,-1.38,0.21,0.23,-1.16,0.75,1.42,0.28,2.2,0.86,0.6,0.32,0.15,-0.15,2.76,0.55,1.75,1.05,0.46,0.04,0.63,1.28,1.67,0.39,0.27,0.6,0.28,1.29,0.48,0.38,1.31,-1.3,1.17, ,-0.25,0.96,-1.33,2.68,-1.08,-0.03,-0.63,-0.21,-1.56,0.11,-1.84
369,97056535,11/3/2025,18:22:30,,,-1.24,0.31,0.07,-1.62,0.66,1.19,0.39,1.94,0.7,0.35,0.24,0.14,-0.15,2.81,0.66,1.95,1.37,0.41,0.09,0.74,1.21,1.57,0.14,0.16,0.79,0.18,1.22,0.24,0.32,1.15,-1.38,1.18,2.12,-0.67,0.86,-1.14,2.28,-0.94,-0.11,-0.48,-0.37,-1.25,-0.32,-2.03
370,97058481,11/3/2025,18:25:20,,,-1.29,0.5,0.12,-1.54,0.31,1.31,0.25,1.86,1.03,0.5,0.2,0.24,-0.1,2.75,0.73,1.79,1.41,0.55,0.11,0.54,1.07,1.7,-0.04,-0.12,0.86,0.29,1.37,0.13,0.28,1.29,-1.41,0.98,2.49,0.0,0.56,-1.19,2.1,-1.03,-0.33,-0.52,-0.36,-1.24,-0.35,-2.08
371,97058473,11/3/2025,18:26:05,,,-1.3,0.36,-0.1,-1.28,0.31,1.49,0.27,1.86,0.91,0.65,0.54,0.22,-0.28,2.71,0.56,1.68,1.53,0.57,0.4,0.84,1.23,1.68,0.28,0.07,0.59,0.4,1.45,0.28,0.59,1.35,-1.46,1.37,0.96,-0.45,0.66,-1.02,2.23,-0.86,-0.26,-0.39,-0.31,-1.26,-0.42,-1.8
372,97058465,11/3/2025,18:26:50,,,-1.27,0.66,-0.15,-1.78,0.02,1.02,0.34,1.38,0.96,0.35,0.07,0.21,-0.11,3.08,0.93,2.11,1.68,0.53,0.63,0.93,1.46,1.94,0.17,-0.04,1.13,0.48,1.42,0.23,0.39,1.48,-1.59,0.9, ,0.04,0.21,-1.0,1.56,-0.61,-0.61,-0.37,-0.53,-1.31,-0.88,-1.52
373,97058457,11/3/2025,18:27:34,,,-1.3,0.38,0.45,-1.09,0.71,1.73,0.27,2.15,1.13,0.89,0.7,0.05,-0.21,2.54,0.42,1.4,1.0,0.55,0.09,0.4,0.99,1.67,0.33,0.08,0.38,0.61,1.27,0.1,0.2,1.37,-1.47,1.12, ,-0.92,0.95,-1.25,2.59,-1.12,-0.03,-0.57,-0.21,-1.39,-0.24,-2.2
374,97058440,11/3/2025,18:32:20,,,-1.25,0.52,-0.2,-1.45,0.13,1.05,0.28,1.73,0.78,0.43,0.38,0.12,0.15,2.99,0.72,1.79,1.81,0.57,0.34,0.87,1.28,1.85,0.16,0.16,0.69,0.25,1.54,0.11,0.14,1.48,-1.49,0.96, ,0.08,0.47,-1.15,1.85,-0.93,-0.4,-0.49,-0.54,-1.32,-0.61,-1.81
375,97058432,11/3/2025,18:33:05,,,-1.17,0.44,-0.16,-1.74,0.27,1.55,0.34,1.78,0.88,0.35,0.28,0.3,-0.27,3.0,1.04,2.08,1.48,0.43,0.33,0.58,1.4,2.06,0.24,0.13,1.18,0.3,1.01,0.17,0.49,1.33,-1.57,1.33,2.59,-0.61,0.55,-1.12,2.02,-0.81,-0.34,-0.47,-0.33,-1.44,-0.45,-1.6
376,97058424,11/3/2025,18:33:50,,,-1.28,0.41,-0.23,-1.51,0.11,0.96,0.31,1.63,0.81,0.28,0.19,0.11,-0.11,3.07,0.89,2.07,1.47,0.55,0.42,0.79,1.39,1.84,0.27,0.11,0.91,0.45,1.38,0.15,0.23,1.4,-1.55,1.15,0.86,-0.3,0.39,-1.09,1.84,-0.76,-0.46,-0.45,-0.54,-1.3,-0.61,-1.43
377,97058416,11/3/2025,18:34:57,,,-1.17,0.34,-0.31,-1.63,0.36,1.17,0.33,1.71,1.13,0.48,0.1,0.23,-0.43,2.96,0.93,1.77,1.22,0.39,0.56,0.61,1.55,2.25,0.32,0.13,0.94,0.19,0.96,0.2,0.41,1.63,-1.38,1.02,1.09,-0.59,0.66,-1.01,2.16,-0.76,-0.25,-0.38,-0.13,-1.19,-0.36,-1.89
378,97058408,11/3/2025,18:35:57,,,-1.29,0.5,-0.58,-1.91,-0.17,0.89,0.28,1.39,0.71,0.11,0.09,0.11,-0.36,3.46,1.25,2.28,1.58,0.49,0.81,0.71,1.72,2.46,0.43,0.37,1.16,0.2,1.31,0.01,0.34,1.47,-1.68,1.06, ,-0.17,0.39,-0.8,1.78,-0.4,-0.47,-0.22,-0.34,-0.87,-0.67,-1.56
379,97056691,11/3/2025,18:36:44,,,-1.22,0.5,-0.45,-1.85,0.1,1.12,0.29,1.57,0.58,0.12,0.1,0.07,-0.24,3.45,1.2,2.18,1.31,0.48,0.45,0.6,1.77,2.41,0.17,0.14,1.32,0.21,1.3,0.27,0.45,1.52,-1.86,1.09, ,-0.42,0.51,-1.02,1.84,-0.68,-0.37,-0.39,-0.43,-1.14,-0.75,-1.67
380,97056683,11/3/2025,18:37:38,,,-1.27,0.32,-0.16,-1.81,0.05,1.02,0.34,1.65,0.77,0.14,0.03,0.14,-0.06,3.14,1.07,2.02,1.38,0.45,0.26,0.86,1.68,2.12,0.27,0.28,1.17,0.29,1.34,0.15,0.4,1.42,-1.68,1.03,1.07,-0.17,0.51,-1.19,1.89,-0.82,-0.38,-0.52,-0.42,-1.42,-0.65,-1.57
381,97056675,11/3/2025,18:39:32,,,-1.09,0.51,-0.54,-1.81,0.0,1.12,0.43,1.62,0.84,0.2,0.04,0.11,-0.32,3.24,1.08,1.97,1.22,0.36,0.41,0.75,1.76,2.23,0.42,0.21,1.07,0.07,1.35,0.2,0.32,1.38,-1.57,1.3,1,-0.61,0.54,-1.0,1.7,-0.72,-0.35,-0.38,-0.33,-1.16,-0.88,-1.76
382,97056667,11/3/2025,18:40:17,,,-1.27,0.27,-0.02,-1.47,0.23,0.58,0.22,1.94,0.69,0.41,0.51,0.1,-0.29,2.93,0.78,1.86,1.41,0.4,0.28,0.76,1.5,1.95,0.21,0.12,0.83,0.36,1.18,-0.03,0.52,1.12,-1.52,1.11, ,-0.5,0.55,-1.06,2.08,-0.78,-0.35,-0.42,-0.53,-1.12,-0.56,-1.74
383,97056659,11/3/2025,18:41:02,,,-1.55,0.41,0.02,-1.58,0.64,1.68,0.29,1.63,0.98,0.47,0.16,-0.01,-0.27,3.12,0.93,1.79,1.11,0.49,0.32,0.66,1.63,2.33,0.13,-0.02,0.97,0.29,1.33,-0.08,0.67,1.42,-1.63,1.16, ,-0.15,0.47,-1.17,2.12,-0.77,-0.41,-0.51,-0.65,-1.27,-0.62,-1.51
384,97056642,11/3/2025,18:41:46,,,-1.27,0.57,-0.61,-1.92,0.25,0.91,0.4,1.56,0.64,-0.03,-0.19,0.1,-0.21,3.57,1.29,2.52,1.6,0.48,0.49,0.71,1.83,2.34,0.05,-0.15,1.26,0.31,1.43,-0.07,0.77,1.5,-1.73,1.13,0.95,-0.22,0.44,-1.18,1.68,-0.71,-0.44,-0.51,-0.36,-1.24,-0.69,-1.44
385,97056634,11/3/2025,18:46:22,,,-1.26,0.43,-0.16,-1.77,0.18,1.52,0.31,1.52,0.47,0.12,0.32,0.03,-0.16,3.13,0.99,1.89,1.12,0.53,0.54,0.78,1.66,2.4,0.42,0.42,0.9,0.12,1.1,0.11,0.37,1.48,-1.65,1.12, ,-0.38,0.19,-0.94,1.62,-0.62,-0.62,-0.32,-0.64,-1.04,-0.87,-1.56
386,97056626,11/3/2025,18:47:07,,,-1.47,0.23,-0.12,-1.88,0.74,1.39,0.37,1.88,0.7,0.06,-0.1,0.06,-0.16,3.05,1.0,2.17,1.66,0.31,0.15,0.53,1.5,2.1,0.24,0.08,1.02,0.27,1.27,-0.01,0.68,1.38,-1.66,1.04,2.36,-0.65,0.57,-1.26,2.23,-1.0,-0.32,-0.58,-0.46,-1.22,-0.34,-1.91
387,97059356,11/3/2025,18:48:11,,,-1.51,0.29,0.05,-1.59,0.39,1.47,0.27,1.91,0.84,0.29,0.03,0.03,-0.31,2.89,0.66,1.8,1.53,0.45,0.36,0.6,1.35,1.81,0.2,-0.03,0.62,0.35,1.24,0.11,0.57,1.3,-1.73,1.08,1.01,-0.28,0.47,-1.3,2.16,-0.98,-0.41,-0.61,-0.36,-1.3,-0.19,-1.91
388,97059349,11/3/2025,18:48:56,,,-1.43,0.18,-0.18,-1.71,0.44,0.77,0.35,1.59,0.81,0.07,-0.12,0.07,-0.26,3.18,0.8,1.88,1.27,0.45,0.28,0.47,1.46,2.16,0.35,0.1,0.77,0.25,1.17,0.16,0.48,1.54,-1.65,1.35, ,0.04,0.53,-1.09,2.07,-0.79,-0.35,-0.44,-0.5,-1.18,-0.6,-1.82
389,97059331,11/3/2025,18:49:41,,,-1.33,0.25,-0.53,-2.03,0.06,1.09,0.43,1.58,0.56,-0.02,-0.28,0.06,-0.22,3.49,1.25,2.13,1.48,0.38,0.38,0.71,1.71,2.35,0.27,0.17,1.38,0.2,1.17,0.01,0.38,1.51,-1.68,1.15, ,-0.02,0.51,-1.05,1.99,-0.8,-0.38,-0.41,-0.54,-1.07,-0.53,-1.82
390,97059323,11/3/2025,18:51:00,,,-1.48,0.33,-0.41,-1.69,0.28,1.13,0.35,1.66,0.66,0.22,0.04,0.04,-0.38,3.44,0.94,2.15,1.76,0.46,0.18,0.64,1.35,2.12,0.08,-0.12,0.94,0.38,1.46,0.08,0.45,1.22,-1.78,1.2,2.13,-0.53,0.44,-1.11,2.05,-0.87,-0.43,-0.46,-0.53,-1.22,-0.51,-1.74
391,97047765,11/3/2025,18:51:50,,,-1.54,0.29,-0.46,-1.79,0.22,0.92,0.35,1.43,0.57,0.2,-0.14,0.03,-0.3,2.95,1.17,2.04,1.46,0.33,0.44,0.8,1.58,2.3,0.32,0.11,1.14,0.19,1.31,0.0,0.72,1.4,-1.5,1.14, ,0.5,0.37,-0.86,2.01,-0.52,-0.48,-0.27,-0.58,-1.0,-0.65,-1.63
392,97059315,11/3/2025,18:53:03,,,-1.39,0.23,-0.38,-1.91,0.39,0.92,0.33,1.49,0.63,0.1,-0.25,0.03,-0.36,3.18,1.13,2.15,1.59,0.44,0.27,0.71,1.5,2.29,0.22,0.08,1.28,0.13,1.26,0.14,0.41,1.37,-1.96,1.09,2.58,0.07,0.54,-1.28,2.08,-0.91,-0.35,-0.59,-0.44,-1.33,-0.56,-1.85
393,97059307,11/3/2025,18:54:01,,,-1.32,0.26,-0.25,-1.62,0.51,1.24,0.32,1.75,0.82,0.26,0.31,0.05,-0.39,2.67,0.96,1.68,1.08,0.31,0.59,0.51,1.38,2.16,0.16,0.13,0.81,0.25,1.32,0.05,0.61,1.29,-1.72,1.03, ,-0.17,0.45,-1.04,1.94,-0.71,-0.42,-0.4,-0.42,-0.87,-0.66,-1.68
394,97059281,11/3/2025,18:54:46,,,-1.17,0.54,-0.39,-2.01,0.11,0.96,0.44,1.53,0.53,-0.07,-0.18,0.01,-0.29,3.22,1.22,2.15,1.9,0.28,0.61,0.61,1.57,2.22,0.01,0.09,1.37,0.17,1.37,0.1,0.52,1.25,-1.59,1.01, ,-0.84,0.37,-1.21,1.79,-0.78,-0.48,-0.54,-0.42,-1.13,-0.62,-1.75
395,97059273,11/3/2025,18:55:38,,,-1.22,0.48,-0.26,-1.94,0.22,1.08,0.26,1.18,0.63,0.05,-0.45,0.13,-0.35,2.83,0.93,1.71,1.42,0.38,0.58,0.68,1.65,2.31,0.16,0.18,0.99,0.11,1.2,-0.13,0.55,1.44,-1.52,1.09, ,-0.42,0.32,-0.91,1.71,-0.44,-0.52,-0.3,-0.65,-0.97,-0.76,-1.24
396,97059265,11/3/2025,19:01:28,,,-1.34,0.29,-0.42,-2.15,0.1,1.19,0.35,1.59,0.82,0.06,-0.15,0.1,-0.26,2.9,1.35,1.9,1.49,0.18,0.79,0.69,1.67,2.48,-0.02,0.26,1.54,0.09,1.26,0.09,0.9,1.61,-1.61,0.93,0.99,-0.28,0.53,-1.26,1.99,-0.87,-0.35,-0.59,-0.56,-1.25,-0.68,-1.83
397,97059240,11/3/2025,19:02:14,,,-1.2,0.49,-0.17,-1.77,0.33,1.42,0.25,1.4,0.72,0.2,-0.19,0.11,-0.18,2.79,0.88,1.56,1.13,0.37,0.6,0.58,1.45,2.11,0.13,0.0,0.95,0.22,1.58,0.19,0.47,1.46,-1.59,1.43,2.19,-0.13,0.32,-0.93,1.67,-0.66,-0.52,-0.34,-0.57,-0.83,-0.94,-1.55
398,97059232,11/3/2025,19:03:15,,,-1.31,0.54,-0.81,-2.09,-0.26,0.77,0.41,1.54,0.6,-0.06,-0.22,0.08,-0.29,3.5,1.48,2.51,1.87,0.34,0.61,0.76,1.81,2.57,-0.27,-0.16,1.64,0.42,1.49,0.01,0.66,1.5,-1.57,0.8, ,0.03,0.41,-1.01,1.77,-0.56,-0.44,-0.4,-0.5,-1.14,-0.79,-1.59
399,97047757,11/3/2025,19:04:12,,,-1.42,0.56,-0.31,-1.73,0.21,1.4,0.21,1.27,0.7,0.17,-0.12,0.0,-0.1,2.88,0.92,1.58,1.25,0.41,0.55,0.59,1.62,2.28,0.02,0.03,1.02,0.24,1.39,-0.11,0.59,1.42,-1.45,1.21, ,-0.02,0.21,-1.01,1.69,-0.69,-0.6,-0.4,-0.56,-1.3,-0.66,-1.72
400,97059216,11/3/2025,19:05:02,,,-1.37,0.46,-0.38,-1.8,0.08,1.23,0.3,1.55,0.76,0.28,0.23,0.07,-0.22,2.76,1.13,1.8,1.7,0.34,0.44,0.56,1.47,2.3,-0.12,-0.15,1.77,0.32,1.22,0.15,0.83,1.53,-1.49,1.09,0.92,-0.17,0.37,-1.16,1.79,-0.82,-0.48,-0.51,-0.55,-1.35,-0.65,-1.83
401,97059208,11/3/2025,19:06:09,,,-1.34,0.54,-0.24,-1.8,0.16,1.03,0.25,1.44,0.66,0.14,0.04,0.12,-0.33,3.27,0.96,2.01,1.69,0.49,1.19,0.73,1.63,2.48,-0.13,-0.12,0.76,0.29,1.29,0.03,0.57,1.73,-1.31,0.83,2.38,-0.04,0.14,-0.99,1.5,-0.66,-0.66,-0.38,-0.46,-1.42,-0.79,-1.81
402,97059190,11/3/2025,19:07:06,,,-1.24,0.46,0.26,-1.22,0.73,2.01,0.27,1.64,0.92,0.53,0.3,0.17,-0.18,2.63,0.54,1.52,1.05,0.46,0.69,0.49,1.18,1.8,0.11,0.03,0.31,0.6,1.42,0.24,0.42,1.29,-1.87,1.33,1.06,0.23,0.41,-1.33,1.93,-1.09,-0.44,-0.65,-0.49,-1.27,-0.61,-2.03
403,97059182,11/3/2025,19:07:57,,,-1.31,0.54,-0.2,-1.76,0.33,1.12,0.29,1.62,0.56,0.1,0.12,0.01,-0.24,3.23,1.0,1.99,1.41,0.38,0.54,0.65,1.55,2.31,-0.13,0.06,0.94,0.41,1.29,0.13,0.63,1.47,-1.52,0.76,0.99,-0.34,0.42,-1.14,1.85,-0.84,-0.44,-0.5,-0.42,-1.38,-0.5,-1.95
404,97047740,11/3/2025,19:09:08,,,-1.27,0.49,-0.41,-1.79,0.24,1.22,0.22,1.48,0.49,0.08,-0.02,0.14,-0.22,2.85,1.03,1.96,1.47,0.4,0.27,0.57,1.5,2.15,0.24,0.23,1.12,0.47,1.41,0.17,0.74,1.59,-1.33,1.23,0.78,-0.51,0.4,-0.89,1.79,-0.66,-0.45,-0.31,-0.41,-1.09,-0.69,-1.72
405,97057392,11/3/2025,19:09:57,,,-1.3,0.36,-0.37,-1.75,0.32,1.23,0.28,1.61,0.71,0.32,0.14,0.05,-0.3,3.01,1.11,1.82,1.1,0.39,0.59,0.83,1.78,2.37,0.19,0.17,0.92,0.27,1.39,0.14,0.77,1.56,-1.68,0.88,1.09,-0.31,0.42,-1.02,1.98,-0.5,-0.43,-0.41,-0.51,-1.26,-0.47,-1.37
406,97057384,11/3/2025,19:10:52,,,-1.42,0.48,-0.48,-1.66,0.16,1.21,0.18,1.74,0.75,0.28,-0.17,0.03,-0.19,2.83,0.78,1.73,1.21,0.37,0.57,0.47,1.24,1.94,0.11,0.11,0.76,0.35,1.27,0.19,0.39,1.44,-1.59,1.1, ,-0.63,0.42,-1.11,2.04,-0.74,-0.43,-0.48,-0.49,-1.12,-0.44,-1.74
407,97057376,11/3/2025,19:14:51,,,-1.51,0.49,-0.38,-1.81,0.34,1.04,0.25,1.57,0.59,0.05,-0.08,0.12,-0.28,3.08,0.95,1.81,1.19,0.43,0.51,0.63,1.45,2.09,0.01,0.25,1.06,0.18,1.33,-0.03,0.5,1.45,-1.5,0.89,0.96,-0.47,0.26,-1.02,1.85,-0.74,-0.56,-0.41,-0.64,-1.04,-0.52,-1.8
408,97057368,11/3/2025,19:15:44,,,-1.3,0.34,0.06,-1.3,0.55,1.26,0.29,1.73,0.82,0.34,0.3,0.03,-0.17,2.47,0.57,1.83,1.48,0.56,0.13,0.47,1.04,1.62,0.1,0.04,0.51,0.43,1.4,0.18,0.45,1.25,-1.31,1.27, ,-0.68,0.64,-1.11,2.14,-0.91,-0.25,-0.48,-0.37,-1.17,-0.52,-1.98
409,97057350,11/3/2025,19:17:19,,,-1.23,0.45,-0.17,-1.75,0.17,1.3,0.31,1.87,0.86,0.28,0.15,0.22,-0.31,2.88,1.21,1.9,1.12,0.36,0.72,0.64,1.4,2.06,0.06,0.03,1.11,0.21,1.21,0.11,0.78,1.43,-1.46,0.93, ,-0.14,0.6,-0.97,2.01,-0.77,-0.29,-0.38,-0.4,-0.95,-0.51,-1.8
410,97057343,11/3/2025,19:18:04,,,-1.34,0.35,-0.55,-1.76,0.07,1.0,0.35,1.32,0.47,0.04,-0.11,0.16,-0.14,3.09,1.27,2.14,1.53,0.42,0.8,1.07,1.83,2.51,-0.02,0.17,1.2,0.17,1.18,0.08,0.48,1.63,-1.23,0.93,2.66,0.28,0.48,-0.75,1.92,-0.47,-0.38,-0.21,-0.43,-0.48,-0.73,-1.41
411,97057335,11/3/2025,19:18:49,,,-1.29,0.48,-0.05,-1.55,0.46,1.04,0.33,1.65,0.81,0.36,0.35,0.22,-0.17,2.75,1.06,1.78,1.16,0.35,0.32,0.58,1.29,2.04,0.04,0.1,0.9,0.21,1.29,0.37,0.58,1.47,-1.32,1.03, ,-0.08,0.6,-0.98,2.04,-0.75,-0.3,-0.38,-0.4,-0.96,-0.55,-1.78
412,97057327,11/3/2025,19:19:34,,,-1.1,0.48,-0.32,-1.52,0.18,0.93,0.31,1.45,0.58,0.28,0.42,0.24,-0.12,2.63,0.87,1.76,1.36,0.37,0.49,0.64,1.23,1.78,0.12,0.17,0.76,0.16,1.34,0.24,0.47,1.33,-1.31,1.2, ,-0.32,0.38,-1.05,1.68,-0.8,-0.46,-0.44,-0.48,-1.05,-0.81,-1.82
413,97057319,11/3/2025,19:20:19,,,-1.14,0.53,-0.53,-1.7,0.15,0.62,0.38,1.53,0.7,0.18,0.11,0.2,-0.31,3.07,1.16,2.1,1.36,0.3,0.46,0.89,1.54,2.14,-0.18,0.02,1.24,0.23,1.17,0.34,0.5,1.54,-1.32,1.0, ,-0.46,0.65,-0.97,1.99,-0.72,-0.25,-0.38,-0.29,-1.15,-0.46,-1.73
414,97057483,11/3/2025,19:21:13,,,-1.33,0.4,-0.53,-1.74,0.05,0.63,0.28,1.39,0.47,0.0,-0.17,0.23,-0.18,2.96,1.1,2.12,1.45,0.41,0.45,0.92,1.5,2.09,0.01,0.25,1.03,0.4,1.36,-0.09,0.44,1.51,-1.22,1.27, ,-0.24,0.64,-0.97,2.28,-0.79,-0.26,-0.38,-0.5,-1.13,-0.6,-1.82
415,97057475,11/3/2025,19:21:59,,,-1.22,0.58,0.04,-1.45,0.11,0.92,0.26,1.29,0.57,0.1,0.15,0.05,-0.3,3.13,0.88,1.86,1.42,0.28,0.72,0.52,1.44,2.14,0.12,-0.14,0.7,0.29,1.29,0.22,0.55,1.48,-1.33,1.03, ,0.07,0.28,-0.99,1.58,-0.43,-0.54,-0.39,-0.51,-1.1,-0.85,-1.42
416,97057459,11/3/2025,19:22:52,,,-1.34,0.31,-0.58,-1.94,-0.07,0.8,0.36,1.37,0.66,0.05,-0.26,0.14,-0.32,3.39,1.3,2.08,1.55,0.36,0.31,0.51,1.58,2.41,0.33,0.33,1.35,0.19,0.88,0.14,0.64,1.61,-1.44,1.23,1.07,-0.1,0.68,-1.01,2.23,-0.55,-0.23,-0.41,-0.34,-1.11,-0.4,-1.65
417,97057467,11/3/2025,19:23:45,,,-1.28,0.29,-0.45,-1.94,-0.07,1.17,0.29,1.5,0.55,0.04,-0.14,0.15,-0.19,3.04,1.18,2.12,1.59,0.23,0.64,0.77,1.64,2.23,0.14,0.18,1.18,0.21,1.1,0.16,0.69,1.43,-1.29,0.86,1.02,-0.15,0.63,-0.95,2.04,-0.63,-0.27,-0.36,-0.34,-1.01,-0.48,-1.72
418,97057442,11/3/2025,19:52:19,,,-1.25,0.42,-0.7,-1.65,0.0,0.6,0.3,1.75,0.59,0.18,0.19,0.18,-0.08,3.05,0.99,2.04,1.57,0.43,0.22,0.54,1.52,2.3,0.39,0.55,1.08,0.3,1.5,0.33,0.51,1.61,-1.46,1.43, ,-0.5,0.82,-1.19,2.28,-0.91,-0.13,-0.55,-0.36,-1.19,-0.36,-1.95
419,97057434,11/3/2025,19:54:19,,,-1.13,0.36,-0.22,-1.51,0.08,0.78,0.3,1.51,0.72,0.25,0.09,0.13,-0.18,2.88,0.84,1.71,1.21,0.3,0.36,0.57,1.54,2.11,0.32,0.39,0.86,0.22,1.31,0.2,0.34,1.58,-1.45,1.24,1.29,-0.04,0.6,-1.0,1.91,-0.67,-0.29,-0.4,-0.47,-1.1,-0.63,-1.72
420,97057426,11/3/2025,19:55:08,,,-1.17,0.51,-0.34,-1.57,0.02,1.13,0.31,1.54,0.67,0.19,0.33,0.14,-0.13,2.69,0.74,1.71,1.38,0.28,0.72,0.27,1.19,1.98,0.09,0.07,0.87,0.21,1.3,0.4,0.39,1.56,-1.63,1.33,1.17,0.24,0.5,-1.27,1.68,-0.89,-0.37,-0.61,-0.34,-1.24,-0.71,-1.67
421,97057418,11/3/2025,19:55:57,,,-1.27,0.3,-0.55,-1.75,-0.12,0.7,0.37,1.52,0.7,0.09,0.02,0.13,-0.18,3.19,1.28,2.13,1.45,0.21,0.25,0.6,1.65,2.43,0.21,0.14,1.11,0.2,1.28,0.11,0.82,1.79,-1.22,1.18, ,-0.3,0.65,-1.02,2.0,-0.63,-0.26,-0.42,-0.44,-1.2,-0.67,-1.78
422,97057400,11/3/2025,19:57:11,,,-1.22,0.52,-0.56,-1.61,-0.06,1.17,0.28,1.46,0.67,0.22,0.22,0.04,-0.11,2.96,1.04,1.97,1.38,0.36,0.81,0.54,1.52,2.39,-0.06,-0.02,0.87,0.35,1.34,0.29,0.4,1.75,-1.45,1.12,1.09,-0.28,0.48,-1.03,1.86,-0.76,-0.39,-0.42,-0.34,-1.0,-0.53,-1.67
423,97059943,11/3/2025,19:57:58,,,-1.29,0.5,-0.39,-1.84,0.03,0.77,0.38,1.74,0.81,0.25,0.05,0.04,-0.4,3.14,1.16,1.99,1.27,0.05,0.42,0.38,1.51,2.36,-0.06,-0.05,1.15,0.2,1.36,0.17,0.51,1.36,-1.82,0.88, ,-0.2,0.65,-1.12,2.05,-0.63,-0.25,-0.49,-0.24,-1.31,-0.43,-1.64
424,97059935,11/3/2025,19:58:47,,,-1.24,0.51,0.0,-1.57,0.21,1.04,0.38,1.61,0.84,0.59,0.45,0.11,-0.34,2.67,0.86,1.53,0.99,0.32,0.11,0.5,1.43,2.14,0.01,-0.19,0.85,0.23,1.19,0.29,0.65,1.54,-1.46,0.93,1,-0.64,0.4,-1.12,1.89,-0.84,-0.45,-0.49,-0.31,-1.42,-0.55,-2.02
425,97059927,11/3/2025,19:59:35,,,-1.22,0.39,-0.43,-1.54,0.16,0.92,0.37,1.77,0.99,0.45,0.36,0.07,0.04,2.92,0.84,1.81,0.97,0.23,-0.18,0.34,1.34,1.93,-0.16,-0.2,0.82,0.32,1.34,0.32,0.8,1.54,-1.58,0.82, ,-0.86,0.82,-1.21,2.21,-0.91,-0.11,-0.57,-0.22,-1.42,-0.29,-1.89
426,97059901,11/3/2025,20:00:39,,,-1.45,0.32,-0.57,-1.74,-0.03,0.98,0.19,1.56,0.57,0.05,-0.14,0.06,-0.08,2.84,0.84,1.95,1.26,0.22,0.54,0.54,1.43,2.19,0.21,0.09,0.98,0.35,0.99,0.12,0.71,1.45,-1.78,1.1,2.58,-0.34,0.61,-1.4,2.19,-0.89,-0.28,-0.72,-0.32,-1.68,-0.44,-1.62
427,97059919,11/3/2025,20:01:42,,,-1.3,0.15,-0.31,-1.63,0.19,1.0,0.34,1.94,1.03,0.39,0.18,0.02,-0.07,2.71,0.81,1.74,1.1,0.28,0.21,0.56,1.38,1.95,-0.02,-0.09,0.89,0.2,1.32,0.23,0.54,1.49,-1.58,1.17,2.87,-0.99,0.9,-1.34,2.49,-1.2,-0.05,-0.66,-0.37,-1.47,-0.23,-2.24
428,97059893,11/3/2025,20:03:06,,,-1.33,0.26,-0.19,-1.6,0.21,1.1,0.36,1.83,0.84,0.35,-0.01,0.08,-0.1,2.72,0.87,1.73,1.24,0.2,0.06,0.68,1.47,2.21,0.11,-0.12,1.76,0.28,0.98,0.22,0.59,1.53,-1.39,1.05, ,-0.53,0.79,-1.16,2.26,-0.92,-0.14,-0.54,-0.26,-1.24,-0.35,-2.01
429,97059885,11/3/2025,20:11:37,,,-1.22,0.31,-0.3,-1.81,0.17,1.16,0.31,1.77,0.72,0.14,-0.1,0.05,-0.04,2.76,0.94,1.79,1.25,0.26,0.17,0.76,1.63,2.08,0.04,0.32,1.13,0.13,1.19,0.49,0.73,1.65,-1.2,1.03,0.97,-0.83,0.9,-1.1,2.34,-0.92,-0.06,-0.49,-0.39,-1.38,-0.35,-2.11
430,97059877,11/3/2025,20:12:22,,,-1.21,0.51,-0.44,-1.6,0.21,1.25,0.3,2.01,0.6,0.2,0.06,0.02,0.02,2.78,0.96,1.83,1.39,0.53,0.47,0.68,1.44,2.14,0.01,-0.07,0.99,0.34,1.3,0.44,0.75,1.59,-1.46,1.07,0.93,-0.66,0.7,-1.37,2.1,-1.16,-0.22,-0.69,-0.33,-1.45,-0.38,-1.97
431,97059802,11/3/2025,20:13:06,,,-1.39,0.31,-0.39,-1.74,0.04,1.19,0.31,1.64,0.72,0.29,-0.06,0.04,-0.13,3.04,0.96,1.99,1.23,0.31,0.53,0.5,1.38,2.1,0.01,0.1,1.04,0.26,1.11,0.14,0.57,1.45,-1.65,0.95, ,-0.37,0.6,-1.07,2.26,-0.76,-0.3,-0.45,-0.57,-1.13,-0.43,-1.65
432,97059703,11/3/2025,20:13:51,,,-1.41,0.39,-0.5,-1.81,0.09,1.08,0.35,1.62,0.46,-0.04,-0.19,0.04,-0.15,2.84,1.12,1.97,1.5,0.29,0.55,0.69,1.55,2.2,0.02,-0.07,1.16,0.25,1.33,0.15,0.78,1.57,-1.32,1.02,1.09,0.08,0.59,-1.17,2.09,-0.84,-0.3,-0.53,-0.51,-1.31,-0.54,-2.01
433,97059745,11/3/2025,20:14:36,,,-1.31,0.19,-0.58,-1.73,0.09,0.88,0.3,1.71,0.42,0.08,0.13,0.05,-0.26,2.99,1.18,1.98,1.14,0.37,0.76,0.63,1.59,2.36,0.08,0.06,1.14,0.21,1.1,0.01,0.71,1.5,-1.54,1.06,0.98,-0.27,0.51,-1.07,2.12,-0.79,-0.37,-0.46,-0.59,-1.18,-0.38,-1.88
434,97059737,11/3/2025,20:15:20,,,-1.3,0.54,-0.58,-1.76,0.13,0.94,0.31,1.62,0.68,0.14,0.07,0.01,-0.32,2.83,1.08,1.93,1.77,0.22,0.8,0.49,1.51,2.28,-0.05,-0.15,1.1,0.27,1.36,0.07,0.68,1.45,-1.57,0.99,1.01,-0.17,0.34,-1.11,1.8,-0.67,-0.5,-0.48,-0.59,-1.33,-0.64,-1.61
435,97059729,11/3/2025,20:16:34,,,-1.38,0.45,0.23,-1.52,0.46,1.45,0.28,1.97,0.99,0.46,0.24,0.0,-0.13,2.67,0.76,1.73,1.13,0.39,-0.04,0.33,1.25,1.82,0.06,0.08,0.72,0.18,1.23,0.14,0.62,1.33,-1.6,0.99, ,-0.82,0.87,-1.37,2.55,-1.16,-0.09,-0.68,-0.45,-1.37,-0.19,-2
436,97059588,11/3/2025,20:17:19,,,-1.32,0.4,-0.17,-1.62,0.34,1.18,0.35,1.53,1.02,0.26,-0.29,-0.02,-0.24,2.86,0.95,1.74,1.19,0.33,0.38,0.5,1.34,2.05,-0.14,-0.12,0.97,0.29,1.34,0.05,0.56,1.32,-1.66,0.98,2.42,-0.11,0.62,-1.15,2.1,-0.74,-0.28,-0.52,-0.46,-1.24,-0.39,-1.54
437,97059570,11/3/2025,20:18:03,,,-1.57,0.48,-0.07,-1.53,0.35,1.2,0.25,1.6,0.94,0.43,-0.05,0.07,-0.19,2.63,0.8,1.75,1.38,0.39,0.26,0.41,1.31,2.05,0.05,-0.02,0.81,0.22,1.32,0.12,0.78,1.6,-1.57,1.1,2.49,-0.34,0.52,-1.11,2.26,-0.9,-0.36,-0.48,-0.47,-1.43,-0.29,-1.93
438,97059562,11/3/2025,20:18:48,,,-1.31,0.32,-0.43,-1.64,0.44,0.89,0.31,1.74,0.83,0.24,0.0,-0.07,-0.19,2.87,1.08,1.84,1.41,0.37,0.63,0.48,1.54,2.33,-0.01,0.06,1.0,0.27,1.4,0.35,0.7,1.62,-1.71,0.92,1.03,-0.22,0.78,-1.33,2.35,-1.04,-0.16,-0.66,-0.55,-1.29,-0.19,-1.92
439,97059554,11/3/2025,20:20:11,,,-1.33,0.3,-0.32,-1.71,0.29,1.02,0.41,1.92,0.76,0.24,0.03,-0.02,-0.3,2.82,0.99,1.94,1.04,0.31,0.71,0.68,1.29,1.98,-0.27,-0.02,0.97,0.22,1.19,0.08,0.97,1.59,-1.43,0.95,2.71,-0.56,0.84,-1.19,2.29,-0.94,-0.12,-0.55,-0.47,-1.4,-0.26,-2
440,97059547,11/3/2025,20:28:06,,,-1.3,0.22,-0.55,-1.74,0.11,1.05,0.38,2.46,0.74,0.19,0.12,0.11,-0.22,3.04,1.21,2.35,1.16,0.24,0.8,0.76,1.65,2.28,0.12,0.37,1.16,0.09,1.22,-0.18,0.74,1.6,-1.81,1.03, ,-0.21,0.54,-0.83,2.08,-0.63,-0.35,-0.27,-0.49,-1.29,-0.31,-1.75
441,97059547,11/3/2025,20:30:03,,,-1.33,0.23,-0.55,-1.72,0.12,1.06,0.37,2.45,0.73,0.19,0.14,0.12,-0.25,3.04,1.21,2.36,1.17,0.24,0.81,0.76,1.65,2.27,0.11,0.37,1.16,0.08,1.24,-0.17,0.73,1.62,-1.82,0.99,0.99,-0.18,0.56,-0.83,2.1,-0.64,-0.33,-0.27,-0.47,-1.31,-0.32,-1.75
442,97059448,11/3/2025,20:30:48,,,-1.32,0.3,-0.52,-1.97,0.33,0.95,0.42,1.63,0.63,0.03,-0.3,0.07,-0.28,3.18,1.33,2.18,1.37,0.43,0.97,0.7,1.5,2.31,0.07,0.07,1.27,0.12,1.15,-0.04,0.56,1.56,-1.47,1.09, ,-0.34,0.5,-1.14,1.97,-0.85,-0.38,-0.51,-0.48,-1.55,-0.5,-1.69
443,97059430,11/3/2025,20:31:33,,,-1.27,0.47,0.03,-1.53,0.54,1.12,0.42,1.67,0.8,0.29,0.29,0.2,-0.34,3.09,0.99,1.98,1.26,0.48,1.0,0.66,1.47,2.08,-0.11,-0.09,0.95,0.32,1.32,0.16,0.55,1.5,-1.55,0.88,0.97,0.03,0.56,-0.94,2.15,-0.75,-0.33,-0.36,-0.39,-1.12,-0.31,-1.68
444,97059422,11/3/2025,20:32:18,,,-1.41,0.39,-0.48,-1.8,0.18,0.79,0.37,1.77,0.66,0.06,-0.14,-0.04,-0.18,3.14,1.14,2.16,1.15,0.46,0.83,0.48,1.28,2.15,-0.2,-0.09,1.15,0.34,1.17,0.2,0.65,1.49,-1.78,1.07, ,-0.31,0.71,-1.25,2.31,-0.9,-0.22,-0.59,-0.48,-1.22,-0.3,-1.87
445,97059414,11/3/2025,20:33:03,,,-1.28,0.43,-0.47,-1.85,-0.05,0.65,0.39,1.69,0.78,0.13,-0.13,0.13,-0.34,2.92,1.01,2.04,1.22,0.22,0.69,0.52,1.37,2.12,0.17,0.03,1.16,0.35,1.2,0.01,0.63,1.49,-1.53,1.07, ,-0.29,0.9,-0.91,2.35,-0.66,-0.07,-0.32,-0.23,-0.98,-0.19,-1.67
446,97059406,11/3/2025,20:33:48,,,-1.4,0.43,-0.36,-1.58,0.12,0.63,0.4,1.79,0.71,0.25,0.02,-0.01,-0.37,2.65,0.97,1.97,1.23,0.45,0.67,0.35,1.17,1.97,-0.15,-0.01,0.95,0.31,1.33,0.74,0.87,1.52,-1.39,0.87,2.63,-0.18,0.87,-1.12,2.33,-0.82,-0.09,-0.48,-0.34,-1.38,-0.33,-1.78
447,97059406,11/3/2025,20:34:53,,,-1.38,0.45,-0.39,-1.57,0.12,0.62,0.4,1.79,0.72,0.24,0.02,-0.01,-0.32,2.64,0.97,1.97,1.23,0.43,0.66,0.36,1.17,1.97,-0.15,-0.02,0.96,0.3,1.33,0.75,0.9,1.51,-1.42,0.83, ,-0.17,0.86,-1.14,2.32,-0.83,-0.09,-0.5,-0.36,-1.38,-0.33,-1.79
448,97059257,11/3/2025,20:35:37,,,-1.39,0.52,-0.14,-1.61,0.2,1.19,0.38,1.36,0.68,0.21,0.07,0.14,-0.37,2.85,0.92,1.93,1.11,0.37,0.7,0.66,1.44,2.07,0.1,0.08,0.85,0.38,1.28,0.01,0.56,1.34,-1.37,1.18,1.1,0.16,0.48,-0.91,1.81,-0.64,-0.38,-0.32,-0.44,-1.29,-0.87,-1.75
449,97059380,11/3/2025,20:36:22,,,-1.47,0.43,-0.29,-1.68,0.27,1.01,0.34,1.23,0.65,-0.01,-0.29,0.0,-0.34,2.83,1.13,1.97,1.35,0.28,1.11,0.75,1.58,2.3,0.04,-0.04,1.07,0.24,1.25,-0.19,0.63,1.45,-1.26,1.15,2.32,0.53,0.35,-0.87,1.78,-0.47,-0.5,-0.29,-0.41,-1.27,-0.62,-1.52
450,97059372,11/3/2025,20:37:07,,,-1.42,0.45,-0.58,-1.77,-0.25,0.69,0.34,1.74,0.48,-0.1,-0.13,0.03,-0.19,3.05,1.19,2.05,1.1,0.45,0.79,0.76,1.67,2.36,0.06,0.07,1.18,0.23,1.01,0.48,0.5,1.78,-1.39,1.12,2.36,-0.24,0.53,-1.13,2.02,-0.67,-0.36,-0.48,-0.41,-1.35,-0.55,-1.7
451,97059364,11/3/2025,20:43:58,,,-1.32,0.24,-0.44,-1.78,0.15,0.92,0.39,1.47,0.56,-0.01,-0.1,0.07,-0.43,2.88,1.12,1.97,1.44,0.41,0.93,0.81,1.57,2.24,-0.05,0.24,1.12,0.26,1.31,-0.01,0.79,1.58,-1.37,0.95,1.04,-0.23,0.59,-1.06,2.12,-0.73,-0.31,-0.42,-0.43,-1.17,-0.57,-1.89
452,97059539,11/3/2025,20:44:43,,,-1.23,0.53,-0.25,-1.53,0.3,1.16,0.35,1.66,1.03,0.37,0.45,0.16,-0.22,2.93,0.97,1.83,1.07,0.45,0.62,0.43,1.46,2.21,0.12,0.12,1.01,0.28,1.5,0.22,0.42,1.64,-1.26,0.98,0.98,0.05,0.64,-1.08,2.11,-0.9,-0.27,-0.44,-0.38,-1.43,-0.49,-2.09
453,97077010,11/3/2025,20:45:28,,,-1.26,0.63,-0.56,-1.97,-0.08,1.05,0.4,1.13,0.65,0.05,-0.1,0.16,-0.29,3.15,1.33,2.3,1.71,0.36,0.79,0.77,1.64,2.56,-0.07,0.07,1.38,0.17,1.23,-0.01,0.56,1.71,-1.49,0.92, ,-0.1,0.38,-1.12,1.74,-0.78,-0.47,-0.46,-0.42,-1.31,-0.77,-1.84
454,97059513,11/3/2025,20:46:13,,,-1.36,0.54,-0.58,-1.74,-0.05,0.9,0.3,1.53,0.64,0.13,0.22,0.03,-0.57,3.08,1.05,2.75,1.67,0.33,0.4,0.4,1.32,2.19,0.0,0.12,1.11,0.31,1.34,0.08,0.7,1.39,-1.35,1.01, ,-0.17,0.46,-0.99,1.95,-0.54,-0.41,-0.37,-0.44,-1.27,-0.49,-1.47
455,97059505,11/3/2025,20:46:58,,,-1.34,0.64,-0.72,-1.89,-0.09,0.76,0.36,1.41,0.67,0.07,-0.05,0.03,-0.43,3.29,1.25,2.22,1.04,0.3,0.84,0.69,1.69,2.49,0.09,0.15,1.47,0.0,1.34,0.07,0.73,1.67,-1.24,0.85, ,-0.26,0.5,-1.07,1.81,-0.67,-0.38,-0.43,-0.38,-1.49,-0.79,-1.8
456,97059497,11/3/2025,20:47:43,,,-1.21,0.43,-0.27,-1.83,0.25,1.25,0.29,1.71,0.68,0.11,-0.06,0.13,-0.22,2.91,0.97,2.07,1.17,0.49,0.1,0.7,1.41,2.03,0.11,-0.14,1.17,0.24,1.34,0.17,0.55,1.39,-1.77,1.26, ,-0.89,0.88,-1.26,2.34,-1.16,-0.08,-0.58,-0.23,-1.35,-0.23,-2.13
457,97059489,11/3/2025,20:48:28,,,-1.21,0.37,-0.5,-1.79,0.21,0.94,0.38,1.98,0.8,0.25,0.27,0.19,-0.28,3.03,1.36,2.1,1.14,0.45,0.57,0.53,1.37,2.13,0.21,0.01,1.04,0.22,1.3,0.18,0.72,1.45,-1.88,1.15, ,-0.51,0.86,-1.08,2.31,-0.9,-0.09,-0.44,-0.27,-1.22,-0.22,-1.84
458,97059471,11/3/2025,20:49:12,,,-1.27,0.62,0.04,-1.62,0.24,0.85,0.33,1.54,1.02,0.41,0.29,0.11,-0.32,2.7,1.06,1.93,1.15,0.26,0.81,0.49,1.23,2.01,-0.04,0.03,0.99,0.19,1.28,-0.02,0.67,1.26,-1.64,1.02,0.79,-0.26,0.34,-1.09,1.75,-0.84,-0.5,-0.44,-0.24,-1.32,-0.35,-1.86
459,97059463,11/3/2025,20:49:57,,,-1.31,0.56,-0.49,-2.04,0.1,1.19,0.41,1.44,0.69,0.0,-0.17,0.14,-0.34,3.13,1.3,2.15,1.38,0.22,0.89,0.89,1.69,2.38,-0.06,0.04,1.5,0.21,1.25,0.09,0.9,1.46,-1.27,1.12, ,-0.23,0.43,-0.94,1.79,-0.71,-0.42,-0.32,-0.48,-1.38,-0.68,-1.81
460,97059455,11/3/2025,20:51:28,,,-1.33,0.22,-0.82,-1.92,0.18,0.65,0.32,1.41,0.53,-0.13,-0.65,0.06,-0.24,3.01,1.2,2.12,1.36,0.34,0.77,0.78,1.62,2.36,-0.1,0.04,1.31,0.26,1.3,0.03,0.6,1.5,-1.5,0.73, ,0.11,0.64,-1.06,2.24,-0.68,-0.26,-0.42,-0.44,-1.21,-0.4,-1.79
461,97055438,11/3/2025,20:52:13,,,-1.3,0.46,-0.26,-1.71,0.31,1.14,0.32,1.82,0.84,0.27,0.05,0.16,-0.33,2.84,1.12,1.82,0.67,0.49,0.23,0.32,1.34,2.25,0.28,0.21,1.03,0.17,1.31,0.25,0.75,1.6,-1.24,1.3,1.02,-0.39,0.82,-0.94,2.25,-0.86,-0.12,-0.33,-0.35,-0.99,-0.36,-2
462,97055420,11/3/2025,20:52:58,,,-1.27,0.53,-0.16,-1.2,0.56,0.3,0.29,1.61,0.58,0.43,0.67,0.04,-0.3,2.77,0.65,2.01,1.28,0.64,0.31,0.44,1.11,1.92,0.15,-0.02,0.52,0.47,1.18,0.09,0.55,1.45,-1.29,1.12, ,-0.03,0.37,-1.05,1.88,-0.79,-0.48,-0.41,-0.54,-1.33,-0.62,-1.89
463,97055404,11/3/2025,20:53:43,,,-1.5,0.4,-0.28,-1.53,0.48,0.91,0.34,1.65,0.62,0.28,-0.02,-0.06,-0.25,2.94,0.79,1.8,1.15,0.55,0.63,0.52,1.38,2.21,0.38,0.17,0.71,0.32,1.42,0.32,0.55,1.54,-1.2,1.19,2.43,-0.25,0.66,-0.97,2.19,-0.58,-0.24,-0.35,-0.35,-1.15,-0.44,-1.73
464,97047609,11/3/2025,20:58:43,,,-1.41,0.32,-0.19,-1.26,0.43,1.11,0.31,1.98,0.82,0.4,0.29,0.1,-0.37,2.36,0.45,1.57,0.94,0.37,0.51,0.29,0.93,1.65,0.07,0.1,0.41,0.48,1.58,0.38,0.5,1.28,-1.5,1.28, ,-0.56,0.87,-1.26,2.44,-0.88,-0.08,-0.57,-0.27,-1.19,-0.28,-1.84
465,97055388,11/3/2025,21:00:06,,,-1.5,0.38,-0.56,-1.71,0.3,0.95,0.32,1.49,0.72,-0.02,-0.26,0.05,-0.31,3.05,1.1,1.9,1.07,0.31,0.97,0.57,1.49,2.49,0.01,-0.24,1.15,0.22,1.32,0.03,0.91,1.7,-1.14,0.98,2.12,0.11,0.49,-0.85,2.06,-0.46,-0.37,-0.26,-0.35,-0.77,-0.56,-1.46
466,97055370,11/3/2025,21:28:32,,,-1.28,0.47,-0.64,-1.38,0.32,0.53,0.37,1.66,0.57,0.15,0.23,0.06,-0.11,3.2,0.78,2.31,1.69,0.43,0.75,0.79,1.2,1.75,-0.12,-0.26,0.87,0.44,1.55,0.19,0.3,1.41,-1.47,0.78, ,0.06,0.66,-1.38,2.2,-1.1,-0.24,-0.66,-0.29,-1.27,-0.36,-2.04
467,97055362,11/3/2025,21:29:33,,,-1.34,0.24,-0.14,-1.2,0.53,1.04,0.33,1.59,0.56,0.15,0.1,0.03,-0.29,2.61,0.78,1.79,1.2,0.39,1.2,0.4,1.13,1.93,-0.03,0.01,0.63,0.35,1.35,0.23,0.64,1.23,-1.59,1.08, ,0.51,0.7,-1.03,2.19,-0.52,-0.22,-0.4,-0.45,-0.88,-0.56,-1.39
468,97047591,11/3/2025,21:30:22,,,-1.24,0.51,0.23,-1.12,0.64,1.26,0.28,2.09,0.99,0.48,0.31,0.15,-0.29,2.38,0.28,1.35,0.84,0.44,0.13,0.4,1.03,1.52,0.26,0.18,0.35,0.3,1.52,0.13,0.57,1.36,-1.16,1.35, ,-0.62,0.74,-1.04,2.23,-0.72,-0.18,-0.41,-0.24,-1.25,-0.25,-1.92
469,97047567,11/3/2025,21:31:10,,,-1.17,0.47,0.16,-1.35,0.35,1.33,0.32,1.65,0.86,0.29,0.34,0.15,-0.41,2.74,0.6,1.76,0.87,0.4,0.64,0.43,1.23,1.84,0.1,-0.11,0.65,0.19,1.47,-0.04,0.47,1.24,-1.4,1.26,1.1,0.06,0.34,-0.87,1.68,-0.51,-0.49,-0.28,-0.49,-0.85,-0.75,-1.4
470,97055529,11/3/2025,21:31:58,,,-1.28,0.26,-0.48,-1.63,0.08,0.99,0.4,2.48,0.87,0.28,0.24,0.06,-0.14,3.22,1.08,1.97,1.25,0.29,0.6,0.43,1.55,2.51,0.06,-0.04,0.97,0.02,1.17,-0.04,0.79,1.55,-1.48,1.03, ,-0.26,0.8,-1.24,2.27,-0.78,-0.13,-0.56,-0.09,-1.2,-0.3,-1.71
471,97055511,11/3/2025,21:32:47,,,-1.39,0.45,0.26,-1.04,0.52,1.62,0.27,1.68,0.92,0.64,0.61,0.11,-0.5,2.83,0.58,1.78,1.23,0.38,0.88,0.46,1.32,2.1,0.26,0.21,0.32,0.43,1.16,-0.14,0.3,1.29,-1.69,1.09, ,0.26,0.27,-1.03,1.96,-0.53,-0.54,-0.41,-0.53,-1.2,-0.39,-1.39
472,97055503,11/3/2025,21:33:36,,,-1.32,0.33,-0.14,-1.8,0.34,1.11,0.35,1.44,0.7,0.05,-0.37,0.09,-0.12,3.14,0.94,1.93,1.25,0.32,0.55,0.82,1.7,2.41,0.21,0.17,1.03,0.25,1.33,0.12,0.67,1.44,-1.34,1.23, ,0.06,0.63,-1.09,2.11,-0.77,-0.26,-0.45,-0.51,-1.15,-0.43,-1.72
473,97055495,11/3/2025,21:34:25,,,-1.43,0.31,-0.49,-1.88,0.03,1.16,0.28,1.69,0.5,-0.06,-0.55,0.03,-0.29,3.29,1.04,2.2,1.84,0.39,0.57,0.91,1.71,2.4,0.1,-0.03,1.19,0.19,1.2,-0.05,0.57,1.48,-1.54,1.06, ,-0.01,0.49,-1.07,2.0,-0.62,-0.38,-0.44,-0.49,-1.23,-0.59,-1.7
474,97055487,11/3/2025,21:35:13,,,-1.27,0.3,-0.42,-1.76,0.07,0.96,0.28,1.7,0.88,0.24,-0.32,0.14,-0.26,3.18,0.87,2.0,1.19,0.33,0.77,0.42,1.41,2.17,0.16,0.08,0.85,0.26,1.48,-0.07,0.31,1.48,-1.35,1.26,1.02,-0.06,0.39,-1.02,1.79,-0.57,-0.45,-0.41,-0.32,-1.35,-0.48,-1.56
475,97055479,11/3/2025,21:36:01,,,-1.3,0.25,-0.54,-1.77,-0.23,0.75,0.36,1.5,0.69,0.03,-0.42,0.24,-0.46,3.09,1.2,2.09,1.3,0.09,0.86,0.51,1.42,2.39,0.07,-0.15,1.23,0.38,1.11,-0.47,0.71,1.4,-1.33,1.34,2.59,0.21,0.61,-0.85,1.96,-0.52,-0.27,-0.28,-0.53,-0.8,-0.66,-1.59
476,97055461,11/3/2025,21:40:53,,,-1.13,0.63,-0.9,-1.98,-0.48,0.32,0.36,1.12,0.48,-0.07,-0.14,0.17,-0.25,3.76,1.21,2.51,1.55,0.39,0.74,0.68,1.75,2.67,0.06,-0.01,1.39,0.0,1.16,0.08,0.28,1.65,-1.35,1.09,1.08,0.2,0.15,-0.85,1.41,-0.45,-0.63,-0.29,-0.61,-1.08,-0.93,-1.5
477,97055453,11/3/2025,21:41:41,,,-1.32,0.25,-0.57,-2.09,-0.02,0.75,0.39,1.44,0.69,0.04,-0.49,0.09,-0.37,3.26,1.18,2.1,1.42,0.35,0.26,0.6,1.54,2.34,0.23,0.07,1.36,0.12,1.21,0.02,0.36,1.46,-1.6,0.95, ,-0.32,0.7,-1.17,2.21,-0.79,-0.2,-0.54,-0.38,-1.27,-0.34,-1.74
478,97055446,11/3/2025,21:42:29,,,-1.21,0.56,0.04,-1.3,0.63,1.22,0.31,1.7,1.06,0.63,0.55,0.21,-0.52,2.59,0.67,1.56,0.83,0.49,0.67,0.08,1.06,1.76,0.13,0.01,0.48,0.11,1.45,0.35,0.62,1.27,-1.57,0.96, ,-0.47,0.48,-0.98,2.02,-0.73,-0.37,-0.39,-0.39,-1.2,-0.33,-1.81
479,97060453,11/3/2025,21:43:18,,,-1.3,0.36,-0.12,-1.42,0.31,1.18,0.27,1.56,0.93,0.41,0.04,0.15,-0.27,2.4,0.72,1.56,1.02,0.46,0.61,0.61,1.33,1.96,0.27,0.21,0.53,0.26,1.46,0.04,0.43,1.49,-1.31,1.06, ,-0.07,0.54,-1.03,2.03,-0.84,-0.32,-0.43,-0.32,-1.01,-0.71,-1.79
480,97059810,11/3/2025,21:44:06,,,-1.44,0.37,-0.56,-1.68,0.12,0.74,0.35,1.81,0.79,0.29,-0.14,0.02,-0.51,3.03,0.98,2.12,1.45,0.34,0.6,0.66,1.55,2.26,0.12,0.01,1.15,0.22,1.38,-0.28,0.41,1.45,-1.36,1.09,2.43,0.12,0.34,-0.97,1.96,-0.49,-0.48,-0.39,-0.53,-1.24,-0.46,-1.56
481,97060446,11/3/2025,21:44:55,,,-1.33,0.44,-0.54,-1.78,0.07,1.25,0.42,1.77,0.96,0.41,0.05,0.04,-0.33,2.87,1.07,1.97,1.1,0.29,0.15,0.8,1.63,2.1,0.21,0.01,1.17,0.33,1.36,0.27,0.57,1.34,-1.51,0.94, ,-0.68,0.66,-1.22,2.06,-0.9,-0.24,-0.58,-0.43,-1.3,-0.47,-2.03
482,97060438,11/3/2025,21:45:44,,,-1.35,0.47,-0.7,-1.89,-0.01,0.59,0.35,1.31,0.76,0.12,-0.24,0.13,-0.36,3.13,1.11,2.22,1.2,0.2,0.69,0.75,1.61,2.2,0.08,0.06,1.35,0.46,1.27,-0.13,0.48,1.35,-1.12,0.97, ,0.05,0.27,-0.94,1.75,-0.53,-0.54,-0.36,-0.58,-1.25,-0.7,-1.8
483,97060420,11/3/2025,21:46:32,,,-1.3,0.51,-0.4,-1.86,0.07,0.79,0.35,1.44,0.88,0.31,-0.1,0.01,-0.32,2.83,1.06,2.12,1.45,0.36,0.43,0.71,1.62,2.26,0.19,0.17,1.31,0.25,1.31,-0.01,0.58,1.49,-1.43,1.14,0.85,-0.37,0.32,-0.98,1.7,-0.58,-0.51,-0.39,-0.54,-1.16,-0.6,-1.71
484,97060412,11/3/2025,21:47:21,,,-1.26,0.57,-0.42,-1.68,0.38,1.26,0.28,1.59,0.88,0.34,0.03,0.02,-0.39,2.79,0.93,1.62,0.86,0.27,0.81,0.5,1.39,2.06,0.06,0.07,0.89,0.32,1.36,0.05,0.59,1.33,-1.38,1.07,1.05,0.17,0.3,-0.98,1.67,-0.51,-0.52,-0.39,-0.52,-1.28,-0.81,-1.61
485,97060404,11/3/2025,21:48:09,,,-1.38,0.35,-0.46,-1.71,0.28,0.66,0.24,2.0,0.65,0.19,0.15,0.1,-0.61,2.97,1.22,1.8,1.09,0.1,1.21,0.73,1.7,2.4,0.06,0.26,1.06,0.35,1.49,-0.28,0.74,1.35,-1.45,0.86, ,-0.06,0.14,-0.81,1.81,-0.33,-0.65,-0.26,-0.51,-1.06,-0.63,-1.48
486,97060388,11/3/2025,21:53:03,,,-1.34,0.42,-0.37,-1.69,0.06,1.27,0.36,1.59,0.8,0.37,0.38,0.02,-0.33,2.91,1.06,1.84,1.27,0.4,0.25,0.81,1.68,2.31,0.28,0.33,1.08,0.07,1.16,-0.04,0.34,1.47,-1.56,1.07,1.24,-0.05,0.44,-1.0,1.96,-0.66,-0.42,-0.4,-0.37,-1.24,-0.56,-1.81
487,97060370,11/3/2025,21:53:51,,,-1.33,0.43,-0.56,-1.79,0.18,1.2,0.38,1.36,0.8,0.12,-0.25,0.25,-0.47,3.09,1.04,2.18,1.16,0.28,0.66,0.51,1.28,1.98,0.03,0.06,1.33,0.26,1.29,-0.03,0.47,1.07,-1.51,0.88,1.1,0.22,0.46,-0.84,1.91,-0.6,-0.41,-0.29,-0.48,-0.89,-0.59,-1.66
488,97060362,11/3/2025,21:54:40,,,-1.39,0.31,-0.62,-1.81,0.12,0.85,0.36,1.53,0.61,0.04,-0.37,0.06,-0.31,3.01,0.93,2.14,1.57,0.31,0.57,0.89,1.47,2.12,0.23,0.15,1.07,0.27,1.43,-0.05,0.27,1.36,-1.51,1.23,1.01,-0.07,0.44,-1.11,2.01,-0.67,-0.42,-0.48,-0.46,-1.33,-0.5,-1.76
489,97060354,11/3/2025,21:55:28,,,-1.32,0.4,-0.49,-1.86,0.09,0.87,0.25,1.59,0.78,0.08,-0.17,0.11,-0.28,2.96,1.03,1.96,1.09,0.3,0.46,0.65,1.4,2.29,0.24,0.08,1.27,0.16,1.24,0.11,0.59,1.33,-1.55,1.15, ,0.0,0.55,-1.0,2.02,-0.71,-0.34,-0.4,-0.42,-1.15,-0.51,-1.65
490,97060347,11/3/2025,21:56:15,,,-1.41,0.29,-0.34,-1.68,0.29,0.83,0.36,1.78,0.69,0.18,-0.01,0.01,-0.23,2.99,1.02,2.12,1.42,0.31,0.4,0.63,1.5,2.35,0.2,0.2,1.07,0.19,1.37,-0.09,0.58,1.63,-1.3,1.19, ,-0.45,0.51,-1.15,2.1,-0.88,-0.37,-0.52,-0.45,-1.42,-0.41,-1.96
491,97060339,11/3/2025,21:57:03,,,-1.47,0.31,-0.99,-2.12,-0.25,0.61,0.41,1.61,0.5,-0.13,-0.57,0.05,-0.3,3.62,1.51,2.53,1.73,0.13,0.5,0.85,1.91,2.79,-0.08,0.0,1.7,0.18,1.29,-0.08,0.49,1.6,-1.59,0.69,2.33,0.08,0.36,-1.05,1.84,-0.57,-0.49,-0.43,-0.43,-1.34,-0.74,-1.63
492,97060321,11/3/2025,21:57:49,,,-1.29,0.22,-0.05,-1.44,0.42,1.23,0.25,1.66,0.67,0.31,0.0,0.13,-0.31,2.67,0.63,1.57,0.88,0.36,0.3,0.6,1.51,1.97,0.37,0.04,0.6,0.3,1.37,-0.11,0.3,1.43,-1.65,1.26,2.54,-0.41,0.69,-0.98,2.19,-0.65,-0.23,-0.38,-0.29,-1.31,-0.54,-1.69
493,97060313,11/3/2025,21:58:37,,,-1.42,0.3,-0.21,-1.54,0.36,1.0,0.27,1.91,0.69,0.3,-0.01,0.03,-0.22,2.85,0.94,1.88,1.46,0.28,0.26,0.41,1.36,2.17,-0.04,-0.1,0.8,0.27,1.11,0.08,0.73,1.54,-1.5,1.04, ,-0.4,0.62,-1.13,2.25,-0.76,-0.28,-0.5,-0.35,-1.37,-0.32,-1.81
494,97060305,11/3/2025,21:59:26,,,-1.46,0.2,-0.46,-1.69,0.33,1.19,0.28,1.63,0.64,0.32,-0.18,-0.03,-0.35,2.95,1.04,1.85,1.06,0.38,0.4,0.43,1.5,2.37,0.17,0.05,0.7,0.38,1.3,-0.06,0.66,1.52,-1.53,1.02, ,-0.15,0.56,-0.98,2.34,-0.55,-0.33,-0.37,-0.42,-1.18,-0.21,-1.74
495,97060297,11/3/2025,22:00:14,,,-1.23,0.51,-0.27,-1.62,0.37,1.31,0.32,1.56,0.85,0.42,0.17,0.17,-0.3,2.9,1.09,1.69,1.28,0.29,0.48,0.38,1.45,2.35,0.29,0.1,1.11,0.32,1.5,0.0,0.65,1.51,-1.57,1.15, ,-0.2,0.52,-1.04,1.98,-0.73,-0.36,-0.42,-0.24,-1.14,-0.36,-1.66
496,97059018,11/3/2025,22:05:07,,,-1.59,0.39,-0.45,-1.82,0.38,0.84,0.24,1.55,0.43,0.05,-0.09,0.26,-0.23,3.15,0.99,1.96,1.21,0.37,0.37,0.49,1.54,2.28,0.04,0.06,1.03,-0.04,1.31,-0.03,0.43,1.32,-1.44,1.01,0.89,-0.24,0.57,-0.9,2.24,-0.69,-0.32,-0.31,-0.38,-0.97,-0.24,-1.68
497,97059000,11/3/2025,22:05:54,,,-1.41,0.34,-0.4,-1.88,0.12,1.08,0.35,1.68,0.32,0.0,0.06,0.16,-0.29,2.99,1.26,1.88,1.47,0.28,0.73,0.48,1.53,2.48,0.26,0.24,1.23,0.14,1.27,0.07,0.72,1.69,-1.4,0.91, ,-0.41,0.81,-0.99,2.38,-0.66,-0.14,-0.38,-0.26,-1.02,-0.33,-1.69
498,97058994,11/3/2025,22:08:13,,,-1.29,0.53,-0.3,-1.68,0.26,1.09,0.4,1.45,0.58,0.28,0.56,0.17,-0.31,3.01,1.03,1.84,1.29,0.31,0.39,0.71,1.68,2.38,0.31,0.22,1.02,0.25,1.66,0.28,0.47,1.64,-1.57,1.19,2.62,-0.21,0.46,-0.86,1.77,-0.59,-0.41,-0.28,-0.5,-1.07,-0.78,-1.75
499,97058986,11/3/2025,22:09:17,,,-1.35,0.48,-0.33,-1.49,0.26,1.05,0.32,1.93,0.63,0.36,0.67,0.14,-0.15,2.72,0.75,1.88,1.45,0.43,0.48,0.51,1.4,2.13,0.26,0.2,0.55,0.33,1.47,0.13,0.72,1.49,-1.53,0.98,2.54,-0.3,0.42,-1.19,1.77,-0.9,-0.44,-0.54,-0.46,-1.3,-0.79,-1.67
500,97058978,11/3/2025,22:10:02,,,-1.41,0.31,-0.18,-1.39,0.48,0.82,0.24,2.2,0.64,0.33,0.43,0.07,-0.26,2.76,0.63,1.65,1.16,0.43,0.51,0.39,1.22,1.95,0.08,0.05,0.4,0.39,1.45,-0.05,0.34,1.23,-1.6,1.02, ,-0.26,0.51,-0.99,2.12,-0.7,-0.37,-0.38,-0.47,-1.07,-0.29,-1.54
501,97058960,11/3/2025,22:11:09,,,-1.26,0.56,-0.15,-1.63,0.36,1.38,0.39,1.38,0.6,0.11,-0.14,0.12,-0.32,2.85,0.94,1.75,1.3,0.3,0.95,0.39,1.38,2.36,0.14,0.02,0.81,0.14,1.27,0.19,0.54,1.63,-1.44,0.96,0.84,-0.22,0.45,-1.04,1.68,-0.68,-0.42,-0.42,-0.44,-0.93,-0.83,-1.62
502,97058952,11/3/2025,22:11:54,,,-1.23,0.4,-0.37,-1.73,0.27,0.57,0.34,1.51,0.54,0.09,0.11,0.04,-0.24,3.18,0.95,2.1,1.49,0.49,0.26,0.54,1.45,2.29,0.22,0.04,1.02,0.07,1.33,0.16,0.42,1.45,-1.62,1.03, ,-0.05,0.6,-0.98,1.87,-0.68,-0.3,-0.37,-0.38,-0.89,-0.53,-1.67
503,97058945,11/3/2025,22:12:39,,,-1.47,0.38,-0.15,-1.61,0.35,1.45,0.34,1.63,0.64,0.23,0.12,0.09,-0.29,2.77,0.79,1.6,1.0,0.39,0.85,0.38,1.45,2.08,0.1,-0.04,0.66,0.12,1.31,0.18,0.47,1.43,-1.78,1.2,1.01,-0.34,0.58,-1.14,2.04,-0.78,-0.32,-0.48,-0.41,-1.03,-0.59,-1.64
504,97059174,11/3/2025,22:13:23,,,-1.4,0.4,-0.01,-1.72,0.65,1.14,0.34,1.84,0.63,0.13,0.16,0.11,-0.48,2.55,0.99,1.56,1.12,0.35,1.2,0.45,1.36,2.38,-0.06,0.07,0.71,0.2,1.09,-0.07,0.88,1.56,-1.6,1.88,1.03,0.66,0.51,-1.07,2.21,-0.64,-0.37,-0.43,-0.41,-0.9,-0.2,-1.44
505,97059109,11/3/2025,22:14:08,,,-1.27,0.54,-0.4,-1.93,0.15,1.1,0.43,1.44,0.61,0.13,0.1,0.17,-0.39,2.87,1.09,1.87,1.08,0.23,1.05,0.3,1.51,2.28,0.21,0.08,1.24,0.07,1.28,0.11,0.56,1.46,-1.92,1.09,1.29,0.23,0.31,-1.11,1.66,-0.74,-0.53,-0.46,-0.42,-1.17,-0.63,-1.73
506,97059091,11/3/2025,22:14:53,,,-1.24,0.59,-0.12,-1.36,0.38,0.84,0.37,1.59,0.67,0.31,0.32,0.08,-0.27,2.71,0.83,1.71,1.01,0.39,0.41,0.48,1.47,2.22,0.34,0.2,0.7,0.32,1.46,-0.12,0.58,1.34,-1.5,0.95, ,-0.12,0.42,-1.01,1.98,-0.56,-0.44,-0.39,-0.69,-1.28,-0.69,-1.56
507,97059083,11/3/2025,22:15:38,,,-1.35,0.74,-0.56,-1.86,0.02,1.12,0.38,1.05,0.53,-0.19,-0.4,0.07,-0.36,2.91,1.17,1.99,1.02,0.27,1.51,0.65,1.59,2.53,-0.01,-0.01,1.13,0.19,1.19,-0.55,0.54,1.49,-1.33,0.75,2.13,1.09,-0.17,-0.41,1.06,0.37,-0.9,0.08,-0.5,-0.92,-1.07,-0.3
508,97059075,11/3/2025,22:20:23,,,-1.3,0.65,-0.14,-1.38,0.51,1.21,0.34,1.73,0.9,0.3,0.32,0.12,-0.29,2.47,0.69,1.61,0.89,0.41,0.72,0.57,1.21,1.94,0.12,0.13,0.51,0.29,1.48,0.01,0.24,1.58,-1.47,1.01,1.07,-0.05,0.37,-1.18,1.77,-0.84,-0.47,-0.53,-0.38,-1.22,-0.48,-1.81
509,97059067,11/3/2025,22:21:08,,,-1.48,0.45,-0.28,-1.48,0.4,1.34,0.32,1.98,0.56,0.17,0.19,-0.01,-0.36,2.77,0.79,1.66,0.92,0.43,0.73,0.12,1.05,1.77,-0.21,0.09,0.52,0.33,1.5,0.08,0.63,1.23,-1.48,0.94, ,0.39,0.31,-0.94,1.91,-0.49,-0.51,-0.34,-0.42,-1.11,-0.48,-1.43
510,97059059,11/3/2025,22:21:53,,,-1.38,0.47,0.08,-1.21,0.54,0.81,0.32,1.78,0.93,0.51,0.49,0.03,-0.28,2.48,0.55,1.53,1.27,0.43,0.59,0.49,1.08,1.75,0.08,-0.03,0.28,0.51,1.66,0.08,0.43,1.44,-1.57,1.23,2.41,-0.36,0.5,-1.26,2.11,-1.0,-0.36,-0.59,-0.46,-1.47,-0.52,-1.94
511,97059042,11/3/2025,22:22:39,,,-1.3,0.63,-0.24,-1.45,0.09,1.42,0.39,1.52,0.77,0.43,0.44,0.1,-0.26,2.95,0.79,1.85,1.05,0.5,0.76,0.67,1.35,1.98,0.02,-0.05,0.72,0.36,1.6,0.03,0.42,1.35,-1.39,1.22, ,-0.26,0.33,-0.92,1.69,-0.73,-0.5,-0.33,-0.48,-1.08,-0.74,-1.68
512,97059034,11/3/2025,22:23:24,,,-1.37,0.56,0.45,-0.91,0.47,1.5,0.19,1.83,1.06,0.83,1.18,0.02,-0.29,2.29,0.42,1.34,0.94,0.52,0.54,0.57,1.16,1.88,0.39,0.18,-0.03,0.21,1.47,0.01,0.24,1.43,-1.49,1.53, ,0.15,0.4,-1.06,1.96,-0.74,-0.44,-0.44,-0.55,-1.36,-0.62,-1.81
513,97058754,11/3/2025,22:24:57,,,-1.28,0.28,-0.14,-1.49,0.15,1.11,0.36,2.25,0.56,0.17,0.47,0.14,-0.2,2.86,0.83,1.79,1.18,0.42,0.21,0.72,1.63,2.08,0.36,0.22,0.87,0.28,1.43,-0.17,0.38,1.5,-1.45,1.15, ,-0.21,0.52,-1.05,2.06,-0.9,-0.34,-0.43,-0.5,-1.18,-0.59,-2
514,97058747,11/3/2025,22:25:42,,,-1.29,0.45,-0.42,-1.47,0.08,1.21,0.33,1.68,0.61,0.14,0.06,0.13,-0.37,2.92,0.87,2.13,1.19,0.39,0.67,0.79,1.42,2.15,0.27,-0.03,0.82,0.26,1.34,-0.12,0.48,1.32,-1.57,1.01, ,0.32,0.2,-0.93,1.55,-0.63,-0.59,-0.34,-0.5,-1.13,-0.73,-1.68
515,97058739,11/3/2025,22:27:15,,,-1.35,0.45,0.1,-1.3,0.6,1.66,0.25,1.64,0.88,0.46,0.26,-0.08,-0.44,2.71,0.81,1.66,1.0,0.51,0.98,0.53,1.4,2.39,-0.23,0.04,0.91,0.18,1.39,-0.13,0.42,1.58,-1.41,0.98, ,0.05,0.08,-0.78,1.58,-0.38,-0.68,-0.23,-0.57,-1.11,-0.72,-1.35
516,97058721,11/3/2025,22:28:46,,,-1.22,0.51,-0.12,-1.36,0.54,1.23,0.19,1.81,0.72,0.38,0.53,0.24,-0.22,2.38,0.64,1.54,1.12,0.53,0.44,0.67,1.28,1.93,-0.01,-0.17,1.19,0.2,1.33,-0.1,0.3,1.23,-1.58,0.96,1,-0.35,0.52,-1.16,2.01,-1.0,-0.34,-0.52,-0.41,-1.12,-0.28,-1.79
517,97058705,11/3/2025,22:32:14,,,-1.17,0.45,0.27,-1.05,0.59,1.51,0.19,2.09,0.99,0.72,0.79,0.14,-0.24,2.39,0.32,1.35,0.69,0.5,0.39,0.43,1.14,1.85,0.57,0.39,0.14,0.27,1.35,-0.08,0.29,1.39,-1.06,1.26, ,-0.07,0.35,-0.89,1.86,-0.78,-0.47,-0.31,-0.48,-1.19,-0.61,-1.88
518,97058689,11/3/2025,22:34:35,,,-1.35,0.4,0.17,-1.18,0.65,1.04,0.15,2.02,0.9,0.44,0.43,0.11,-0.37,2.46,0.51,1.64,1.1,0.59,0.26,0.51,1.1,1.93,0.24,0.11,0.32,0.3,1.52,0.01,0.45,1.46,-1.45,0.95, ,-0.28,0.53,-0.98,2.14,-0.79,-0.33,-0.38,-0.46,-1.06,-0.44,-1.77
519,96379854,11/3/2025,22:36:09,,,-1.32,0.53,-0.03,-1.18,0.37,1.07,0.26,1.68,1.04,0.53,0.59,0.15,-0.44,2.58,0.4,1.67,0.98,0.55,0.29,0.23,0.95,1.75,0.35,0.11,0.34,0.24,1.49,0.15,0.45,1.36,-1.36,1.17,1.03,-0.31,0.54,-1.18,1.9,-0.86,-0.33,-0.53,-0.26,-1.48,-0.56,-1.55
520,97058697,11/3/2025,22:36:53,,,-1.28,0.32,0.1,-1.27,0.46,0.91,0.23,1.73,0.6,0.23,0.46,0.08,-0.29,3.05,0.66,1.91,1.14,0.41,0.43,0.67,1.47,2.15,0.45,0.18,0.54,0.25,1.45,0.0,0.26,1.52,-1.38,1.28, ,-0.55,0.56,-1.07,2.14,-0.83,-0.32,-0.44,-0.54,-1.07,-0.33,-1.8
521,96379839,11/3/2025,22:37:38,,,-1.32,0.42,-0.53,-1.51,-0.07,0.83,0.33,1.49,0.5,0.11,0.25,0.17,-0.22,2.89,0.74,2.11,1.37,0.47,0.72,0.64,1.49,2.25,0.19,-0.03,0.74,0.21,1.31,-0.03,0.47,1.7,-1.12,0.97,2.37,0.09,0.13,-1.04,1.4,-0.61,-0.65,-0.41,-0.58,-1.19,-0.98,-1.19
522,97058671,11/3/2025,22:38:24,,,-1.27,0.56,0.07,-1.06,0.24,1.2,0.19,1.96,1.05,0.75,0.78,0.17,-0.04,2.32,0.32,1.45,1.23,0.49,-0.04,0.14,0.9,1.75,0.44,0.55,0.2,0.36,1.44,0.09,0.45,1.57,-1.48,1.46,0.96,0.12,0.68,-1.31,2.21,-1.13,-0.22,-0.62,-0.42,-1.25,-0.22,-1.99
523,96379821,11/3/2025,22:39:08,,,-1.26,0.43,-0.39,-1.37,0.09,1.14,0.34,2.06,0.81,0.4,0.45,0.23,-0.24,2.63,0.77,1.75,0.9,0.36,0.54,0.36,1.3,2.19,0.26,0.09,0.65,0.34,1.4,0.1,0.59,1.49,-1.34,1.13,1.01,-0.24,0.37,-1.02,1.71,-0.78,-0.46,-0.4,-0.42,-1.07,-0.73,-1.75
524,96379847,11/3/2025,22:39:54,,,-1.29,0.53,-0.36,-1.25,0.06,1.04,0.18,1.55,0.75,0.36,0.51,0.11,-0.37,2.57,0.69,1.81,1.22,0.3,0.72,0.11,1.08,1.94,0.09,0.03,0.46,0.45,1.42,0.0,0.63,1.46,-1.56,0.89, ,-0.05,0.4,-1.08,1.89,-0.66,-0.43,-0.45,-0.49,-1.08,-0.68,-1.58
525,96379813,11/3/2025,22:40:38,,,-1.34,0.42,-0.3,-1.34,0.24,1.24,0.23,1.7,0.9,0.46,0.42,0.09,-0.37,2.71,0.73,1.83,1.54,0.43,0.52,0.22,1.16,1.95,0.14,0.02,0.51,0.29,1.31,-0.02,0.41,1.38,-1.26,0.98,1.1,-0.04,0.44,-0.95,1.9,-0.64,-0.41,-0.34,-0.46,-1.04,-0.59,-1.52
526,96379805,11/3/2025,22:41:23,,,-1.37,0.41,-0.43,-1.59,-0.06,1.08,0.31,1.43,0.51,0.09,0.07,0.23,-0.27,2.85,0.83,2.2,1.41,0.36,0.53,0.44,1.23,1.97,0.14,-0.05,0.92,0.49,1.37,0.02,0.62,1.52,-1.36,0.97, ,0.11,0.19,-1.02,1.71,-0.71,-0.6,-0.4,-0.38,-0.93,-0.55,-1.66
527,96379797,11/3/2025,22:42:08,,,-1.19,0.57,-0.14,-1.1,0.28,1.53,0.26,1.77,1.03,0.58,0.55,0.34,-0.67,2.41,0.33,1.63,0.9,0.44,0.58,0.04,0.77,1.66,-0.05,-0.05,0.19,0.43,1.4,0.21,0.38,1.43,-1.23,0.92,2.11,-0.31,0.44,-0.84,1.69,-0.71,-0.41,-0.25,-0.39,-0.87,-0.63,-1.63
528,96379789,11/3/2025,22:47:49,,,-1.3,0.62,0.01,-1.11,0.36,1.37,0.23,1.41,0.8,0.47,0.71,0.13,-0.45,2.26,0.61,1.37,0.79,0.36,0.62,0.3,1.05,1.9,0.34,0.27,0.55,0.27,1.34,-0.02,0.56,1.47,-1.14,1.04,0.9,0.25,0.08,-0.61,1.56,-0.29,-0.69,-0.07,-0.61,-1.02,-0.77,-1.3
529,96379771,11/3/2025,22:48:33,,,-1.31,0.46,-0.41,-1.38,0.16,1.05,0.29,1.84,0.82,0.36,0.52,0.15,-0.27,2.61,0.59,1.68,0.88,0.32,0.23,0.07,0.9,1.8,-0.03,-0.17,0.62,0.22,1.25,-0.07,0.56,1.39,-1.26,0.97, ,-0.41,0.36,-1.05,1.94,-0.89,-0.47,-0.41,-0.39,-0.8,-0.28,-1.65
530,97058572,11/3/2025,22:49:18,,,-1.28,0.41,-0.66,-1.48,-0.01,0.62,0.28,1.62,0.68,0.19,0.14,0.2,-0.29,2.86,0.98,2.32,1.58,0.36,0.25,0.47,1.47,2.17,0.19,0.07,1.04,0.34,1.37,0.15,0.78,1.56,-1.4,1.1, ,-0.65,0.64,-0.98,2.23,-0.7,-0.25,-0.35,-0.47,-0.8,-0.29,-1.66
531,97058564,11/3/2025,22:50:03,,,-1.11,0.41,-0.15,-1.43,0.31,1.08,0.27,1.65,1.39,0.57,0.37,0.34,-0.47,2.63,0.74,1.67,1.36,0.37,0.49,0.09,0.95,1.84,0.24,0.13,0.63,-0.13,1.38,0.26,0.58,1.56,-1.19,0.98,2.65,-0.52,0.7,-0.85,1.91,-0.71,-0.21,-0.25,-0.15,-1.04,-0.53,-1.95
532,97058556,11/3/2025,22:50:48,,,-1.22,0.45,-0.85,-1.64,-0.07,0.74,0.32,1.6,0.68,0.22,0.21,0.16,-0.45,3.05,1.18,2.21,1.4,0.16,0.77,0.54,1.46,2.38,0.18,0.1,1.1,0.55,1.29,0.02,0.53,1.59,-1.39,1.07,1.78,0.2,0.44,-0.92,1.96,-0.46,-0.41,-0.31,-0.49,-1.15,-0.6,-1.42
533,97058549,11/3/2025,22:51:33,,,-1.28,0.45,0.09,-1.33,0.51,1.25,0.27,1.38,0.88,0.42,0.29,0.17,-0.4,2.66,0.78,1.75,1.34,0.53,0.68,0.28,1.25,2.4,0.5,0.26,0.46,0.13,1.26,-0.19,0.73,1.82,-0.94,1.03, ,0.19,0.31,-0.78,1.8,-0.53,-0.5,-0.19,-0.58,-1.1,-0.86,-1.57
534,97058531,11/3/2025,22:53:35,,,-1.24,0.46,-0.55,-1.64,0.53,1.16,0.37,1.65,0.52,0.08,0.24,0.04,-0.11,2.85,0.76,2.01,1.46,0.37,0.44,0.84,1.56,2.26,0.25,0.01,0.91,0.3,1.46,0.04,0.43,1.37,-1.44,0.95,1.08,-0.39,0.63,-1.1,2.06,-0.69,-0.25,-0.44,-0.32,-1.38,-0.41,-1.5
535,97058523,11/3/2025,22:55:01,,,-1.31,0.63,0.14,-1.16,0.49,1.52,0.26,1.8,0.8,0.57,0.6,-0.01,-0.27,2.46,0.49,1.63,1.16,0.49,0.49,0.09,1.01,1.89,0.23,0.02,0.19,0.47,1.57,0.09,0.31,1.52,-1.58,0.89,0.89,-0.04,0.26,-1.16,1.87,-0.73,-0.54,-0.49,-0.52,-1.15,-0.47,-1.59
536,97058515,11/3/2025,22:55:46,,,-1.33,0.51,-0.45,-1.72,0.08,1.01,0.34,2.23,0.78,0.16,0.12,0.14,-0.33,2.75,0.87,2.05,1.06,0.32,0.3,0.05,1.27,2.23,0.15,-0.08,0.93,0.17,1.31,-0.05,0.59,1.64,-1.35,1.15, ,-0.44,0.64,-1.19,2.21,-0.86,-0.25,-0.51,-0.29,-1.28,-0.09,-1.87
537,97058507,11/3/2025,22:56:31,,,-1.34,0.34,0.1,-1.18,0.42,0.91,0.24,1.94,0.68,0.32,0.51,-0.01,-0.23,2.85,0.6,1.85,1.43,0.52,0.7,0.24,1.13,1.99,0.09,-0.04,0.04,0.43,1.21,-0.18,0.24,1.41,-1.64,0.63, ,-0.3,0.5,-1.08,2.11,-0.7,-0.36,-0.43,-0.35,-1.06,-0.28,-1.54
538,97058937,11/3/2025,23:13:14,,,-1.28,0.47,-0.5,-1.59,0.24,0.96,0.27,1.85,0.6,0.12,0.2,0.3,-0.38,2.9,1.0,1.97,1.52,0.44,0.49,0.58,1.35,2.2,0.19,0.24,0.6,0.27,1.45,0.13,0.72,1.53,-1.29,1.34,1.02,-0.48,0.52,-1.01,2.0,-0.76,-0.34,-0.37,-0.43,-1.44,-0.53,-1.96
539,97058929,11/3/2025,23:13:58,,,-1.22,0.33,-0.08,-1.39,0.76,1.29,0.42,2.08,1.09,0.44,0.34,0.25,-0.21,2.81,0.66,1.7,1.32,0.33,0.22,0.32,1.2,1.86,0.46,0.13,0.49,0.24,1.46,0.16,0.51,1.42,-1.41,1.44,1,-0.4,0.66,-1.18,2.13,-0.99,-0.23,-0.5,-0.3,-1.36,-0.33,-2.08
540,97058911,11/3/2025,23:14:44,,,-1.2,0.26,-0.38,-1.47,0.1,0.75,0.22,1.98,0.77,0.27,0.48,0.21,-0.2,3.35,0.85,1.99,1.57,0.3,0.07,0.45,1.45,2.28,0.4,0.32,0.62,0.03,1.42,-0.01,0.2,1.46,-1.67,1.14,0.93,-0.67,0.6,-1.19,2.12,-1.01,-0.28,-0.5,-0.27,-1.22,-0.25,-2.01
541,97058903,11/3/2025,23:15:28,,,-1.3,0.5,-0.28,-1.38,0.28,1.23,0.29,1.95,0.5,0.26,0.4,0.16,-0.28,3.07,0.74,1.88,1.14,0.49,0.3,0.41,1.26,2.08,0.16,-0.04,0.47,0.19,1.41,0.36,0.55,1.51,-1.46,1.09, ,-0.62,0.39,-1.14,1.89,-0.88,-0.44,-0.47,-0.38,-1.39,-0.44,-1.96
542,97058879,11/3/2025,23:16:14,,,-1.18,0.5,-0.11,-1.28,0.38,1.16,0.25,1.78,0.55,0.36,0.54,0.3,-0.38,2.72,0.78,1.84,1.18,0.43,0.41,0.21,1.04,1.98,0.34,0.04,0.58,0.36,1.4,0.01,0.45,1.39,-1.27,1.27,1.46,-0.31,0.46,-0.96,1.95,-0.79,-0.38,-0.33,-0.3,-1.18,-0.41,-1.93
543,97058895,11/3/2025,23:16:58,,,-1.28,0.32,-0.33,-1.67,0.19,1.19,0.33,1.53,0.79,0.19,-0.08,0.14,-0.18,2.79,0.92,1.71,0.93,0.33,0.26,0.45,1.33,2.18,0.24,0.05,0.82,0.1,1.22,0.11,0.64,1.49,-1.61,1.16, ,0.02,0.59,-1.05,2.11,-0.77,-0.28,-0.4,-0.42,-1.22,-0.41,-1.8
544,97058861,11/3/2025,23:17:43,,,-1.14,0.58,-0.1,-1.3,0.28,1.34,0.3,2.05,0.66,0.41,0.87,0.17,-0.13,2.67,0.7,1.8,1.06,0.41,0.8,0.47,1.37,2.26,0.45,0.15,0.46,0.39,1.6,0.12,0.5,1.63,-1.32,1.18,2.58,-0.14,0.25,-1.02,1.67,-0.8,-0.54,-0.38,-0.4,-1.28,-0.66,-1.66
545,97058887,11/3/2025,23:19:54,,,-1.26,0.37,-0.07,-1.21,0.47,1.37,0.22,1.93,0.87,0.52,0.62,0.07,-0.2,2.45,0.56,1.73,1.2,0.39,0.28,0.41,1.16,1.95,0.32,0.14,0.29,0.44,1.52,-0.03,0.13,1.59,-1.43,1.14, ,-0.59,0.51,-1.03,2.06,-0.77,-0.34,-0.38,-0.38,-1.06,-0.45,-1.71
546,97058853,11/3/2025,23:20:58,,,-1.39,0.44,-0.16,-1.66,0.24,1.26,0.35,1.29,0.66,0.34,0.36,0.07,-0.33,3.01,1.1,1.84,1.16,0.31,0.9,0.58,1.51,2.37,0.49,0.19,1.07,0.17,1.12,-0.22,0.51,1.48,-1.45,0.52, ,-0.26,-0.02,-0.84,1.61,-0.37,-0.75,-0.23,-0.6,-1.12,-0.77,-1.26
547,97059026,11/3/2025,23:21:43,,,-1.34,0.46,-0.49,-1.65,0.3,0.95,0.29,1.49,0.47,0.15,0.06,0.03,-0.26,2.82,0.88,1.76,1.31,0.33,0.82,0.62,1.44,2.18,-0.05,0.17,0.6,0.18,1.36,0.08,0.63,1.56,-1.38,1.03,1.02,-0.21,0.32,-0.87,1.71,-0.44,-0.49,-0.25,-0.45,-1.23,-0.74,-1.46
548,97058846,11/3/2025,23:30:26,,,-1.26,0.42,-0.38,-1.57,0.02,1.1,0.28,1.71,0.52,0.18,0.29,0.05,0.02,3.11,0.75,1.9,1.16,0.38,0.37,0.51,1.38,2.23,0.27,0.33,0.63,0.28,1.37,0.45,0.29,1.52,-1.56,1.29,2.59,-0.43,0.49,-1.16,1.91,-0.83,-0.35,-0.48,-0.48,-1.36,-0.68,-1.52
549,97058838,11/3/2025,23:31:11,,,-1.45,0.42,0.02,-1.26,0.44,1.35,0.34,1.63,0.81,0.52,0.6,-0.03,-0.63,2.72,0.85,1.65,0.97,0.21,1.27,0.37,1.13,2.09,-0.15,-0.08,0.44,0.54,1.29,-0.18,0.59,1.32,-1.8,0.75, ,0.09,0.16,-1.02,1.85,-0.39,-0.61,-0.38,-0.53,-1.28,-0.55,-1.28
550,97058820,11/3/2025,23:31:55,,,-1.36,0.42,-0.47,-1.7,0.11,0.91,0.33,1.52,0.36,0.0,-0.13,0.02,-0.22,2.81,1.04,1.75,1.22,0.19,0.46,0.52,1.52,2.27,0.14,-0.02,0.99,0.33,1.33,0.0,0.64,1.5,-1.46,1.02, ,-0.37,0.44,-0.92,1.95,-0.46,-0.39,-0.3,-0.42,-1.25,-0.63,-1.53
551,97058812,11/3/2025,23:32:40,,,-1.22,0.48,-0.49,-1.67,0.17,0.67,0.32,1.67,0.61,0.23,0.12,0.18,-0.33,3.03,1.07,1.74,0.95,0.22,0.56,0.51,1.41,2.29,0.03,-0.05,0.81,0.3,1.39,0.23,0.66,1.51,-1.54,1.28,1.31,-0.6,0.63,-1.13,2.1,-0.85,-0.24,-0.46,-0.34,-1.44,-0.31,-1.68
552,97058804,11/3/2025,23:33:40,,,-1.18,0.44,-0.19,-1.45,0.61,0.84,0.37,1.64,0.85,0.37,0.17,0.16,-0.22,2.69,0.65,1.62,1.11,0.51,0.54,0.17,1.06,2.01,0.26,-0.04,0.55,0.17,1.3,0.19,0.34,1.52,-1.46,1.15,0.95,-0.35,0.55,-1.1,1.96,-0.78,-0.31,-0.43,-0.32,-1.26,-0.61,-1.82
553,97058796,11/3/2025,23:34:25,,,-1.45,0.37,0.06,-1.21,0.48,1.38,0.32,1.8,0.79,0.44,0.43,0.11,-0.34,2.86,0.47,1.65,0.85,0.41,0.37,0.25,1.07,1.87,0.46,0.13,0.31,0.41,1.35,-0.1,0.46,1.43,-1.38,1.13,1.06,-0.51,0.38,-0.92,2.06,-0.61,-0.44,-0.3,-0.39,-1.06,-0.37,-1.52
554,97058788,11/3/2025,23:35:09,,,-1.33,0.45,-0.15,-1.34,0.36,0.55,0.33,1.52,0.83,0.41,0.34,0.09,-0.24,2.79,0.57,1.91,1.38,0.34,0.51,0.21,1.06,2.03,0.24,0.1,0.36,0.36,1.51,0.08,0.53,1.48,-1.42,1.15,2.49,-0.03,0.36,-0.9,1.8,-0.5,-0.45,-0.29,-0.56,-1.01,-0.82,-1.43
555,97060396,11/3/2025,23:35:54,,,-1.3,0.32,-0.84,-2.03,-0.1,0.77,0.43,1.36,0.51,-0.17,-0.2,0.19,-0.28,3.59,1.34,2.33,1.64,0.18,0.67,0.67,1.79,2.57,0.11,0.11,1.43,0.17,1.24,0.09,0.61,1.48,-1.43,0.83, ,0.0,0.41,-0.85,1.93,-0.51,-0.42,-0.25,-0.58,-0.61,-0.78,-1.48
556,97058770,11/3/2025,23:36:39,,,-1.17,0.33,-0.44,-1.76,0.29,0.54,0.38,1.47,0.69,0.16,0.11,0.22,-0.39,2.84,1.03,2.04,1.41,0.32,0.72,0.75,1.67,2.38,0.49,0.23,0.85,0.06,1.39,-0.08,0.65,1.46,-1.62,1.28,0.91,-0.33,0.46,-0.92,1.91,-0.5,-0.38,-0.3,-0.54,-0.81,-0.6,-1.4
557,97058762,11/3/2025,23:37:24,,,-1.22,0.56,-0.45,-1.77,0.27,0.97,0.41,1.28,0.66,0.06,-0.25,0.19,-0.29,3.27,0.88,2.11,1.64,0.46,0.84,0.4,1.53,2.49,0.49,0.09,0.98,0.38,1.36,0.0,0.55,1.87,-1.2,1.18, ,0.18,0.25,-0.79,1.66,-0.56,-0.54,-0.2,-0.57,-1.02,-0.86,-1.7
558,97058119,11/3/2025,23:38:08,,,-1.26,0.47,-0.45,-1.92,0.23,0.64,0.33,1.4,0.61,0.0,-0.18,0.06,-0.28,3.32,1.12,2.04,1.36,0.24,0.78,0.53,1.76,2.61,0.21,0.06,1.25,0.16,1.33,0.09,0.39,1.68,-1.5,1.15, ,-0.03,0.27,-0.86,1.71,-0.39,-0.53,-0.25,-0.53,-0.73,-0.71,-1.36
559,97058499,11/3/2025,23:40:30,,,-1.36,0.42,-0.13,-1.51,0.12,1.24,0.22,2.36,0.62,0.29,0.55,0.05,-0.31,3.11,1.06,2.01,1.22,0.2,0.75,0.41,1.53,2.37,0.16,0.22,0.69,0.24,1.43,-0.15,0.71,1.67,-1.37,1.09,2.47,-0.52,0.55,-1.26,2.26,-0.81,-0.32,-0.56,-0.42,-1.44,-0.24,-2.02
560,97058085,11/3/2025,23:41:15,,,-1.32,0.22,-0.16,-1.46,0.37,0.73,0.27,1.37,0.62,0.23,0.04,0.0,-0.31,2.94,0.86,1.75,1.22,0.4,0.77,0.45,1.46,2.48,0.16,0.27,0.47,0.28,1.06,-0.34,0.34,1.64,-1.35,1.14, ,-0.04,0.2,-0.86,1.94,-0.39,-0.59,-0.25,-0.46,-1.16,-0.54,-1.42
561,97058069,11/3/2025,23:42:48,,,-1.25,0.35,0.26,-1.24,0.61,1.63,0.27,1.44,0.86,0.31,0.13,0.14,-0.29,2.62,0.42,1.43,0.97,0.41,0.47,0.37,1.36,2.04,0.28,0.21,0.36,0.32,1.53,-0.15,0.39,1.56,-1.17,1.33,0.78,-0.15,0.44,-0.89,2.01,-0.54,-0.4,-0.28,-0.47,-1.23,-0.45,-1.46
562,97058036,11/3/2025,23:44:21,,,-1.3,0.43,-0.35,-1.76,0.23,1.0,0.37,1.42,0.71,0.15,-0.08,0.03,-0.28,3.07,0.84,1.99,1.37,0.46,0.31,0.63,1.45,2.16,0.27,0.23,0.82,0.17,1.3,-0.18,0.54,1.5,-1.45,1.27, ,-0.13,0.43,-1.04,1.85,-0.61,-0.4,-0.4,-0.51,-1.24,-0.74,-1.7
563,96380480,11/3/2025,23:45:51,,,-1.33,0.48,0.33,-1.3,0.62,1.43,0.31,1.61,1.25,0.72,0.33,0.04,-0.1,2.75,0.47,1.62,1.03,0.54,0.23,0.26,1.12,1.85,0.23,0.12,0.29,0.4,1.33,0.1,0.28,1.31,-1.33,1.1,1.01,-0.18,0.46,-1.14,1.93,-0.79,-0.39,-0.47,-0.37,-1.31,-0.5,-1.77
564,97058101,11/3/2025,23:47:25,,,-1.35,0.53,-0.51,-1.74,0.31,1.11,0.38,1.42,0.76,0.22,-0.08,0.0,-0.28,2.99,0.94,2.11,1.33,0.42,0.4,0.47,1.37,2.09,-0.02,0.14,1.01,0.12,1.29,-0.11,0.51,1.34,-1.44,0.97,2.75,-0.18,0.18,-0.94,1.65,-0.51,-0.61,-0.31,-0.47,-0.93,-0.68,-1.58
565,97058093,11/3/2025,23:48:10,,,-1.28,0.45,-0.32,-1.78,0.25,1.24,0.34,1.46,0.48,0.06,-0.02,0.11,-0.13,3.0,1.05,1.81,1.17,0.33,0.35,0.75,1.67,2.46,0.3,0.14,0.92,0.08,1.4,0.11,0.62,1.66,-1.36,1.25,2.12,-0.33,0.28,-0.91,1.73,-0.59,-0.53,-0.29,-0.53,-1.11,-0.73,-1.69
566,97058077,11/3/2025,23:49:43,,,-1.27,0.41,-0.13,-1.55,0.47,1.45,0.33,1.65,0.76,0.35,0.22,0.19,-0.21,2.96,0.8,1.85,1.41,0.38,0.15,0.42,1.36,2.14,0.35,0.29,0.72,0.18,1.29,0.08,0.56,1.49,-1.34,1.28, ,-0.27,0.48,-1.1,2.08,-0.88,-0.37,-0.44,-0.47,-1.3,-0.53,-2.08
567,97058051,11/3/2025,23:50:28,,,-1.27,0.43,0.29,-1.43,0.56,1.53,0.39,1.6,0.81,0.31,0.23,0.12,-0.23,2.99,0.66,1.68,1.26,0.32,0.27,0.29,1.19,2.03,0.43,0.0,0.65,0.42,1.34,-0.01,0.53,1.51,-1.23,1.39, ,-0.44,0.43,-1.0,1.91,-0.81,-0.41,-0.36,-0.45,-1.25,-0.59,-1.86
568,97058044,11/3/2025,23:51:13,,,-1.3,0.41,-0.65,-1.83,0.04,0.81,0.4,1.52,0.62,0.12,0.16,0.21,-0.4,3.26,1.15,2.16,1.57,0.26,0.35,0.56,1.57,2.44,0.5,0.29,1.08,0.07,1.31,0.03,0.23,1.57,-1.59,1.34, ,-0.4,0.37,-1.05,1.8,-0.74,-0.46,-0.4,-0.48,-1.24,-0.58,-1.78
569,96380472,11/3/2025,23:51:58,,,-1.32,0.53,-0.38,-1.81,0.25,1.09,0.34,1.73,0.62,0.06,0.17,0.13,-0.33,3.01,1.0,1.94,1.32,0.33,0.72,0.39,1.4,2.31,0.31,0.3,0.91,0.24,1.42,-0.07,0.63,1.61,-1.13,1.34, ,-0.16,0.31,-0.99,1.75,-0.69,-0.5,-0.35,-0.42,-1.27,-0.72,-1.69
570,96380498,11/3/2025,23:52:44,,,-1.25,0.49,-0.63,-1.67,-0.24,0.51,0.25,1.43,0.49,0.05,0.22,0.25,-0.37,3.13,0.87,2.19,1.6,0.34,0.35,0.84,1.66,2.23,0.39,0.14,0.84,0.2,1.38,-0.11,0.33,1.38,-1.48,1.18,1.16,-0.21,0.34,-0.93,1.68,-0.6,-0.48,-0.3,-0.48,-0.96,-0.78,-1.68
571,96380456,11/3/2025,23:53:28,,,-1.23,0.48,-0.37,-1.66,0.31,0.71,0.28,1.67,0.71,0.06,0.05,0.16,-0.16,3.0,0.72,1.83,1.23,0.4,0.41,0.37,1.27,2.3,0.41,0.26,1.46,0.26,1.33,0.09,0.15,1.55,-1.17,1.25,1.01,-0.38,0.34,-0.92,1.71,-0.7,-0.48,-0.3,-0.41,-1.18,-0.59,-1.79
