,JSN,DATE,TIME,Lab#,File Name,FB02A005R_D,FB02A304R_D,FB02A308R_D,FB02A376R_D,GB01A005R_D,GB01A304R_D,GB01A308R_D,GB01A376R_D,FB02A006_D,FB02A305_D,FB02A309_D,FB02A377_D,GB01A006_D,GB01A305_D,GB01A309_D,GB01A377_D,FB05A430R_D,FB05M069R_D,GB04A430R_D,GB04M069R_D,FB05A430_D,FB05M069_D,GB04A430_D,GB04M069_D,FB11A011R_D,FB11A510R_D,GB10A011R_D,GB10A510R_D,FB08A003R_D,FB08A004R_D,FB08A005R_D,GB07A003R_D,GB07A004R_D,GB07A005R_D,FB013A002_D,FB13A002R_D,FB13A702R_D,GB12A002R_D,GB12A702R_D,FB13A030R_D,FB13A532R_D,FB13A830R_D,GB12A030R_D,GB12A532R_D,GB12A830R_D,FB18A550R_D,FB29A010R_D,FB29A544R_D,GB17A550R_D,GB28A010R_D,GB28A544R_D,FB18A070R_D,FB18A552R_D,GB17A552R_D,GB17A070R_D,FB11A011_D,FB11A510_D,GB10A011_D,GB10A510_D,FB08A003_D,FB08A004_D,FB08A005_D,GB07A003_D,GB07A004_D,GB07A005_D,FB013A001_D,FB13A001_D,FB13A701_D,GB12A001_D,GB12A701_D,FB13A030_D,FB13A532_D,FB13A830_D,GB12A030_D,GB12A532_D,GB12A830_D,FB18A550_D,FB29A010_D,FB29A544_D,GB17A550_D,GB28A010_D,GB28A544_D,FB18A070_D,FB18A552_D,GB17A552_D,GB17A070_D,FB33A033_D,FB33A037R_D,FB33A001_D,GB32A033_D,GB32A0037R_D,GB32A001_D,FB23A796R_D,FB23A797_D,GB22A796R_D,GB22A797_D,H8029M003Y_Y,H8029M029Y_Y,H8029M003Z_Z,H8029M029Z_Z
0,97071856,11/3/2025,6:05:56,,,-0.19,-0.2,-0.47,-2.01,4.71,4.38,5.11,5.29,-1.05,-0.67,-0.17,-0.24,3.96,2.55,2.81,4.72, , , , , , , , ,-1.25,-1.49,-0.06,3.47,0.44,1.85,0.16,4.59,6.63,4.34,3.57,-0.65, ,4.86, ,0.91,1.22, ,4.86,4.22, , , ,-3.57, , ,1.64, ,-0.46,3.38, ,-2.29,-1.35,3.04,3.63,1.21,1.53,0.47,4.91,4.69,3.66,2.49,-2.03, ,6.44, ,1.7,-0.4, ,4.64,3.29, , , ,-0.33, , ,2.25,0.95,1.37,3.43,4.04,-12.13,-10.96,-10.97,14.18,14.95,15.15,3.46,1.44,4.5,4.15,,,,
1,97047948,11/3/2025,6:06:47,,,-0.2,-0.23,-0.4,-3.06,4.54,3.79,4.1,6.96,-2.95,-2.16,-1.27,-2.64,4.0,5.18,3.6,8.35, , , , , , , , ,-1.33,-1.28,0.19,3.31,0.88,1.63,0.78,4.78,6.64,4.3,2.96,-0.71, ,3.56, ,0.86,1.34, ,4.43,4.76, , , ,-3.53, , ,0.76, ,0.04,3.83, ,-1.32,-1.08,2.44,3.14,0.83,1.75,0.77,4.63,4.22,3.22,3.01,-1.2, ,5.09, ,1.89,-0.88, ,4.12,2.76, , , ,0.42, , ,1.66,1.06,1.74,3.89,4.64,-12.54,-10.7,-11.09,14.16,14.86,15.07,3.21,1.81,4.1,4.85,,,,
2,97071849,11/3/2025,6:07:37,,,0.53,0.06,-0.24,-1.93,4.81,4.32,4.82,5.34,-1.35, ,-0.12,-0.08,4.24, ,3.04,4.78, , , , , , , , ,-2.63,-1.6,0.14,3.29,0.62,1.55,0.33,4.28,5.97,4.32,2.75,-0.88, ,5.23, ,0.87,1.47, ,5.1,5.06, , , ,-4.8, , ,1.28, ,-0.82,3.33, ,-2.5,-1.25,2.94,3.75,1.11,1.33,0.41,4.62,4.49,3.44,2.33,-1.55, ,4.73, ,1.65,-0.41, ,3.9,2.85, , , ,-1.37, , ,2.08,0.87,1.11,4.19,4.85,-11.85,-10.99,-10.81,13.47,15.74,15.04,3.25,1.74,4.86,3.53,,,,
3,97055149,11/3/2025,6:08:28,,,0.49,0.81,0.18,-0.49,4.68,3.53,4.2,4.06,-1.32,-1.22,-0.39,-0.57,4.09,3.42,3.63,5.19, , , , , , , , ,-2.85,-2.19,0.81,3.71,0.4,1.89,-0.38,4.23,6.31,4.42,2.35,-1.12, ,7.45, ,0.74,1.92, ,5.21,4.02, , , ,-5.47, , ,3.41, ,-1.69,3.98, ,-2.09,-1.43,2.62,3.33,0.59,1.61,0.67,4.2,5.1,3.56,2.77,-1.23, ,4.74, ,2.02,-0.68, ,4.1,3.81, , , ,-0.71, , ,0.74,1.27,1.61,3.5,4.77,-11.27,-10.98,-10.6,14.14,14.38,14.91,3.42,1.02,4.02,4.71,,,,
4,97079016,11/3/2025,6:20:29,,,-0.49,-0.35,-0.28,-2.07,5,4.38,4.73,5.23,-0.82,-0.52,0.04,0.0,3.64,3.06,3.26,5.37, , , , , , , , ,-1.97,-1.35,0.38,3.48,0.49,1.32,0.93,4.29,6.52,4.3,2.74,-0.53, ,4.49, ,0.98,1.38, ,4.26,4.03, , , ,-4.64, , ,1.59, ,-0.3,4.25, ,-1.79,-0.93,3.04,3.67,0.34,1.76,0.83,4.68,5.34,4.34,1.87,-1.03, ,2.05, ,1.61,-1.1, ,2.56,3.94, , , ,0.17, , ,-0.6,1.73,2.26,3.92,5.94,-11.93,-10.48,-10.75,14.02,15.23,15.5,3.27,1.12,4.36,4.53,,,,
5,97048185,11/3/2025,6:21:19,,,-0.45,-0.05,-0.36,-1.79,4.49,4.27,4.67,4.93,1.74, ,-0.32,-0.06,4.73, ,3.46,4.56, , , , , , , , ,-2.52,-1.47,-0.05,3.56,0.65,1.52,0.79,4.1,6.6,4.77,2.97,-0.94, ,4.8, ,0.92,1.31, ,4.42,4.14, , , ,-4.63, , ,1.41, ,-0.98,3.39, ,-0.64,-0.7,2.13,3.65,0.86,1.67,0.24,4.41,4.1,3.38,3.83,0.01, ,8.06, ,2.23,-1.57, ,4.6,1.75, , , ,-0.77, , ,2.1,1.16,1.74,3.6,3.97,-11.88,-11.24,-11.08,14.74,15.08,15.49,3.2,1.05,4.67,4.34,,,,
6,97071831,11/3/2025,6:26:41,,,0.48,0.19,0.01,-1.49,4.58,4.11,4.45,4.69,-0.2,-0.54,-0.37,0.48,3.92,3.4,3.49,5.14, , , , , , , , ,-2.47,-1.81,0.31,3.45,0.41,1.69,0.27,4.28,6.07,4.51,2.77,-2.1, ,5.96, ,0.77,2.07, ,4.65,4.37, , , ,-3.1, , ,2.27, ,-0.5,3.68, ,-3.2,-1.17,4.12,3.99,0.73,1.69,0.22,4.54,5.05,4.73,1,-2.88, ,4.43, ,1.5,0.42, ,3.32,3.59, , , ,0.61, , ,1.33,1.37,2.02,3.78,4.77,-11.82,-11.47,-11.29,13.97,15.04,15.19,3.31,0.75,5.15,4.01,,,,
7,97071815,11/3/2025,6:27:31,,,-0.12,-0.06,-0.2,-3.27,4.84,4.35,4.39,7.42,-1.6,-1.36,-0.53,-1.97,4.8,4.81,4.0,8.75, , , , , , , , ,-2.03,-1.78,0.46,3.68,0.69,1.61,0.26,4.34,6.69,4.51,2.52,-1.25, ,6.35, ,0.76,1.89, ,5.05,3.68, , , ,-4.59, , ,2.96, ,-1.1,3.65, ,-1.22,-0.76,3.28,3.69,0.72,1.68,0.39,4.64,4.5,3.41,2.42,-0.09, ,5.63, ,1.89,-1.79, ,3.94,2.93, , , ,-1.08, , ,1.55,1.07,1.38,3.63,4.56,-12.14,-10.89,-10.84,13.79,15.77,15.23,3.22,1.05,5.08,3.85,,,,
8,97071823,11/3/2025,6:28:22,,,0.14,-0.4,-0.45,-3.65,4.56,4.37,4.35,7.54,-0.66,-1.21,0.19,-0.41,4.63,4.27,3.28,7.4, , , , , , , , ,-1.32,-1.44,0.53,3.6,0.84,1.62,0.64,4.09,5.97,4.28,2.4,-0.13, ,6.83, ,0.9,1.17, ,5.07,4.02, , , ,-5.38, , ,2.35, ,-1.2,3.88, ,0.27,-0.82,2.1,3.08,0.5,1.76,0.11,4.67,3.99,3.16,3.12,-0.17, ,6.21, ,1.88,-1.46, ,4.7,3.56, , , ,0.47, , ,1.43,1.18,2.01,3.49,4.4,-11.73,-11.06,-10.84,13.32,14.67,14.67,3.94,1.61,4.78,3.95,,,,
9,97071799,11/3/2025,6:29:21,,,-0.04,0.19,-0.36,-1.18,4.79,4.21,5.2,4.77,-0.53,-1.31,-0.49,-1.14,3.53,3.12,3.11,5.74, , , , , , , , ,-2.21,-1.52,0.69,3.68,0.94,1.97,0.38,4.3,6.24,4.26,2.29,-1.28, ,6.11, ,0.72,1.76, ,5.11,5.15, , , ,-4.17, , ,1.99, ,-1.25,3.54, ,1.49,-0.94,0.33,2.13,0.87,1.71,0.15,4.55,4.89,3.43, ,2.7, ,9.06, ,2.78,-2.9, ,5.44,1.78, , , ,-1.51, , ,1.42,0.98,1.1,3.21,4.06,-12.54,-10.78,-11.24,14.27,14.98,15.32,3.58,2.23,4.04,4.46,,,,
10,97071807,11/3/2025,6:30:15,,,-0.12,0.3,-0.24,-1.01,4.76,4.35,5.12,4.78,-0.33,-1.33,-0.31,-0.43,3.48,3.25,3.03,5.41, , , , , , , , ,-0.22,-1.16,-0.61,3.41,0.42,1.63,0.43,4.7,6.26,4.42,3.66,0.49, ,4.74, ,1.18,0.57, ,4.48,3.72, , , ,-3.39, , ,1.02, ,-0.32,3.74, ,-0.12,-0.87,1.82,2.89,0.61,1.98,0.22,5.17,4.5,3.44,3.97,0.44, ,7.63, ,2.18,-1.47, ,4.89,2.83, , , ,-0.77, , ,2.24,0.83,1.16,3.75,4.05,-11.88,-11.17,-11.06,14.26,14.9,15.36,4.12,1.27,4.68,3.78,,,,
11,97071773,11/3/2025,6:56:54,,,-0.62,-0.16,-0.8,-2.85,4.07,4.13,4.36,6.71,-0.77,-2.33,-0.43,-2.08,4.19,4.51,3.05,7.95, , , , , , , , ,-1.24,-1.5,-0.1,3.17,0.48,1.53,0.59,4.18,5.97,3.83,3.46,-0.42, ,5.16, ,0.96,0.97, ,4.82,4.03, , , ,-3.75, , ,1.73, ,-0.9,3.64, ,-2.64,-1.28,3.78,3.01,0.55,1.83,0.29,4.53,4.2,3.41,1.6,-1.17, ,5.5, ,1.64,-0.54, ,4.39,4.1, , , ,-2.03, , ,2.02,0.82,0.89,3.67,4.37,-11.5,-11.04,-10.99,14.96,15.39,15.79,3.26,1.41,4.93,4.73,,,,
12,97071781,11/3/2025,6:57:45,,,-1.18,-0.92,-1.23,-2.71,4.35,4.37,4.87,5.24,-0.55,-1.16,-0.52,-1.02,3.98,3.93,3.52,5.68, , , , , , , , ,-0.8,-1.61,-0.19,3.4,0.65,1.78,0.37,5.16,6.25,4.02,3.8,0.67, ,4.64, ,1.09,0.5, ,4.87,4.75, , , ,-4.12, , ,0.86, ,-0.53,3.53, ,1.53,-0.56,0.28,2.34,0.57,1.65,0.84,5.14,4.24,3.34, ,1.57, ,8.61, ,2.76,-2.43, ,5.18,1.81, , , ,-0.67, , ,2.51,0.87,1.42,3.7,4.07,-12.0,-10.93,-11.05,14.69,15.22,15.47,3.67,1.36,4.2,4.57,,,,
13,97047823,11/3/2025,6:58:42,,,0.23,-1.3,-0.64,-3.32,4.59,4.0,4.63,4.95,-0.36,-1.51,-0.34,-0.79,3.72,3.08,2.93,5.4, , , , , , , , ,-2.33,-1.19,0.48,3.86,0.65,1.65,0.8,4.05,6.41,5.24,2.13,-1.37, ,5.53, ,0.82,1.76, ,4.4,4.41, , , ,-3.74, , ,1.65, ,-0.83,3.41, ,-1.68,-0.7,2.87,3.75,0.37,1.46,0.64,4.81,4.9,4.5,2.66,-0.56, ,5.97, ,1.84,-1.71, ,3.91,3.19, , , ,-0.62, , ,1.46,1.08,1.49,3.41,4.1,-12.01,-10.45,-10.65,14.9,15.31,15.47,3.12,0.72,4.13,4.7,,,,
14,97048011,11/3/2025,6:59:33,,,0.09,0.61,0.1,-0.88,4.8,3.95,4.8,4.8,-0.75,-1.49,-0.61,-0.64,3.91,3.55,3.18,5.24, , , , , , , , ,-2.18,-1.5,0.55,3.69,0.84,1.33,0.59,4.32,3.64,4.41,2.68,-1.02, ,5.21, ,0.75,1.63, ,5.12,4.61, , , ,-5.29, , ,2.45, ,-0.93,3.77, ,-0.34,-0.87,2.05,3.33,0.95,1.57,0.68,4.71,3.99,3.33,3.7,-0.34, ,6.52, ,1.9,-1.61, ,4.44,2.93, , , ,-0.18, , ,1.97,0.9,1.42,3.72,4.34,-12.29,-11.08,-11.03,14.74,15.75,15.83,3.31,1.29,4.33,3.78,,,,
15,97079131,11/3/2025,7:01:21,,,-0.06,0.46,0.09,-1.35,4.57,4.01,4.7,5.15,-0.56,-1,-0.25,-0.37,3.78,3.09,3.09,5.55, , , , , , , , ,-2.47,-1.41,1.4,4.1,0.34,1.41,0.32,4.15,6.64,4.96,1.59,-1.29, ,5.52, ,0.8,1.83, ,4.52,4.69, , , ,-3.94, , ,2.17, ,-0.72,3.64, ,-2.37,-1.12,3.96,3.81,0.7,1.47,0.51,4.39,4.58,4.17,1.29,-0.95, ,5.0, ,1.55,-0.63, ,3.8,3.85, , , ,-1.84, , ,1.83,0.92,1.01,3.81,4.5,-11.89,-10.42,-10.66,14.74,15.18,15.08,3.15,1.02,4.28,4.81,,,,
16,97079149,11/3/2025,7:03:02,,,-0.29,0.01,-0.39,-1.76,4.7,4.58,4.82,5.18,-1.02,-2.06,-0.55,-1.61,4.46,3.43,3.45,5.47, , , , , , , , ,0.85,-1.12,-0.81,3.14,0.47,1.69,0.36,4.63,6.67,4.36,5.12,1.81, ,5.68, ,1.64,-0.56, ,4.97,3.27, , , ,-4.57, , ,1.1, ,-1.0,3.92, ,-3.01,-1.0,4.19,4.18,1.19,1.48,0.77,4.69,4.56,4.06,0.65,-2.84, ,5.01, ,1.26,0.24, ,3.39,3.87, , , ,0.34, , ,1.43,0.99,1.64,3.71,4.65,-11.99,-10.89,-10.88,13.89,15.07,15.06,3.5,0.81,4.83,4.49,,,,
17,97046882,11/3/2025,7:05:49,,,0.11,0.46,0.01,-1.21,4.72,4.08,4.74,4.97,-0.78,-1.45,-0.54,-0.71,4.37,3.52,3.54,5.81, , , , , , , , ,-2.75,-1.84,1.4,3.99,0.58,1.64,0.45,4.36,7.01,4.59,1.25,-1.35, ,5.22, ,0.69,2.03, ,4.73,4.64, , , ,-4.12, , ,2.42, ,-1.22,3.7, ,-3.27,-0.73,5.33,4.02,0.95,1.21,1.05,5.31,4.6,4.32,-0.03,-2.79, ,4.0, ,1.32,0.62, ,3.73,5.41, , , ,-0.26, , ,1.79,1.1,1.82,3.5,4.16,-11.69,-10.73,-10.82,14.08,15.05,15.15,3.49,1.15,4.57,4.14,,,,
18,97079123,11/3/2025,7:06:43,,,-0.76,-0.11,-0.31,-2.11,4.85,4.64,4.98,5.08,-0.76,-1.48,-0.67,-0.65,3.74,3.02,2.95,5.48, , , , , , , , ,-1.98,-1.42,0.8,3.8,-2.34,0.52,0.68,3.52,6.28,5.12,2.24,-0.81, ,4.24, ,0.86,1.29, ,4.32,4.71, , , ,-4.13, , ,1.39, ,-0.3,3.84, ,-2.52,-0.91,4.07,3.82,0.35,0.95,0.56,4.75,4.49,4.02,1.29,-2.26, ,4.81, ,1.5,0.25, ,4.21,3.95, , , ,-0.28, , ,1.9,1.05,1.73,3.5,4.24,-12.02,-11.1,-10.95,14.2,14.94,15.23,3.32,0.69,4.8,3.8,,,,
19,97079073,11/3/2025,7:09:28,,,-0.19,-0.44,-0.44,-2.39,4.63,4.54,4.63,5.63,-0.62,-1.38,-0.39,-0.72,3.54,2.72,2.76,4.67, , , , , , , , ,-3.39,-2.22,0.97,3.79,0.44,1.68,0.28,5.41,7.43,4.69,2.19,-1.3, ,6.59, ,0.72,1.24, ,5.27,4.19, , , ,-5.33, , ,2.86, ,-1.56,3.68, ,-3.99,-1.87,3.06,3.29,0.39,1.72,0.33,4.52,4.55,3.78,1.92,-3.22, ,5.64, ,1.62,0.47, ,4.53,4.03, , , ,-1.15, , ,1.68,1.09,1.44,3.74,4.46,-11.64,-10.36,-10.46,13.94,15.23,15.05,3.12,1.52,4.41,4.17,,,,
20,97079057,11/3/2025,7:11:14,,,-0.17,-0.95,-1.63,-4.26,4.36,5.62,4.91,7.98,0.03,-1.86,-0.23,-1.62,3.73,4.23,2.78,7.86, , , , , , , , ,0.26,-1.44,-0.75,3.09,0.56,1.74,0.49,5.59,7.52,5.07,4.75,2.16, ,6.85, ,1.88,0.1, ,5.47,2.86, , , ,-5.07, , ,2.08, ,-1.41,3.47, ,-3.03,-1.38,2.71,3.04,-0.27,1.57,-0.3,4.25,4.33,3.71,3.01,-0.81, ,6.4, ,1.92,-1.24, ,4.77,3.3, , , ,-2.95, , ,1.99,0.63,0.37,3.88,4.28,-12.06,-11.02,-11.04,13.43,14.84,14.96,2.99,0.77,4.79,3.99,,,,
21,97055016,11/3/2025,7:12:56,,,-0.65,-0.29,-0.55,-2.66,4.48,4.54,4.89,5.54,-0.33,-1,-0.32,-0.41,3.18,2.59,2.68,4.85, , , , , , , , ,-1.05,-1.53,-0.27,3.55,0.84,1.51,0.7,5.46,7.31,5.24,3.63,1.08, ,5.14, ,1.22,-0.8, ,4.33,3.49, , , ,-5.18, , ,1.51, ,-1.29,3.88, ,-2.84,-1.4,2.62,3.3,0.48,1.84,0.24,4.77,4.65,4.04,2.75,-2.05, ,6.84, ,1.88,-0.63, ,4.65,3.36, , , ,-0.89, , ,2.34,1.03,1.39,3.64,3.89,-11.73,-11.07,-10.97,13.85,14.9,14.77,3.51,1.1,4.35,3.98,,,,
22,97054977,11/3/2025,7:18:26,,,-1.43,-0.56,-1.27,-2.16,4.5,5.41,5.48,5.94,-0.88,-0.58,0.17,-0.49,3.66,2.49,2.74,4.44, , , , , , , , ,-3.87,-2.44,2.31,4,1.2,0.41,-0.14,3.96,2.07,5.03,0.76,-2.54, ,6.92, ,0.48,3.31, ,5.27,5.63, , , ,-4.93, , ,2.97, ,-1.28,3.56, ,-2.15,-0.86,3.43,3.12,0.79,1.55,1.07,4.43,4.86,4.15,1.91,-0.91, ,5.1, ,1.7,-1.14, ,4.08,4.0, , , ,-0.69, , ,0.87,1.19,1.62,3.52,4.43,-11.75,-10.94,-10.66,13.77,15.06,14.66,3.24,2.13,4.59,4.62,,,,
23,97054969,11/3/2025,7:19:20,,,-1.87,-0.52,-1.63,-1.62,4.93,5.46,5.76,5.43,-0.77,-0.94,-0.29,-1.14,3.3,2.95,3.14,5.63, , , , , , , , ,-0.55,-1.74,-0.43,3.45,1.02,3.38,0.17,4.21,6.36,4.31,4.0,1.97, ,4.99, ,1.38,-0.32, ,5.0,4.19, , , ,-5.5, , ,1.32, ,-1.77,3.59, ,-2.15,-1.54,2.6,3.13,0.78,1.81,0.22,5.07,4.89,3.99,2.75,-1.33, ,6.25, ,1.75,-0.92, ,4.45,3.35, , , ,-0.86, , ,2.12,0.97,1.26,3.82,4.41,-11.92,-10.85,-10.82,14.59,14.59,15.01,3.81,1.89,4.14,4.67,,,,
24,97054951,11/3/2025,7:20:10,,,-1.1,-0.13,-0.83,-1.9,5,4.97,5.15,5.65,-0.28,-0.85,-0.27,-0.49,3.5,2.53,2.95,4.83, , , , , , , , ,-2.65,-2.25,0.24,3.35,0.73,1.56,-0.06,4.54,4.03,4.55,2.99,-0.8, ,6.31, ,0.84,1.5, ,5.84,4.06, , , ,-4.97, , ,2.76, ,-1.65,3.43, ,-1.32,-1.34,2.43,2.73,0.63,2.03,0.41,4.15,4.55,3.78,3.59,0.36, ,5.93, ,2.42,-1.19, ,4.37,3.14, , , ,-1.48, , ,1.91,0.87,0.95,3.93,4.71,-11.88,-10.64,-10.79,14.3,14.29,14.89,3.71,2.09,4.07,4.82,,,,
25,97054944,11/3/2025,7:48:30,,,-1.43,-1.19,-1.81,-4.01,4.21,5.02,4.85,8.1,-0.6,-1.83,-0.2,-1.87,3.72,4.07,2.83,7.04, , , , , , , , ,-2.19,-2.07,1.08,3.93,0.37,1.52,0.24,4.56,6.53,4.41,1.98,-1.01, ,6.36, ,0.62,1.99, ,5.01,4.37, , , ,-4.17, , ,2.39, ,-0.94,3.48, ,-1.24,-0.82,2.41,3.39,0.7,1.9,0.62,4.77,4.55,3.73,3.34,0.0, ,5.02, ,2.32,-1.59, ,4.0,3.25, , , ,-0.54, , ,0.68,1.25,1.41,3.62,4.9,-11.96,-11.01,-11.0,13.56,14.96,14.66,3.12,2.34,4.0,5.0,,,,
26,97054936,11/3/2025,7:49:29,,,-0.69,0.25,-0.51,-1.17,5.16,4.71,4.96,5.15,-0.54,-1.41,-0.72,-0.95,3.74,2.82,2.95,4.78, , , , , , , , ,-2.13,-2.03,0.82,3.94,1.08,1.61,0.22,4.25,6.37,4.53,2.24,-1.37, ,5.26, ,0.59,2.67, ,5.0,4.71, , , ,-4.58, , ,2.36, ,-0.8,3.48, ,-3.48,-0.99,2.66,3.39,0.45,1.82,0.93,4.51,4.56,3.72,2.78,-2.02, ,6.79, ,1.8,-0.45, ,4.42,2.99, , , ,-2.35, , ,2.59,0.7,0.81,3.98,4.22,-11.71,-10.99,-10.78,14.02,14.86,14.92,3.39,1.9,4.25,4.16,,,,
27,97055115,11/3/2025,7:50:20,,,-1.72,-1.1,-1.56,-4.91,4.38,5.48,4.92,8.99,-0.94,-2.14,-0.44,-2.08,3.84,3.67,2.78,7.42, , , , , , , , ,-1.58,-1.77,-0.34,3.36,1.12,1.44,0.54,5.42,7.26,5.12,3.63,-0.56, ,5.05, ,1.08,1.03, ,5.21,4.34, , , ,-4.12, , ,1.7, ,-0.81,3.66, ,-2.25,-1.1,2.47,3.71,0.54,1.83,0.58,5.43,4.95,3.97,2.67,-1.1, ,5.46, ,1.9,-1.69, ,4.17,3.42, , , ,-1.21, , ,0.68,1.19,1.83,3.55,4.7,-12.21,-11.07,-10.87,13.91,14.9,14.86,3.39,2.48,4.0,4.84,,,,
28,97055107,11/3/2025,7:51:10,,,-1.63,-0.61,-1.16,-4.23,3.65,5.73,4.89,8.84,-1.04,-1.94,-0.31,-2.03,3.82,3.88,2.74,7.04, , , , , , , , ,-3.41,-1.74,2.76,4.27,1.52,1.47,0.48,4.29,7.07,5.76,-0.01,-2.68, ,6.16, ,0.43,3.36, ,4.61,5.74, , , ,-4.1, , ,2.2, ,-0.92,3.18, ,-4.01,-1.2,2.93,3.05,0.49,1.43,0.67,4.82,4.98,3.64,1.57,-3.18, ,4.96, ,1.43,0.55, ,4.74,4.58, , , ,-0.71, , ,0.9,1.19,1.57,3.61,4.58,-12.06,-10.9,-10.81,14.26,15.12,15.28,3.44,2.12,4.58,4.91,,,,
29,97055099,11/3/2025,8:02:19,,,-0.58,0.94,0.07,-0.55,5.38,4.57,4.9,5.14,-1.77,-2.18,-2.07,-1.07,3.61,1.7,3.21,5.17, , , , , , , , ,-0.95,-1.62,-0.37,3.44,-0.16,1.45,0.01,5.04,7.02,4.79,3.56,-0.23, ,6.06, ,0.91,1.44, ,5.28,3.46, , , ,-4.58, , ,2.23, ,-1.06,3.35, ,-2.63,-1.39,2.21,3.15,0.13,1.92,0.01,4.32,4.78,4.3,2.73,-1.6, ,6.09, ,1.71,-0.27, ,4.53,3.16, , , ,-1.65, , ,2.53,0.78,1.07,3.8,4.11,-11.95,-11.22,-11.14,15.16,15.08,15.59,3.63,1.06,4.12,4.96,,,,
30,97046700,11/3/2025,8:21:07,,,-0.06,0.65,-0.66,-0.34,5.56,4.28,5.06,4.99,-2.44,-1.19,-0.79,-0.39,4.95,2.82,3.25,4.55, , , , , , , , ,-1.3,-1.67,-0.27,3.21,0.06,1.36,0.35,4.84,6.2,3.55,3.88,0.3, ,6.75, ,1.13,0.24, ,5.86,4.52, , , ,-4.94, , ,2.12, ,-1.29,3.33, ,-0.62,-0.53,2.1,3.07,1.01,1.75,0.87,5.12,4.52,3.27,3.93,0.36, ,7.12, ,2.24,-1.64, ,5.08,3.22, , , ,-1.65, , ,1.54,1.26,1.65,3.62,4.27,-12.27,-10.79,-11.08,15.33,15.17,15.81,3.71,1.61,3.73,5.55,,,,
31,97046692,11/3/2025,8:21:57,,,-0.76,0.11,-0.55,-2.12,5.03,4.96,5.45,5.95,-1.25,-1.42,-0.95,-0.31,4.06,2.76,3.44,4.93, , , , , , , , ,-4.08, ,1.15, ,1.33,1.65,0.91,4.55,6.93,5.33,1.9,-2.43, ,6.47, ,0.66,2.28, ,4.77,4.96, , , ,-4.36, , ,2.82, ,-0.98,3.28, ,-2.02,-0.85,1.89,3.5,0.56,1.37,0.45,4.62,4.81,3.81,3.22,0.1, ,5.93, ,1.93,-1.69, ,4.24,3.34, , , ,-1.67, , ,1.63,0.95,0.9,3.66,4.62,-11.44,-11.58,-11.02,14.92,15.14,15.53,3.96,1.03,4.31,4.77,,,,
32,97074488,11/3/2025,8:22:57,,,-0.39,0.35,-0.92,-2.36,5.07,5.79,5.66,7.63,-1.07,-1.89,-1.29,-1.91,4.43,3.45,3.3,6.94, , , , , , , , ,-0.28,-1.34,-0.23,2.94,0.51,2.07,0.4,4.04,6.01,5.04,4.73,1.68, ,5.29, ,1.93,0.18, ,4.69,3.88, , , ,-4.34, , ,1.49, ,-0.84,3.94, ,-2.88,-0.52,3.64,3.34,0.29,1.2,0.33,4.6,4.62,4.5,1.94,-1.72, ,4.36, ,1.59,-0.54, ,3.77,4.02, , , ,-0.91, , ,1.38,1.13,1.38,3.63,4.54,-11.99,-10.99,-10.82,15.08,15.41,15.77,3.87,1.19,4.13,4.62,,,,
33,97054993,11/3/2025,8:23:48,,,-0.46,-0.08,-1.05,-1.57,4.91,6.03,5.93,5.7,-0.5,-0.57,-0.37,-0.46,3.88,3.18,3.39,5.2, , , , , , , , ,-1.17,-1.23,-0.1,3.4,0.49,1.21,0.87,4.21,6.35,5.21,3.55,0.72, ,6.25, ,1.2,0.44, ,4.99,4.08, , , ,-5.24, , ,1.9, ,-1.8,3.17, ,-1.6,-0.78,2.4,2.97,0.62,1.5,0.53,4.65,4.59,3.57,3.45,-0.58, ,7.02, ,1.9,-1.25, ,4.8,3.04, , , ,-1.34, , ,2.22,0.97,1.27,4.04,4.39,-11.58,-11.12,-10.91,14.19,14.65,15.07,3.96,1.11,4.38,4.47,,,,
34,97055081,11/3/2025,8:24:41,,,0,1.01,-0.88,-2.4,1.66,6.95,6.5,8.92,-2.27,-1.72,0.4,-2.16,4.4,4.14,0.36,8.68, , , , , , , , ,-2.91, ,1.28, ,0.22,1.29,0.31,4.15,8.13,5.85,1.59,-1.25, ,4.62, ,0.8,1.67, ,4.46,4.82, , , ,-3.94, , ,1.57, ,-0.6,3.42, ,-4.18,-1.17,5.83,4.31,1.05,1.72,0.72,4.64,4.78,4.06,-1.78,-2.93, ,3.87, ,1.25,0.98, ,3.84,5.5, , , ,-0.65, , ,2.28,1.02,1.41,3.63,4.13,-12.23,-11.04,-11.15,13.58,15.22,14.98,3.78,1.92,4.87,4.12,,,,
35,97055073,11/3/2025,8:25:32,,,-1.29,-0.82,-1.75,-2.19,4.69,5.66,5.66,5.97,-1.22,-0.84,-0.79,0.2,3.46,2.25,2.7,4.4, , , , , , , , ,-4.01,-1.97,0.66,3.55,0.85,0.63,0.31,4.31,3.21,5.23,1.9,-1.86, ,4.94, ,0.66,1.5, ,4.75,5.26, , , ,-4.05, , ,1.28, ,-1.11,3.2, ,-4.86,-1.18,6.19,4.41,1.1,1.49,0.85,4.25,5.05,4.68,-1.81,-4.33, ,3.31, ,1.14,1.69, ,3.59,6.15, , , ,0.23, , ,1.15,1.28,1.93,3.6,4.52,-12.18,-10.73,-10.89,14.38,14.71,15.12,3.56,1.49,3.58,5.35,,,,
36,97047518,11/3/2025,8:26:22,,,-0.8,-0.31,-1.23,-2.24,4.77,5.07,5.41,5.94,-1.66,-0.53,-0.82,-0.29,3.72,2.4,3.05,5.26, , , , , , , , ,-0.7,-1.34,-0.22,3.05,0.26,1.54,0.45,5.25,6.82,4.41,4.34,0.64, ,7.29, ,1.2,-0.16, ,5.79,3.33, , , ,-5.21, , ,3.09, ,-1.2,3.63, ,-2.85,-1.13,4.16,3.4,0.53,1.24,0.61,4.78,4.77,3.95,1.59,-1.64, ,4.57, ,1.5,-0.33, ,3.98,4.01, , , ,-1.25, , ,2.01,0.84,1.02,3.68,4.3,-12.17,-11.12,-10.93,14.43,14.79,15.22,3.36,1.31,4.22,4.46,,,,
37,97055040,11/3/2025,8:27:22,,,-1.54,-0.12,-1.14,-1.8,4.41,4.91,5.14,5.59,-1.45,-1.25,-0.87,-0.46,3.41,2.7,2.96,4.79, , , , , , , , ,-1.53,-1.72,0.01,3.43,0.79,1.69,0.41,5.06,6.74,4.95,3.37,-0.57, ,6.23, ,1.01,1.39, ,5.24,4.06, , , ,-4.58, , ,2.45, ,-0.81,3.81, ,-2.87,-0.91,3.17,3.41,0.76,1.41,0.73,4.72,5.17,4.26,2.1,-2.12, ,5.43, ,1.51,-0.32, ,4.35,4.46, , , ,-0.48, , ,1.94,1.06,1.68,3.45,4.12,-11.29,-10.83,-10.54,13.74,15.02,14.89,3.45,0.72,4.78,3.89,,,,
38,97055032,11/3/2025,8:28:12,,,-0.83,0.68,-0.71,0.42,6.43,5.11,5.65,4.98,-1.48,-1.57,-0.98,-0.98,3.76,3.03,3.25,5.04, , , , , , , , ,-1.16,-1.56,-0.3,3.32,0.52,1.54,0.5,3.95,5.29,2.76,3.95,-0.65, ,6.29, ,0.98,0.3, ,5.55,3.95, , , ,-4.08, , ,2.9, ,-0.93,3.44, ,-1.97,-0.81,2.69,2.99,0.6,1.18,1.13,5.07,5.19,4.16,3.03,-0.43, ,5.58, ,1.8,-1.68, ,4.32,3.42, , , ,-1.67, , ,1.7,0.93,1.41,3.85,4.54,-14.05,-11.18,-12.05,13.71,14.48,14.87,3.18,1.83,4.07,4.93,,,,
39,97051163,11/3/2025,8:34:23,,,-0.52,0.04,-0.96,-1.92,4.49,4.29,5.18,5.1,-1.18,-1.52,-1.3,-0.71,3.48,2.78,3.43,5.18, , , , , , , , ,-0.97,-1.52,0.08,3.81,1.0,1.65,0.24,5.13,7.15,5.42,3.44,0.42, ,6.72, ,1.08,-0.31, ,5.03,3.47, , , ,-4.32, , ,3.08, ,-0.81,3.45, ,-2.59,-1.01,3.11,3.66,0.31,1.6,0.32,4.61,5.01,4.36,2.06,-1.42, ,3.65, ,1.59,-0.9, ,3.38,3.61, , , ,-0.17, , ,0.6,1.33,1.87,3.67,5.03,-11.58,-11.46,-11.05,13.47,14.94,14.84,3.73,1.1,5.02,4.15,,,,
40,97051148,11/3/2025,8:35:14,,,-0.52,-0.16,-0.78,-1.6,4.89,4.74,4.78,5.31,-1.77,-1.73,-0.9,-1.0,4.13,2.82,3.09,4.77, , , , , , , , ,0.32,-1.61,-1.02,3.08,0.2,1.54,0.46,4.52,6.32,3.87,4.72,0.95, ,5.5, ,1.91,-0.17, ,5.27,3.85, , , ,-3.15, , ,1.35, ,-0.2,3.29, ,-2.07,-0.92,4.1,3.61,0.94,1.39,0.77,4.39,4.88,4.32,1.78,-0.55, ,4.36, ,1.72,-0.81, ,3.97,4.01, , , ,-1.3, , ,1.09,1.01,1.29,3.96,4.72,-11.92,-11.28,-10.95,14.64,14.17,14.87,3.3,1.59,3.75,5.34,,,,
41,97051130,11/3/2025,8:36:12,,,-1.51,-0.24,-1.11,-3.02,4.81,4.9,4.53,7.8,-2.31,-2.47,-1.31,-2.54,4.3,4.44,3.75,8.34, , , , , , , , ,-3.83,-1.86,0.85,3.44,1.24,1.49,0.66,4.32,6.37,4.17,2.1,-2.84, ,5.95, ,0.61,2.6, ,4.75,4.16, , , ,-3.29, , ,2.79, ,-0.15,4.19, ,-0.94,-0.91,2.2,3.0,0.42,1.41,0.36,5.07,4.13,2.96,3.43,0.01, ,8.62, ,2.26,-1.57, ,5.69,3.38, , , ,-0.58, , ,2.05,1.1,1.52,3.57,4.26,-11.96,-10.88,-10.71,14.08,14.9,15.07,3.54,1.57,4.46,4.35,,,,
42,97051122,11/3/2025,8:37:16,,,-0.46,0.8,-0.57,-0.64,4.22,4.32,4.87,4.57,-2.45,-2.37,-1.44,-1.53,3.55,3.06,3.23,4.97, , , , , , , , ,0.07,-1.22,-0.67,2.84,0.36,1.36,0.74,5.39,6.51,4.38,4.78,1.54, ,5.86, ,2.03,0.38, ,5.33,4.18, , , ,-4.17, , ,1.7, ,-0.74,3.67, ,-2.05,-1.03,2.88,3.38,0.51,1.6,0.69,4.85,4.87,3.89,2.33,-1.89, ,5.11, ,1.62,-0.64, ,4.47,3.42, , , ,-0.35, , ,1.35,1.35,1.95,3.6,4.64,-11.54,-10.87,-10.42,14.22,15.23,15.23,3.41,0.84,5.14,3.73,,,,
43,97079065,11/3/2025,8:41:01,,,-0.32,-0.03,-0.38,-1.32,5.73,4.7,5.13,5.48,-1.22,-1.94,-1.03,-1.41,3.57,2.66,2.88,5.42, , , , , , , , ,-1.59,-1.44,0.56,3.54,0.49,1.08,0.0,4.3,3.1,3.51,2.81,-0.54, ,4.86, ,1.03,1.22, ,4.67,4.34, , , ,-4.19, , ,2.15, ,-0.53,4.04, ,-2.36,-0.91,4.86,3.91,0.41,1.5,0.61,4.45,4.62,4.35,0.5,-2.83, ,3.4, ,1.29,0.62, ,3.76,4.55, , , ,0.76, , ,1.45,1.38,2.31,4.01,4.77,-11.65,-11.02,-10.52,14.37,14.86,15.3,4.23,1.36,4.39,4.05,,,,
44,97079040,11/3/2025,8:42:48,,,-0.67,0.62,-0.19,-0.65,4.46,3.69,4.71,3.94,-1.43,-1.77,-0.99,-1.39,4.33,3.89,3.82,6.31, , , , , , , , ,-2.88,-1.42,1,3.84,1.11,1.52,0.76,4.51,6.83,4.89,1.47,-2.31, ,5.55, ,0.76,2.29, ,4.27,4.81, , , ,-3.14, , ,1.88, ,-0.2,4.23, ,0.03,-0.85,2.28,3.13,0.18,1.6,0.48,4.7,4.4,3.49,2.8,-1.31, ,5.0, ,1.65,-0.85, ,4.46,3.51, , , ,1.39, , ,0.77,1.44,2.61,3.88,5.18,-11.93,-10.93,-10.88,14.7,14.96,15.49,3.73,1.15,4.32,3.99,,,,
45,97051114,11/3/2025,8:44:29,,,-1.1,-1.07,-1.41,-4.34,4.36,5.17,4.3,8.47,-1.67,-1.51,-0.48,-1.81,4.67,4.25,3.69,7.43, , , , , , , , ,-1.67,-1.63,-0.16,3.31,0.53,1.48,0.52,5.58,6.55,5.0,3.79,-0.42, ,5.6, ,1.46,0.9, ,4.76,4.29, , , ,-4.3, , ,1.68, ,-0.68,3.75, ,-0.9,-0.65,2.32,3.01,0.59,1.51,0.57,4.77,4.12,3.08,3.55,-0.41, ,7.78, ,2.08,-1.77, ,5.16,2.78, , , ,-0.24, , ,2.34,1.21,1.38,3.8,4.25,-12.45,-10.85,-11.04,14.12,14.58,15.01,3.35,1.85,4.09,4.76,,,,
46,97055008,11/3/2025,8:45:20,,,-0.7,0.33,-0.58,-1.57,4.62,4.41,5.02,4.83,-1.27,-1.83,-0.83,-1.4,3.49,2.87,2.89,4.72, , , , , , , , ,-1.38,-1.53,-0.29,3.36,0.76,1.68,0.7,5.72,7.3,4.81,3.63,-0.68, ,3.89, ,1.32,0.61, ,5.14,5.35, , , ,-2.56, , ,0.31, ,0.54,3.16, ,-0.74,-0.76,2.8,3.54,0.45,1.65,0.54,4.57,4.82,3.96,2.53,-1.41, ,5.29, ,1.85,-1.39, ,4.35,3.22, , , ,1.89, , ,0.95,1.6,2.56,4.0,4.98,-12.36,-11.01,-11.08,13.65,14.89,14.99,3.34,1.75,4.56,3.84,,,,
47,97051106,11/3/2025,8:46:12,,,-0.39,0.33,-0.8,-1.54,4.65,4.08,5.26,4.92,-1.41,-1.83,-0.91,-1.6,4.05,3.51,3.66,5.89, , , , , , , , ,-2.33,-1.61,0.29,3.47,1.06,1.88,0.5,4.94,7.08,4.73,3.1,-0.79, ,4.9, ,0.98,0.93, ,4.59,4.32, , , ,-3.2, , ,1.69, ,-0.09,4.09, ,-1.9,-1.2,1.66,4.19,0.73,1.8,0.44,4.64,4.68,3.76,2.74,-0.56, ,6.45, ,2.34,-0.6, ,4.53,3.21, , , ,-0.24, , ,1.29,1.41,1.53,3.58,4.61,-11.83,-11.35,-11.04,14.49,14.85,15.42,3.8,1.23,4.54,4.36,,,,
48,97054985,11/3/2025,8:47:02,,,-1.08,-0.26,-0.87,-1.96,4.95,5.5,5.39,6.21,-0.63,-1.24,-0.87,-0.35,3.32,2.55,2.83,4.45, , , , , , , , ,-0.43,-1.16,-0.59,2.86,0.62,1.35,0.9,4.37,6.17,4.08,4.33,-0.37, ,6.65, ,1.32,0.77, ,5.71,3.76, , , ,-3.98, , ,2.54, ,-0.48,3.76, ,-1.87,-0.56,1.74,3.81,0.33,1.47,0.36,4.49,5.47,4.74,2.44,-1.82, ,4.54, ,1.74,-0.73, ,3.22,2.97, , , ,1.15, , ,0.92,1.54,2.34,3.91,5.1,-12.01,-11.27,-11.21,14.59,14.67,15.21,4.12,1.24,4.36,4.75,,,,
49,97054910,11/3/2025,8:48:56,,,-1.19,-0.07,-1.02,-1.72,4.61,4.5,5.03,4.76,-2.67,-1.46,-0.62,-0.74,4.55,3.34,3.46,4.88, , , , , , , , ,-2.36,-1.77,0.21,3.18,1.02,1.84,0.33,4.21,7.1,4.91,2.68,-1.6, ,5.86, ,0.7,1.16, ,5.51,4.93, , , ,-3.1, , ,2.07, ,-0.2,3.62, ,-2.76,-0.66,3.51,3.95,0.99,1.42,1.16,4.17,4.5,3.73,1.8,-1.22, ,6.59, ,1.53,-1.13, ,4.52,3.19, , , ,-2.11, , ,2.25,0.72,0.52,3.42,3.78,-11.08,-10.74,-10.54,15.07,15.19,15.54,3.84,1.49,4.76,4.68,,,,
50,97055024,11/3/2025,8:49:47,,,-0.53,-0.41,-1.76,-1.5,5.4,4.65,5.36,5.11,-0.61,-0.8,-0.46,0.03,3.46,2.46,2.57,4.3, , , , , , , , ,-2.82,-1.83,0.77,3.67,0.78,1.78,0.42,4.28,6.28,3.91,2.11,-2.26, ,5.94, ,0.52,1.62, ,5.24,4.64, , , ,-3.91, , ,2.45, ,-0.6,3.71, ,-1.41,-1.03,3.03,3.45,0.72,1.5,0.54,4.68,4.34,3.59,2.18,-2.06, ,5.93, ,1.5,-0.22, ,4.91,4.13, , , ,0.3, , ,1.91,0.94,1.79,3.7,4.26,-10.85,-10.54,-10.14,14.53,15.13,15.16,3.51,1.02,4.4,3.96,,,,
51,97054894,11/3/2025,8:50:42,,,-0.79,-1.14,-1.93,-2.83,4.56,4.96,5.56,5.58,-0.7,-0.4,-0.26,0.53,3.66,2.71,3.03,4.35, , , , , , , , ,-1.42,-1.59,-0.21,3.29,0.88,1.65,0.78,5.32,6.98,4.88,3.71,-0.32, ,6.36, ,1.25,0.54, ,5.2,3.99, , , ,-4.66, , ,2.39, ,-1.2,3.6, ,0.3,-1.02,1.4,2.87,0.64,1.7,0.39,4.64,4.8,3.85,4.23,0.54, ,6.92, ,2.7,-0.89, ,4.53,2.41, , , ,-0.44, , ,1.71,1.3,1.5,3.87,4.67,-11.88,-10.67,-10.62,14.09,15.23,15.12,3.85,1.87,5.2,3.99,,,,
52,97051171,11/3/2025,8:51:32,,,-1.27,-0.39,-1.84,-1.7,4.67,4.46,5.53,4.85,-1.66,-1.21,-0.2,-0.28,4.26,3.23,3.07,5.14, , , , , , , , ,0.12,-1.03,-0.53,2.92,0.96,1.26,0.84,5.04,6.8,4.67,4.46,0.94, ,5.99, ,1.55,-0.11, ,5.3,4, , , ,-4.35, , ,2.21, ,-0.97,3.49, ,-0.16,-1.02,2.13,3.12,0.89,1.43,0.93,4.71,4.45,3.65,3.72,-0.43, ,6.17, ,2.05,-1.25, ,4.53,3.34, , , ,1.05, , ,1.03,1.33,1.96,3.55,4.66,-11.32,-10.72,-10.35,14.25,15.06,15.08,3.8,1.71,4.67,4.31,,,,
53,97074470,11/3/2025,8:52:26,,,-0.45,-0.6,-1.15,-2.47,4.08,4.74,5.03,5.74,-1.49,-1.65,-1.45,-0.77,3.17,2.5,2.78,4.86, , , , , , , , ,-2.69,-1.71,0.22,3.36,0.51,0.47,0.15,4.52,3.74,4.84,2.76,-1.3, ,4.92, ,0.75,0.67, ,5.17,4.93, , , ,-4.03, , ,1.38, ,-0.97,3.22, ,-2.22,-1.25,2.44,3.25,0.22,1.88,0.07,4.69,4.69,3.83,2.81,-0.49, ,5.8, ,2.0,-0.98, ,4.17,3.64, , , ,-1.43, , ,0.98,1.24,1.44,3.63,4.57,-11.6,-10.53,-10.55,14.05,15.45,15.13,3.93,1.82,4.81,3.75,,,,
54,97051155,11/3/2025,8:53:16,,,-0.94,-0.39,-1.25,-2.11,4.4,4.6,5.28,5.34,-1.26,-1.55,-0.62,-1.39,3.95,2.94,3.31,5.52, , , , , , , , ,-1.76,-1.75,0.03,3.62,0.24,1.53,0.37,4.83,6.51,5.15,2.82,-1.14, ,5.73, ,0.92,0.71, ,4.6,4.24, , , ,-4.16, , ,1.77, ,-1.22,3.76, ,-1.01,-0.91,2.29,2.79,0.32,1.79,0.31,4.88,4.74,3.85,2.55,-1.22, ,6.61, ,1.75,-0.81, ,4.46,3.3, , , ,0.58, , ,1.2,1.13,2.11,3.47,4.74,-11.58,-11.33,-10.66,14.05,14.66,14.9,4.0,1.77,4.53,4.11,,,,
55,97054852,11/3/2025,8:54:07,,,-1.48,-0.47,-1.51,-1.73,4.19,4.16,4.87,4.78,-1.2,-0.97,-0.51,-0.34,3.94,2.63,2.94,4.81, , , , , , , , ,-3.2,-1.52,0.99,3.95,0.4,1.87,0.35,4.68,7.03,5.47,2.01,-1.94, ,6.57, ,0.56,1.66, ,5.04,4.66, , , ,-3.54, , ,2.41, ,-1.03,3.2, ,-2.05,-1.33,3.09,3.28,0.55,1.42,0.57,4.74,4.85,3.68,2.61,-0.92, ,6.67, ,1.69,-1.13, ,4.62,3.98, , , ,-0.79, , ,1.53,1.03,1.16,3.37,3.96,-11.27,-11.02,-10.58,14.29,14.83,15.28,4.04,1.44,4.27,4.43,,,,
56,97054928,11/3/2025,8:55:11,,,-0.49,-0.03,-1.57,-1.27,5.74,5.68,6.22,5.58,-0.81,-0.98,-0.55,-0.07,3.38,2.45,2.62,4.99, , , , , , , , ,-0.91,-1.47,-0.02,3.38,0.81,1.57,0.77,3.95,5.81,4.27,3.45,0.29, ,5.81, ,1.21,0.92, ,4.7,3.68, , , ,-4.95, , ,2.45, ,-1.37,4.22, ,-2.62,-1.25,2.39,3.49,0.51,1.8,0.52,4.3,4.68,3.87,1.88,-3.4, ,5.11, ,1.23,0.33, ,4.28,3.56, , , ,0.41, , ,1.92,1.36,2.21,3.91,4.86,-11.19,-11.09,-10.67,14.13,14.95,15.25,4.01,1.48,4.6,3.59,,,,
57,97051189,11/3/2025,8:56:01,,,-1.27,-0.74,-1.57,-1.88,4.24,4.18,4.74,4.8,-0.53, ,-0.31,0.3,3.82, ,2.78,4.61, , , , , , , , ,-2.2,-1.78,-0.09,3.42,-0.08,2.14,-0.05,4.7,6.67,5.1,3.07,-1.88, ,5.74, ,0.74,1.47, ,4.94,4.43, , , ,-3.2, , ,2.16, ,-0.57,3.55, ,-2.91,-0.96,4.27,3.76,0.7,1.24,0.85,4.3,4.6,4.49,0.79,-2.67, ,4.14, ,1.28,0.22, ,4.29,4.98, , , ,0.93, , ,0.93,1.46,2.43,3.49,4.49,-11.76,-10.81,-10.81,14.46,15.15,15.36,3.34,1.83,4.32,4.62,,,,
58,97054902,11/3/2025,8:56:54,,,-0.81,-0.33,-1.12,-1.72,4.62,4.73,4.9,5.35,-0.34,-1.22,-0.43,-0.54,3.29,3.06,2.91,4.92, , , , , , , , ,-1.91,-1.62,-0.04,3.5,0.6,1.82,0.39,4.95,6.34,4.6,3.22,-0.73, ,5.09, ,0.96,0.72, ,4.52,4.62, , , ,-4.19, , ,1.39, ,-0.63,3.82, ,-0.92,-0.8,2.23,3.33,0.14,1.59,0.26,4.76,5.04,4.18,2.66,-1.39, ,7.25, ,1.59,-1.06, ,4.37,1.8, , , ,0.11, , ,2.4,0.81,1.4,3.68,4.3,-11.15,-10.97,-10.51,14.28,14.78,15.15,4.14,1.47,4.76,3.97,,,,
59,97054886,11/3/2025,8:57:45,,,-0.46,-0.21,-0.58,-3.76,4.57,4.63,4.3,7.92,-1.91,-2.03,-1.01,-2.2,4.36,4,3.45,6.91, , , , , , , , ,-2.11,-1.52,0.39,3.74,0.62,1.42,0.79,5.18,6.67,5.04,2.56,-1.26, ,4.41, ,0.84,1.32, ,4.35,4.78, , , ,-5.15, , ,1.38, ,-0.71,3.65, ,0.43,-0.83,1.67,2.88,0.38,1.89,0.8,5.79,4.41,2.8,3.36,-1.1, ,8.06, ,2.16,-1.19, ,4.73,1.4, , , ,0.55, , ,2.54,0.84,1.87,3.93,4.39,-11.76,-11.32,-10.99,14.15,14.9,15.04,3.79,1.86,4.34,4.47,,,,
60,97054860,11/3/2025,8:58:40,,,-0.98,-0.19,-1.94,-1.33,5.29,5.68,6.22,5.58,-1.19,-0.97,-0.3,-0.66,4.08,2.78,3.04,5.26, , , , , , , , ,-2.21,-0.95,1.08,3.8,0.57,1.29,1.1,3.96,6.43,5.06,1.82,-1.45, ,5.26, ,0.68,1.45, ,4.5,4.55, , , ,-5.12, , ,2.21, ,-0.8,3.64, ,-1.86,-1.02,2.12,3.56,0.65,1.36,0.8,4.69,4.78,3.78,1.62,-1.57, ,4.78, ,1.44,-0.39, ,4.19,3.96, , , ,0.09, , ,2.01,1.2,1.72,3.73,4.35,-11.89,-10.52,-10.7,14.06,14.79,14.79,3.61,2.22,4.17,4.79,,,,
61,97054837,11/3/2025,9:00:22,,,-0.8,-0.16,-1.14,-1.63,5.58,5.04,5.24,5.56,-0.97,-1.07,-1.04,-0.73,3.56,2.85,2.93,5.43, , , , , , , , ,-0.25,-1.26,-1.62,3.18,0.87,1.45,1.08,4.22,5.67,3.65,4.24,0.33, ,6.82, ,1.24,0.05, ,5.45,3.66, , , ,-4.08, , ,2.62, ,-0.73,3.81, ,-1.54,-0.6,3.05,3.4,0.84,1.28,0.98,5.52,5.17,4.3,2.3,-0.73, ,5.16, ,1.74,-0.98, ,3.98,3.47, , , ,-0.04, , ,1.48,1.01,1.52,3.7,4.61,-11.25,-10.78,-10.36,14.16,15.46,15.37,3.56,1.07,4.46,3.91,,,,
62,97053839,11/3/2025,9:01:21,,,-0.68,-0.11,-0.75,-3.39,3.66,4.43,4.3,7.49,-1.47,-1.51,-0.55,-1.66,4.1,4.3,2.93,7.53, , , , , , , , ,-1.3,-1.89,-0.21,3.13,0.76,1.63,0.33,5.74,7.29,5.12,3.79,-0.91, ,5.56, ,1.37,1.62, ,5.16,4.14, , , ,-3.65, , ,2.34, ,-0.43,3.82, ,-1.68,-1.21,2.76,3.39,0.3,1.64,0.31,4.91,4.61,3.62,3,-1.07, ,5.74, ,1.7,-1.31, ,4.15,3.07, , , ,-0.89, , ,1.82,1.15,1.61,4.15,4.63,-11.62,-11.3,-10.76,14.91,14.06,15.0,4.04,1.61,3.91,5.01,,,,
63,97078281,11/3/2025,9:15:33,,,-0.65,-0.33,-0.52,-3.52,5.18,4.68,4.86,7.35,-2.0,-1.68,0.25,-1.81,3.98,3.69,-0.14,8.05, , , , , , , , ,-0.69,-1.62,-0.08,3.52,0.52,1.38,0.54,5.15,6.5,4.41,3.79,0.33, ,5.76, ,1.36,0.67, ,4.94,3.52, , , ,-5.11, , ,1.88, ,-1.0,3.64, ,-1.09,-1.02,2.27,4.18,0.3,1.58,0.18,5.02,4.68,4.0,2.81,-0.95, ,4.96, ,1.81,-1.79, ,3.92,2.62, , , ,0.2, , ,1.76,1.29,1.81,3.83,4.95,-11.08,-11.12,-10.54,14.44,15.18,15.53,3.71,1.15,4.74,4.35,,,,
64,97078273,11/3/2025,9:16:38,,,-0.82,-0.54,-1.06,-2.15,4.6,4.4,4.98,5.14,-1.46,-1.39,-0.76,-0.67,3.93,2.78,3.14,4.6, , , , , , , , ,-1.35,-1.67,-0.12,3.34,1.14,1.48,0.21,5.14,7.33,4.92,3.32,-0.78, ,5.18, ,0.87,0.94, ,4.87,4.04, , , ,-3.57, , ,2.14, ,-0.57,4.04, ,-2.05,-0.89,1.98,3.78,0.73,1.53,0.4,4.93,5.06,4.27,2.43,-2.58, ,5.68, ,1.59,0.13, ,4.33,2.88, , , ,0.34, , ,1.35,1.61,2.68,3.67,4.56,-11.19,-11.03,-10.71,14.15,14.77,15.23,3.65,1.54,4.56,4.23,,,,
65,97078265,11/3/2025,9:17:29,,,-0.8,-0.6,-1.54,-2.17,5.32,5.0,5.66,5.38,-0.41, ,-0.78,0.27,3.34, ,3.26,5.01, , , , , , , , ,-2.42,-1.65,0.14,3.62,1.08,1.85,0.46,4.66,7.11,4.96,3.0,-2.06, ,4.25, ,0.66,1.73, ,4.82,4.56, , , ,-5.12, , ,1.89, ,-0.62,3.61, ,-2.41,-1.09,2.75,3.83,0.15,1.54,-0.02,4.25,4.88,4.57,2.69,-1.3, ,6.62, ,1.5,-1.33, ,4.54,2.68, , , ,-1.12, , ,2.27,0.91,1.16,3.87,4.29,-11.36,-10.46,-10.25,14.24,15.17,15.19,3.2,1.37,4.21,4.32,,,,
66,97047500,11/3/2025,9:18:28,,,-1.48,-0.68,-1.11,-2.21,4.87,4.18,4.56,5.07,-0.1,0.06,-0.16,0.72,3.64,2.74,2.88,4.69, , , , , , , , ,-3.85,-1.56,1.9,4.07,0.95, ,0.74,4.89, ,5.42,0.77,-1.94, ,4.86, ,0.53,2.2, ,4.48,5.39, , , ,-4.89, , ,1.68, ,-0.59,3.48, ,-2.15,-1.06,3.45,3.33,0.18,1.75,0.46,4.63,4.77,4.02,2.06,-1.66, ,5.77, ,1.3,-1.16, ,4.21,3.02, , , ,-0.35, , ,2.26,0.98,1.59,4.13,4.53,-11.17,-10.89,-10.43,15.18,15.13,15.74,3.43,1.51,4.37,4.58,,,,
67,97053805,11/3/2025,9:21:30,,,-0.47,-0.27,-0.64,-3.34,5.21,5.15,4.6,7.98,-1.73,-1.4,-1.05,-2.2,4.08,3.88,3.11,7.45, , , , , , , , ,-2.89,-1.54,0.52,3.54,0.91,1.68,0.67,4.54,6.4,4.78,2.75,-2.05, ,6.3, ,0.65,1.71, ,5.19,4.21, , , ,-2.77, , ,3.12, ,-0.7,3.38, ,-2.17,-0.92,2.65,3.24,0.55,1.7,0.64,4.84,4.39,3.25,2.56,-1.16, ,5.65, ,1.69,-0.93, ,4.24,3.48, , , ,-0.25, , ,1.68,1.04,1.4,3.6,4.46,-11.41,-10.64,-10.39,14.45,15.57,15.77,3.18,1.54,4.54,4.28,,,,
68,97053789,11/3/2025,9:23:18,,,-0.23,-0.08,0.14,-2.02,4.92,4.97,4.56,6.02,-1.39,-0.96,-0.82,-0.4,3.65,2.78,3.19,4.04, , , , , , , , ,-1.78,-1.21,-0.14,3.37,0.96,1.43,1.04,5.57,6.92,4.52,3.82,-0.39, ,6.95, ,1.07,0.73, ,5.43,3.38, , , ,-4.76, , ,3.31, ,-1.56,3.62, ,-0.6,-0.67,2.19,3.61,0.52,1.52,0.42,4.22,4.85,4.45,3.41,0.29, ,6.8, ,2.01,-2.28, ,4.21,1.79, , , ,-0.93, , ,1.52,0.99,1.29,3.56,4.26,-11.41,-11.11,-10.57,14.18,14.65,15.17,3.9,0.9,4.74,4.22,,,,
69,97053797,11/3/2025,9:24:08,,,-0.26,0.0,-0.43,-1.83,4.39,4.55,5.05,5.58,-0.48,-0.76,-0.77,0.21,3.43,2.43,3.24,4.69, , , , , , , , ,-2.6,-1.45,0.3,3.66,0.93,1.69,0.53,5.73,6.89,5.31,2.86,-1.14, ,5.68, ,0.91,1.26, ,4.45,4.33, , , ,-4.59, , ,2.1, ,-1.21,3.61, ,-2.22,-0.74,3.87,3.92,0.01,1.34,0.37,4.77,5.46,4.53,0.77,-2.91, ,4.68, ,1.21,-0.14, ,3.59,3.58, , , ,1.31, , ,1.67,1.31,2.26,3.59,4.5,-11.63,-10.78,-10.66,14.35,14.74,14.91,3.59,1.14,4.08,4.74,,,,
70,97077317,11/3/2025,9:25:01,,,-1.28,-0.84,-0.93,-2.5,4.58,4.8,4.79,5.76,-0.66,-0.54,-0.51,0.15,2.96,2.62,2.88,4.77, , , , , , , , ,-3.2,-1.51,0.57,3.71,0.83,1.37,0.47,5.37,6.93,4.93,2.72,-0.87, ,3.5, ,0.88,0.93, ,4.79,6.34, , , ,-4.61, , ,0.77, ,-0.85,2.79, ,-2.88,-1.07,2.72,3.98,0.37,1.76,0.03,4.73,5.31,4.8,1.87,-2.65, ,4.84, ,1.73,-0.74, ,3.62,3.01, , , ,0.1, , ,0.9,1.39,1.79,3.45,4.49,-10.78,-10.71,-10.05,13.06,15.29,15.0,3.16,1.29,5.41,3.57,,,,
71,97077325,11/3/2025,9:25:52,,,-1.44,-0.73,-1.04,-4.17,4.06,5.1,4.34,8.04,-1.39,-1.62,-0.83,-1.68,4.51,4.44,3.29,7.62, , , , , , , , ,-2.26,-1.41,1.22,3.84,0.72,1.55,1.34,5.3,6.63,5.15,1.96,-1.21, ,5.89, ,0.78,1.25, ,4.87,5.02, , , ,-4.6, , ,2.0, ,-0.48,3.62, ,-1.71,-1.23,3.48,3.75,0.15,1.44,0.15,4.41,4.83,3.9,1.86,-2.4, ,4.2, ,1.44,0.06, ,4.22,3.88, , , ,0.64, , ,1.88,1.28,1.79,3.6,4.46,-11.72,-11.09,-10.7,13.91,14.78,14.94,3.51,1.9,3.8,5.01,,,,
72,97077291,11/3/2025,9:27:42,,,-0.37,-0.2,-0.63,-3.22,4.8,4.54,4.07,7.66,-1.17,-1.09,0.7,-1.43,3.65,3.69,-0.17,8.31, , , , , , , , ,-2.38,-1.4,0.84,3.53,0.64,1.37,0.55,4.36,6.32,5.08,2.39,-1.01, ,6.92, ,0.85,1.13, ,5.19,4.43, , , ,-4.98, , ,2.63, ,-1.62,3.34, ,-2.17,-0.83,2.33,4.16,0.08,1.8,0.12,4.74,4.79,4.63,2.11,-1.54, ,5.16, ,1.59,-1.1, ,3.81,2.81, , , ,-0.51, , ,2.21,0.99,1.37,3.76,4.5,-11.66,-10.54,-10.4,14.12,14.72,14.94,3.46,2.08,4.34,4.7,,,,
73,97077309,11/3/2025,9:29:30,,,-0.72,-0.14,-0.45,-2.14,4.48,4.71,4.69,5.68,-0.64,-1.29,-0.88,-0.8,3.42,2.73,2.99,5.15, , , , , , , , ,-0.02,-1.27,-0.58,3,0.08,1.21,-0.17,5.52,6.93,4.96,4.24,-0.18, ,5.34, ,1.45,1.07, ,5.28,4.08, , , ,-3.59, , ,1.89, ,-0.48,3.95, ,-2.28,-1.19,2.95,3.64,0.47,1.87,0.0,4.31,5.05,4.25,2.01,-2.83, ,4.87, ,1.38,-0.71, ,4.09,4.04, , , ,0.88, , ,1.29,1.32,2.32,3.67,4.41,-11.24,-10.63,-10.47,14.56,15.09,15.57,3.45,1.54,4.36,4.64,,,,
74,97078257,11/3/2025,9:30:21,,,-0.11,0.4,-1.25,-0.28,5.63,4.96,5.71,5.02,-0.58,-0.86,-0.84,-0.14,3.84,2.82,3.5,4.4, , , , , , , , ,-2.49,-1.4,1.56,3.87,1.16,1.76,0.22,3.61,5.81,4.52,1.51,-1.39, ,4.87, ,0.81,2.08, ,4.14,4.73, , , ,-4.0, , ,1.82, ,-0.66,4.12, ,-0.48,-0.8,2.06,4.0,0.27,1.82,0.18,5.04,5.01,4.2,3.16,-1.4, ,6.82, ,2.11,-1.36, ,4.42,2.1, , , ,0.54, , ,1.64,1.23,2.12,3.75,4.56,-11.67,-10.79,-10.75,14.42,14.85,15.27,3.51,1.52,4.05,4.67,,,,
75,97053771,11/3/2025,9:31:53,,,-0.14,-0.27,-0.55,-1.49,5.75,5.01,5.35,5.83,-0.51,-0.57,-0.45,0.04,3.43,2.02,3.07,4.66, , , , , , , , ,-1.5,-1.22,-0.16,3.15,0.69,1.53,0.49,4.5,6.06,3.48,3.04,-1.29, ,5.41, ,0.86,1.2, ,5.35,4.65, , , ,-3.82, , ,1.2, ,-0.3,3.26, ,-2.61,-1.13,2.07,4.2,0.36,1.69,0.25,5.5,5.49,4.37,2.57,-1.14, ,5.82, ,1.78,-1.07, ,3.86,2.75, , , ,-1.02, , ,1.09,1.24,1.44,3.4,4.45,-11.41,-10.71,-10.31,14.22,14.92,15.07,4.01,2.24,4.29,4.55,,,,
76,97053755,11/3/2025,9:38:15,,,-0.35,0.31,-1.03,-1.42,4.75,5.41,5.71,5.47,-0.18,-0.87,-0.54,-0.11,3.74,2.77,2.97,4.89, , , , , , , , ,-1.91,-1.85,-0.24,3.61,0.46,1.69,0.16,4.25,6.54,5.34,2.83,-1.29, ,4.43, ,1.04,1.15, ,4.44,4.84, , , ,-3.38, , ,0.53, ,-0.08,3.32, ,-2.69,-0.99,2.78,3.81,0.08,1.52,0.24,4.72,5.17,4.7,2.54,-1.63, ,6.34, ,1.67,-0.6, ,3.95,2.74, , , ,-0.93, , ,2.02,0.86,1.17,3.74,4.21,-11.55,-10.98,-10.55,14.34,14.93,15.21,4.04,1.21,4.42,4.3,,,,
77,97077275,11/3/2025,9:39:13,,,-0.67,0.45,-0.41,-2.27,4.55,3.84,2.84,6.51,-1.1,-1.91,-0.57,-2.11,4.52,4.32,3.08,7.49, , , , , , , , ,1.24,-1.32,-1.07,2.76,0.37,1.39,0.37,4.94,6.18,3.51,5.35,1.89, ,6.27, ,2.18,0.08, ,5.67,3.77, , , ,-4.53, , ,1.09, ,-0.49,3.78, ,-3.14,-1.05,5.66,4.47,0.38,1.35,0.41,4.7,5.04,4.83,-0.29,-2.36, ,1.99, ,1.43,-0.06, ,2.86,5.42, , , ,0.17, , ,0.36,1.33,1.93,3.71,5.08,-12.02,-10.66,-10.72,14.05,15.3,15.64,3.68,1.57,4.67,3.95,,,,
78,97077283,11/3/2025,9:40:03,,,-1.32,-0.59,-1.1,-1.67,4.78,5.16,5.2,5.01,-0.95,-1.21,-0.75,-0.53,3.27,2.71,2.61,4.49, , , , , , , , ,-1.68,-1.99,-0.32,3.13,1.36,1.96,0.49,4.03,6.85,4.41,3.71,-0.56, ,5.29, ,1.37,0.9, ,5.04,3.97, , , ,-4.06, , ,2.01, ,-0.72,3.72, ,0.25,-0.86,1.69,2.77,0.26,1.59,0.29,4.65,4.55,3.77,3.26,-0.3, ,5.74, ,2.16,-0.97, ,4.42,3.62, , , ,1.43, , ,0.42,1.47,2.32,3.48,4.83,-11.66,-10.59,-10.61,14.18,14.43,14.97,3.6,1.8,4.68,4.69,,,,
79,97077259,11/3/2025,9:40:57,,,-0.48,0.26,-0.66,-3.11,4.42,4.93,4.57,7.87,-2.15,-1.51,-0.71,-1.91,4.45,4.07,3.53,7.86, , , , , , , , , ,-1.14, ,3.66,1.35,1.77,0.7,4.5,6.34,5.32,2.55,1.24, ,5.33, ,1.03,-0.58, ,4.54,4.66, , , ,-4.86, , ,1.34, ,-0.98,3.71, ,-0.96,-1.31,2.36,2.93,0.84,1.5,0.43,5.55,4.91,3.38,2.9,-0.88, ,6.02, ,2.1,-0.79, ,4.39,3.19, , , ,0.03, , ,1.54,1.28,1.87,3.6,4.6,-11.87,-11.05,-10.77,14.73,15.25,15.6,4.22,1.92,4.52,4.55,,,,
80,97077267,11/3/2025,9:41:48,,,-0.3,0.42,-0.77,-1.03,4.74,4.18,5.06,4.66,-2.58,-1.32,-0.42,-0.97,3.52,3.08,3.14,5.02, , , , , , , , ,0.08,-1.51,-0.56,3.26,0.38,1.57,0.28,4.93,6.59,4.82,4.38,0.85, ,3.98, ,1.58,-0.08, ,4.59,4.34, , , ,-3.8, , ,0.83, ,-0.21,3.76, ,-2.75,-1.08,1.88,3.87,0.84,1.55,0.73,5.48,5.59,4.2,1.45,-2.31, ,5.93, ,1.58,-0.51, ,4.47,3.45, , , ,-0.79, , ,2.51,1.25,2.64,3.59,4.3,-11.62,-11.5,-10.84,14.31,15.06,15.5,4.25,1.52,4.57,4.1,,,,
81,97053763,11/3/2025,9:43:41,,,-0.57,-0.61,-0.77,-4.11,2.85,4.0,3.72,6.78,-1.84,-1.54,0.34,-2.22,4.62,4.4,2.59,7.86, , , , , , , , ,-0.15,-1.79,-0.69,3.11,1.02,1.66,0.38,4.95,7.19,4.58,4.11,0.79, ,4.09, ,1.72,0.28, ,4.92,4.13, , , ,-3.95, , ,0.53, ,-0.11,3.82, ,0.53,-0.7,1.63,3.25,1.14,1.33,1.04,6.58,5.04,3.48,3.88,0.37, ,6.32, ,2.65,-1.64, ,4.05,2.29, , , ,0.84, , ,1.06,1.35,2.13,3.69,4.89,-12.41,-11.03,-11.06,13.43,15.18,14.92,3.91,1.89,4.79,4.26,,,,
82,97078703,11/3/2025,9:44:32,,,-0.14,-1.05,-0.94,-2.78,4.78,4.04,4.87,4.98,-1.08,-1.02,-0.54,-0.79,4.0,2.49,2.81,3.93, , , , , , , , ,-2.88,-1.58,1.75,4.03,1.12,0.63,0.61,4.55,2.94,5.14,0.95,-0.68, ,4.6, ,0.78,0.68, ,4.23,5.52, , , ,-5.07, , ,1.01, ,-1.04,3.71, ,1.26,-0.91,-0.05,3.06,0.7,1.83,0.62,5.57,5.09,3.46, ,1.22, ,7.72, ,2.79,-1.84, ,5.31,2.11, , , ,-0.09, , ,1.34,1.18,1.51,3.54,4.48,-11.89,-10.92,-11.03,14.39,15.27,15.7,3.49,2.52,4.33,4.81,,,,
83,97053730,11/3/2025,9:45:31,,,-0.83,-0.07,-0.49,-1.64,4.64,4.07,4.65,4.75,-1.43,-1.8,-0.79,-1.69,4.19,3.19,3.44,5.25, , , , , , , , ,-0.48,-1.89,-3.25,3.39,0.87,1.77,0.23,5.39,6.94,4.99,3.77,0.64, ,5.22, ,1.09,-0.56, ,5.16,3.92, , , ,-5.43, , ,1.72, ,-1.18,3.58, ,-2.62,-0.99,3.29,3.77,1.03,1.39,0.62,4.7,5.72,4.68,2.07,-1.48, ,6.18, ,1.79,-0.99, ,4.01,3.12, , , ,-0.88, , ,2.07,1.1,1.6,3.65,4.07,-11.61,-11.17,-11.04,14.72,14.81,15.57,3.87,1.26,4.21,4.49,,,,
84,97053748,11/3/2025,9:46:21,,,-1.52,-1.29,-1.24,-3.25,4.76,5.39,5.18,6.31,-0.86,-0.34,-0.32,0.1,3.69,2.51,2.67,4.78, , , , , , , , ,-3.45,-1.5,2.01,4.05,1.69,1.54,0.47,4.19,7.34,5.74,0.7,-1.8, ,5.75, ,0.6,2, ,4.43,4.96, , , ,-5.63, , ,2.2, ,-1.04,3.81, ,-1.3,-0.67,3.07,3.19,1.11,1.27,0.84,4.87,4.39,3.7,2.1,-1.33, ,5.31, ,1.61,-0.82, ,4.77,4.71, , , ,-0.02, , ,1.12,1.27,1.93,3.41,4.54,-11.33,-11.31,-10.97,14.21,14.74,15.29,3.88,1.9,4.58,4.27,,,,
85,97078299,11/3/2025,9:47:15,,,-0.9,-0.9,-0.77,-2.63,4.95,4.77,4.99,5.25,-0.92,-1.27,-1.01,-0.9,3.76,3.04,3.02,4.83, , , , , , , , ,-2.23,-1.7,0.36,3.77,1.27,1.86,0.75,5.02,7.59,5.02,2.65,-1.2, ,5.43, ,0.73,1, ,4.87,4.12, , , ,-4.73, , ,2.21, ,-1.21,3.54, ,-2.77,-0.91,3.82,4.01,0.95,1.5,0.68,4.78,4.65,4.87,0.96,-2.04, ,3.48, ,1.38,-0.59, ,3.06,3.98, , , ,-0.51, , ,0.77,1.32,2.42,3.93,5.2,-10.92,-10.99,-10.71,13.97,15.13,15.09,3.49,1.01,4.85,3.86,,,,
86,97077242,11/3/2025,9:48:05,,,-0.56,0.29,-1.11,-2.94,4.73,5.73,5.45,7.96,-1.89,-1.03,-0.26,-1.71,4.6,3.95,3.89,7.42, , , , , , , , ,-1.61,-1.69,0.41,3.48,1.28,1.94,0.67,4.44,7.08,5.45,2.68,-0.45, ,5.61, ,0.84,0.65, ,4.99,4.04, , , ,-4.83, , ,2.27, ,-0.96,3.92, ,-1.77,-0.75,0.84,3.36,0.41,1.39,0.66,5.27,4.14,3.52,1.18,-2.35, ,4.53, ,1.52,-0.21, ,4.27,4.23, , , ,1.26, , ,1.52,1.37,1.99,3.53,4.73,-11.64,-10.84,-10.83,14.8,15.69,16.08,3.54,2.1,4.62,4.57,,,,
87,97046858,11/3/2025,9:48:56,,,-1.01,-0.35,-1.2,-1.8,4.65,4.35,4.94,4.98,-1.14,-0.38,-0.2,0.53,4.18,2.65,3.26,4.06, , , , , , , , ,-1.32,-1.39,-0.14,3.43,1.38,1.85,0.81,5.73,7.22,5.18,3.15,-1.16, ,5.86, ,0.84,0.75, ,5.15,4.62, , , ,-3.66, , ,1.74, ,-0.3,3.52, ,-0.73,-0.81,2.51,3.25,0.63,1.1,0.8,4.79,4.99,3.66,2.56,-0.26, ,6.74, ,1.95,-0.81, ,4.67,2.83, , , ,-0.33, , ,2.07,0.85,1.32,3.59,4.52,-11.06,-11.4,-10.61,15.12,14.88,15.51,3.83,1.72,4.22,5.17,,,,
88,97078695,11/3/2025,9:49:55,,,-0.09,-0.51,-0.63,-3.99,4.71,4.66,4.44,8.08,-1.7,-1.43,-0.26,-1.89,4.3,3.84,3.22,7.22, , , , , , , , ,-1.93,-1.68,0.19,3.48,1.01,1.49,0.45,4.73,6.77,5.17,2.74,-1.52, ,4.86, ,0.79,1.31, ,4.83,4.74, , , ,-3.83, , ,1.31, ,-0.33,3.7, ,-1.21,-0.81,2.39,3.19,0.65,1.78,0.69,5.59,5.03,3.83,3.02,-1.0, ,5.67, ,2.19,-0.87, ,4.39,2.99, , , ,0.05, , ,1.68,1.03,1.64,3.73,4.63,-12.2,-10.96,-10.92,14.88,14.84,15.63,3.99,2.19,4.13,5.23,,,,
89,97046841,11/3/2025,9:50:46,,,-0.73,0.34,-0.21,-2.9,4.59,4.35,3.72,7.44,-1.71,-1.87,-0.59,-2.44,4.53,4.26,3.52,7.84, , , , , , , , ,-2.3,-1.63,-0.03,3.07,1.0,1.43,0.69,5.19,7.02,5.2,3.23,-1.97, ,6.57, ,1.17,2.01, ,5.44,4.28, , , ,-4.46, , ,2.15, ,-0.9,3.6, ,0.92,-0.63,1.37,3.72,0.52,1.62,0.75,6.45,4.84,4.19,3.84,0.66, ,6.88, ,2.39,-1.75, ,4.53,1.92, , , ,-0.65, , ,2.26,1.05,1.5,3.35,4.26,-11.01,-11.12,-10.42,15.26,15.01,15.92,4.18,1.42,4.38,4.92,,,,
90,97078588,11/3/2025,9:51:41,,,-0.43,-0.36,-0.8,-3.99,4.85,5.08,4.8,8.53,-1.59,-1.19,-0.48,-1.81,4.28,3.41,3.42,7.95, , , , , , , , ,-3.33,-1.52,0.24,3.72,0.71,1.32,0.62,5.1,6.35,4.92,2.85,-2.0, ,4.85, ,0.84,1.36, ,4.34,4.61, , , ,-4.39, , ,1.24, ,-0.67,3.52, ,0.06,-0.82,1.94,3.34,0.83,1.61,0.5,7.54,6.14,3.72,3.84,0.63, ,6.89, ,2.41,-2.06, ,4.12,1.82, , , ,-0.22, , ,1.92,0.81,1.25,3.85,4.69,-11.64,-11.28,-10.9,14.07,14.91,15.31,3.53,2.13,4.75,4.21,,,,
91,97078596,11/3/2025,9:52:31,,,-0.38,-0.43,-1.12,-3.91,3.73,4.63,4.39,8.09,-2.68,-1.92,-0.82,-2.6,4.54,4.2,3.61,7.14, , , , , , , , ,-1.34,-2.14,-0.19,3.32,0.25,1.82,-0.17,4.28,6.74,5.37,3.83,-0.26, ,6.47, ,1.17,-0.07, ,5.43,3.86, , , ,-5.18, , ,2.47, ,-1.1,3.83, ,-0.55,-0.88,2.38,3.81,1.09,1.87,0.6,5.29,4.92,3.96,2.6,-1.17, ,5.25, ,1.69,-1.18, ,3.79,3.04, , , ,0.99, , ,0.96,1.3,1.86,3.77,5.16,-11.08,-11.25,-10.74,13.3,14.98,15.18,3.98,1.49,4.73,4.05,,,,
92,97078562,11/3/2025,9:53:22,,,-0.5,0.18,-0.67,-1.36,4.59,5.1,5.28,5.28,-0.15,-1,-0.75,-0.29,3.9,2.61,3.19,4.52, , , , , , , , ,-1.42,-1.39,-0.26,3.46,0.33,1.33,0.27,4.42,6.73,5.27,3.51,-0.94, ,5.63, ,0.87,0.14, ,5.21,4.24, , , ,-3.2, , ,1.61, ,-0.52,3.42, ,-3.22,-0.6,4.62,4.12,0.7,1.31,0.75,4.75,4.85,4.51,0.88,-1.56, ,4.39, ,1.63,-0.8, ,3.99,3.98, , , ,-1.32, , ,2.48,0.99,1.34,4.21,4.5,-11.16,-11.23,-10.46,14.76,15.04,15.61,3.72,1.79,4.05,4.27,,,,
93,97078554,11/3/2025,9:54:12,,,-0.33,-0.02,-0.66,-1.6,4.25,4.04,4.89,4.77,-0.72,-1.2,-0.46,-0.7,4.31,2.99,3.27,5.04, , , , , , , , ,-0.07,-1.42,-0.61,3.24,0.69,1.3,0.78,6.13,7.1,4.83,4.38,0.38, ,6.07, ,1.44,0.92, ,5.3,4.08, , , ,-4.12, , ,1.99, ,-0.19,3.81, ,0.26,-0.65,1.73,2.57,0.85,1.43,0.82,4.62,4.35,3.23,3.8,-0.01, ,6.7, ,2.33,-1.17, ,4.82,3.94, , , ,0.65, , ,1.08,1.25,2.16,3.71,4.71,-11.58,-10.79,-10.78,14.4,14.89,15.46,3.4,1.43,3.74,4.39,,,,
94,97078240,11/3/2025,9:55:02,,,-0.89,-0.67,-1.08,-2.55,4.4,4.5,4.9,5.43,-1.32,-1.04,-0.54,-0.63,4.27,2.53,2.76,4.33, , , , , , , , ,-2.46,-1.61,0.64,3.63,1.4,1.6,0.61,5.16,7.4,4.89,2.06,-1.78, ,6.68, ,0.58,1.51, ,5.14,4.61, , , ,-3.31, , ,2.11, ,-0.4,3.18, ,-1.23,-0.9,2.74,3.06,1.01,1.59,0.58,4.81,4.8,3.24,2.97,-0.72, ,6.5, ,1.73,-1.26, ,4.62,3.84, , , ,-0.12, , ,1.7,0.96,1.55,3.89,4.65,-11.23,-11.16,-10.37,14.48,15.72,15.68,3.35,1.5,4.52,3.85,,,,
95,97078224,11/3/2025,9:56:01,,,-0.8,-0.63,-0.93,-2.53,4.31,4.22,4.74,5.79,-0.24,-1.02,-0.72,-0.39,3.59,2.83,2.73,4.92, , , , , , , , ,-1.98,-1.8,-0.2,3.63,1.29,1.85,0.26,7.31,8.08,5.24,2.79,-1.34, ,4.74, ,0.95,1.79, ,4.69,4.68, , , ,-3.06, , ,0.99, ,-0.13,3.33, ,-3.22,-1.69,3.13,3.69,0.07,0.93,-0.15,4.68,4.67,4.04,1.67,-2.4, ,5.69, ,1.49,0.34, ,4.14,4.07, , , ,-0.47, , ,1.54,1.15,1.4,3.72,4.52,-11.45,-10.99,-10.5,13.71,15.42,15.36,3.45,1.87,5.12,3.85,,,,
96,97078232,11/3/2025,9:56:52,,,-0.87,-0.93,-1.7,-2.32,4.57,4.26,4.67,5.23,-0.06,0.04,-0.22,0.79,3.71,2.51,3.33,4.18, , , , , , , , ,-2.05,-1.88,1.32,4.33,0.82,1.76,-0.03,5.1,7.12,5.17,1.46,-1.89, ,4.53, ,0.7, , ,4.33, , , , ,-3.15, , ,1.48, ,0.49,3.67, ,-0.43,-1.04,2.14,2.96,0.36,1.96,0.31,4.09,4.39,3.39,3.19,-0.58, ,7.59, ,2.33,-0.18, ,4.75,3.33, , , ,0.09, , ,2.2,1.04,1.47,3.71,4.26,-11.55,-10.73,-10.71,14.41,15.14,15.32,3.76,1.47,4.44,4.05,,,,
97,97048029,11/3/2025,9:57:49,,,-0.23,-0.54,-1.12,-2.25,5.09,4.92,5.48,5.51,-0.26,-0.98,-0.36,-0.77,3.33,2.69,2.96,5.3, , , , , , , , ,-2.19,-1.5,-0.09,3.27,0.67,1.15,0.62,3.99,3.91,4.15,2.86,-1.62, ,4.93, ,0.81,1.83, ,5.29,5.01, , , ,-3.8, , ,1.45, ,0.26,3.23, ,-3.43,-1.1,3.81,3.49,0.42,1.58,0.5,4.23,4.93,4.73,1.33,-2.64, ,4.5, ,1.48,0.31, ,3.74,4.42, , , ,-0.57, , ,1.77,1.11,1.4,3.99,4.64,-10.93,-11.0,-10.44,14.2,14.92,15.16,3.89,1.56,4.53,4.22,,,,
98,97078216,11/3/2025,9:58:42,,,-1.65,-0.03,-1.23,-1.23,5.11,5.34,5.55,5.37,-0.03,-0.4,0.06,0.05,3.22,2.22,2.78,4.49, , , , , , , , ,-1.22,-1.74,-0.26,3.17,0.75,1.69,0.47,4.11,6.22,4.13,3.7,-0.85, ,6.12, ,1.14,1.61, ,5.26,3.94, , , ,-3.98, , ,2.38, ,-0.21,4.05, ,-1.58,-0.9,1.45,3.53,0.11,1.44,0.34,4.62,5.62,4.76,2.11,-1.7, ,4.91, ,1.83,-0.77, ,3.23,2.34, , , ,0.43, , ,1.95,1.48,2.61,4.18,5.07,-11.81,-10.96,-10.85,14.73,14.68,15.36,3.94,1.71,4.02,4.85,,,,
99,97053847,11/3/2025,9:59:36,,,-0.19,-0.56,-1,-3.65,4.7,5.04,4.83,7.54,-0.71,-0.86,-0.01,-1.66,4.05,3.99,2.72,7.91, , , , , , , , ,-1.97,-1.57,0.17,3.69,1.02,1.7,0.79,4.1,6.61,4.93,2.88,-1.02, ,6.35, ,0.84,1.45, ,5.21,4.03, , , ,-5.03, , ,2.46, ,-0.92,3.79, ,-1.93,-1.24,2.85,3.2,0.46,1.72,0.16,5.0,4.73,4.02,2.43,-0.84, ,4.6, ,1.84,-1.67, ,4.24,3.6, , , ,-0.61, , ,1.02,1.16,1.5,3.7,4.93,-11.07,-11.32,-10.51,14.44,15.27,15.65,4.06,1.52,4.57,4.34,,,,
100,97047492,11/3/2025,10:00:26,,,-0.97,-0.04,-1.31,-3.03,4.86,5.18,5.22,7.69,-0.86,-1.15,-0.06,-2.42,4.23,4.43,3.25,7.94, , , , , , , , ,-1.68,-1.53,0.33,3.81,0.8,1.88,0.68,4.12,5.87,4.61,2.96,-1.25, ,6.12, ,0.94,1.03, ,4.78,4.11, , , ,-4.63, , ,2.32, ,-1.05,3.45, ,-0.11,-1.1,1.93,3.32,0.56,1.8,0.11,5.86,5.42,3.93,3.41,0.07, ,6.32, ,2.49,-1.29, ,4.36,2.54, , , ,0.64, , ,1.75,1.14,2.1,3.65,4.73,-11.28,-11.17,-10.68,14.51,14.78,15.42,3.94,1.89,4.66,4.65,,,,
101,97053813,11/3/2025,10:01:17,,,-0.49,-0.96,-1.59,-1.81,4.93,4.43,5.41,4.79,-0.54,-0.79,-0.83,-0.15,3.9,3.15,3.47,5.05, , , , , , , , ,-2.39,-1.62,0.24,3.42,0.65,2.03,0.59,4.05,5.84,4.12,3.16,-1.53, ,5.55, ,0.89,0.31, ,4.8,4.34, , , ,-5.22, , ,2.93, ,-0.75,3.86, ,-1.43,-0.82,2.26,3.65,0.87,1.05,0.82,4.86,4.74,3.81,3.08,-0.69, ,6.72, ,1.86,-1.63, ,4.7,3.35, , , ,-0.28, , ,2.34,1.1,1.72,3.74,4.15,-11.09,-10.7,-10.33,14.93,14.75,15.48,3.3,1.86,3.84,4.68,,,,
102,97054878,11/3/2025,10:04:18,,,0.03,0.01,-0.38,-3.08,5.3,4.93,4.81,7.94,-1.24,-2.03,-0.74,-2.26,4.21,3.97,3.57,7.88, , , , , , , , ,-1.54,-1.57,-0.2,3.03,0.32,1.21,0.64,4.53,5.64,3.97,3.6,-0.96, ,5.4, ,1.12,1.04, ,5.12,4.59, , , ,-2.87, , ,1.42, ,-0.43,3.5, ,-0.77,-1.06,2.91,3.27,0.32,1.36,0.42,5.22,4.72,3.89,3.13,0.59, ,6.02, ,2.18,-1.54, ,4.45,3.38, , , ,-1.11, , ,1.98,1.01,1.33,3.75,4.43,-11.21,-11.05,-10.48,13.89,15.58,15.45,3.34,1.77,5.34,3.58,,,,
103,97078208,11/3/2025,10:05:09,,,-0.67,-0.45,-1.02,-1.69,4.96,4.06,4.74,4.88,-0.13,0.02,-0.08,0.48,3.64,2.94,3.24,4.93, , , , , , , , ,-0.89,-1.55,-0.36,3.4,0.71,2.1,0.32,5.41,6.77,4.43,3.92,-0.13, ,4.96, ,1.45,0.61, ,4.56,4.01, , , ,-4.21, , ,1.52, ,-0.36,3.78, ,-0.7,-0.79,2.65,3.39,0.09,1.31,0.42,4.66,4.68,3.96,2.08,-0.37, ,4.7, ,1.96,-1.33, ,3.94,3.68, , , ,0.12, , ,1.85,1.21,3.16,3.89,5.06,-11.55,-10.69,-10.52,14.87,14.98,15.5,3.91,2.04,4.34,4.62,,,,
104,97078190,11/3/2025,10:06:03,,,-0.22,-0.52,-0.4,-4.45,4.93,4.77,4.34,8.33,-1.02,-1.21,-0.68,-1.59,3.79,3.71,3.14,7.56, , , , , , , , ,-1.48,-1.52,0.28,3.73,1.7,1.57,0.82,5.25,7,4.93,2.35,-0.44, ,4.86, ,0.9,0.51, ,4.4,4.44, , , ,-3.63, , ,0.88, ,-0.14,3.6, ,-1.82,-1.06,3.28,3.45,0.21,1.52,0.27,5.18,4.57,4.01,1.67,-2.25, ,5.39, ,1.4,-0.24, ,4.6,4.28, , , ,0.36, , ,1.97,1.06,1.9,3.36,4.2,-11.54,-11.07,-10.55,14.48,15.74,15.91,3.41,1.6,4.92,4.24,,,,
105,97078182,11/3/2025,10:07:40,,,0.21,-0.36,-0.42,-3.58,5.07,4.49,3.96,7.59,-1.13,-1.01,0.24,-1.99,4.51,4,2.7,6.68, , , , , , , , ,-1.96,-1.69,0.82,3.63,0.85,1.43,0.53,4.19,5.78,4.25,2.19,-0.57, ,5.58, ,0.81,1.4, ,5.0,4.88, , , ,-4.36, , ,1.79, ,-0.91,3.46, ,2.77,-0.27,1.23,2.1,0.66,1.56,0.72,5.84,4.87,2.96, ,2.49, ,10.57, ,3.07,-3.25, ,5.93,0.47, , , ,-0.35, , ,1.83,0.86,1.42,3.49,4.1,-11.95,-10.84,-11.03,14.35,15.51,15.72,3.47,2.32,4.84,4.17,,,,
106,97078174,11/3/2025,10:08:39,,,-1.3,-0.34,-1.04,-3.8,4.16,4.5,4.66,7.59,-0.73,-1.85,-0.48,-2.6,4.29,4.1,4.24,7.94, , , , , , , , ,-0.59,-1.37,0.4,3.71,0.74,1.56,0.39,5.1,7.01,5.27,2.92,-0.19, ,6.08, ,0.98,1.12, ,4.98,4.04, , , ,-4.38, , ,2.13, ,-1.07,3.82, ,0.63,-0.72,1.44,2.72,-0.03,1.79,-0.13,5.1,4.43,3.88,4.2,0.36, ,7.93, ,2.48,-1.45, ,4.9,1.97, , , ,0.28, , ,2.31,1.06,1.5,3.63,4.43,-11.27,-11.04,-10.58,14.05,15.84,15.45,4.23,1.8,4.88,3.85,,,,
107,97078166,11/3/2025,10:09:30,,,-0.39,-0.18,-1.12,-0.96,5.7,5.07,5.46,5.41,0.06,-0.16,0.19,0.29,3.95,2.72,3.03,4.93, , , , , , , , ,-2.38,-1.59,1.86,4.1,0.36,1.48,0.28,4.16,6.14,4.4,1.3,-1.47, ,3.62, ,0.83,2.45, ,3.93,5.71, , , ,-4.04, , ,0.78, ,-0.04,3.98, ,-1.95,-0.84,1.04,3.84,0.57,1.77,0.56,5.05,4.99,4.15,1.93,-1.52, ,7.47, ,1.52,-0.92, ,5.02,2.86, , , ,-1.25, , ,2.63,0.65,0.88,3.11,3.62,-12.39,-11.38,-11.2,14.61,15.0,15.44,3.95,1.88,4.15,4.54,,,,
108,97078331,11/3/2025,10:10:28,,,-0.71,-0.22,-0.61,-3.81,4.12,4.16,3.72,7.26,-0.97,-1.38,-0.68,-2.22,3.81,3.85,3.05,6.79, , , , , , , , ,-1.24,-1.61,0.55,3.61,1.53,1.68,0.43,4.85,6.89,5.04,2.67,-0.19, ,5.22, ,1.05,1.37, ,4.87,4.92, , , ,-3.33, , ,1.55, ,-0.43,3.82, ,0.32,-0.61,1.83,3.06,-0.04,1.41,0.15,4.66,4.66,3.91,4.06,0.69, ,8.44, ,2.21,-1.61, ,4.9,2.1, , , ,-1.53, , ,2.62,0.67,0.79,3.68,3.78,-11.66,-11.19,-10.91,14.28,15.67,15.55,3.75,2.11,5.18,3.97,,,,
109,97078323,11/3/2025,10:12:09,,,-0.43,-0.62,-0.5,-2.08,5,3.99,4.58,4.84,-0.19,-0.29,-0.56,0.06,3.43,3.01,3.3,4.87, , , , , , , , ,-1.98,-1.39,0.62,3.79,0.51,1.11,0.79,4.6,6.48,4.55,2.37,-0.9, ,6.34, ,0.96,1.73, ,4.92,4.5, , , ,-4.3, , ,2.34, ,-0.78,3.64, ,-1.42,-0.72,2.55,3.71,-0.01,1.69,-0.26,4.68,4.89,4.73,2.87,-1.01, ,7.4, ,1.73,-0.96, ,4.28,1.11, , , ,-0.68, , ,3.04,0.85,1.39,4.44,4.54,-12.23,-10.72,-10.73,14.56,14.77,15.3,3.4,2.13,3.92,4.85,,,,
110,97078315,11/3/2025,10:13:40,,,-0.09,-0.69,-0.94,-2.35,5.18,5.05,5.44,5.6,0.16,-0.02,0.13,0.43,3.86,2.14,2.92,4.46, , , , , , , , ,-0.68,-1.21,-0.1,3.7,0.57,1.35,0.5,5.24,6.3,4.58,3.08,-0.09, ,6.58, ,1.14,1.16, ,4.85,3.83, , , ,-5.22, , ,2.27, ,-0.83,3.79, ,-0.93,-0.75,2.3,3.81,0.2,1.71,0.25,5.08,4.78,3.76,3.35,-0.33, ,6.24, ,2.28,-1.04, ,4.51,3.38, , , ,-0.24, , ,1.98,1.3,2.35,3.77,4.6,-11.95,-10.54,-10.69,14.39,15.26,15.5,3.29,2.21,4.21,4.61,,,,
111,97078307,11/3/2025,10:14:56,,,-1.14,-0.52,-0.89,-2.38,4.52,4.81,4.89,5.29,-1.42,-1.17,-0.42,-0.98,4.29,3.12,3.47,4.96, , , , , , , , ,-0.88,-1.32,-0.18,3.57,0.55,1.44,0.62,5.18,7.24,5.39,2.97,0.0, ,4.88, ,1.14,1.13, ,4.64,4.25, , , ,-3.98, , ,1.5, ,0.12,3.67, ,-2.44,-1.37,3.03,3.42,0.67,1.52,0.3,5.05,4.12,4.02,2.14,-1.76, ,5.24, ,1.58,-0.69, ,4.41,3.63, , , ,-0.14, , ,2.04,0.96,1.5,3.94,4.57,-11.49,-11.16,-10.69,14.65,15.13,15.64,3.85,1.83,4.68,4.26,,,,
112,97053722,11/3/2025,10:21:30,,,-0.05,-0.06,-0.32,-3.9,4.47,5.22,4.68,7.9,-1.16,-1.15,-0.2,-2.06,4.56,3.91,3.1,7.76, , , , , , , , ,-1.89,-1.4,0.77,3.62,1.19,1.51,0.73,4.44,6.93,5.78,2.2,-1.24, ,6.01, ,0.78,1.82, ,4.96,4.81, , , ,-3.98, , ,2.14, ,-0.38,3.78, ,-0.82,-0.91,3.68,3.31,0.76,1.37,0.84,5.28,4.52,3.55,1.99,-0.41, ,4.46, ,1.94,-0.9, ,3.94,4.06, , , ,-0.13, , ,1.16,1.2,1.83,3.95,4.89,-12.1,-11.01,-11.03,13.82,15.13,15.22,3.45,2.18,4.46,4.48,,,,
113,97053714,11/3/2025,10:22:24,,,-0.24,-0.62,-0.85,-2.07,5.33,4.42,5.18,5.15,-0.9,-0.32,-0.19,-0.01,4.45,2.91,3.45,5.05, , , , , , , , ,-1.95,-1.64,1.57,4.19,1.34,1.79,0.49,4.32,6.76,4.82,1.33,-0.95, ,5.65, ,0.84,2.04, ,4.63,4.83, , , ,-3.81, , ,1.8, ,-0.54,3.76, ,-0.99,-1.08,2.43,3.19,0.99,1.3,0.69,5.08,4.82,3.55,3.3,-0.44, ,5.54, ,2.02,-1.92, ,5.09,3.96, , , ,0.03, , ,1.41,1.12,2.82,3.56,4.33,-11.63,-11.21,-10.8,14.38,15.08,15.53,3.52,1.5,4.05,4.41,,,,
114,97053706,11/3/2025,10:23:17,,,-0.83,-0.97,-1.65,-2.62,5.1,4.78,5.53,5.66,-1.03,-0.83,-0.28,-0.54,4.46,2.63,3.22,4.73, , , , , , , , ,-2.95,-1.46,1.41,4.05,0.9,0.36,0.33,4.88,3.63,5.27,1.18,-1.94, ,5.66, ,0.75,2.47, ,4.65,4.58, , , ,-4.16, , ,2.6, ,-0.43,3.85, ,-0.86,-0.73,2.59,2.89,1.04,1.07,1.03,4.8,4.51,3.24,3.16,0.04, ,6.78, ,2.18,-1.06, ,5.19,4.16, , , ,-0.16, , ,1.33,1.09,1.3,3.58,4.43,-11.18,-10.62,-10.54,14.79,15.22,15.57,3.19,1.36,4.59,4.41,,,,
115,97053698,11/3/2025,10:27:07,,,-0.55,-0.26,-1.16,-3.05,4.68,3.68,4.94,6.89,-2.24,-1.4,-0.3,-2.64,4.45,4.46,3.94,8.8, , , , , , , , ,-0.61,-1.22,0.12,3.76,0.81,1.28,0.57,5.21,7.28,4.71,3.31,0.24, ,6.32, ,1.12,0.93, ,5.11,3.16, , , ,-4.84, , ,2.63, ,-1.02,3.78, ,-2.26,-1.02,2.31,3.62,0.78,1.47,0.63,4.8,4.18,4.2,1.87,-2.19, ,3.9, ,1.51,-0.58, ,3.56,4.19, , , ,1.62, , ,1.05,1.32,2.34,3.78,5.0,-11.56,-10.97,-10.84,14.61,15.16,15.57,3.47,1.59,4.75,4.03,,,,
116,97053664,11/3/2025,10:28:00,,,0.14,-0.76,-0.67,-2.18,5.44,4.31,4.65,5.16,-2.64,-0.47,-0.23,-0.24,4.07,2.98,3.37,4.56, , , , , , , , ,-1.71,-1.56,0,3.76,1.18,1.59,0.62,4.76,6.39,4.02,3.02,-1.14, ,4.91, ,1.01,1.6, ,4.79,4.46, , , ,-4.11, , ,1.51, ,-0.21,3.4, ,-1.15,-0.95,2.8,3.1,1.0,1.06,0.9,4.63,5.01,3.73,2.7,0.16, ,6.71, ,2.12,-1.27, ,4.96,3.55, , , ,-0.46, , ,0.93,1.17,1.42,3.51,4.37,-11.06,-11.08,-10.46,14.15,15.2,15.56,3.62,1.1,4.64,4.15,,,,
117,97078570,11/3/2025,11:07:10,,,-0.75,-0.17,-0.63,-3.95,4.26,4.78,4.57,7.29,-1.94,-1.56,-0.66,-2.25,4.55,4,3.04,7.32, , , , , , , , ,-1.39,-1.41,0.06,3.79,1.15,1.72,0.63,5.35,7.06,5.66,3.16,-0.14, ,5.54, ,1.06,0.98, ,4.69,4.18, , , ,-5.4, , ,1.67, ,-0.99,3.7, ,-1.29,-0.58,3.74,4.18,1.11,1.33,0.83,5.42,5.28,4.55,3.15,-0.97, ,2.57, ,1.78,1.17, ,2.5,3.01, , , ,-0.29, , ,1.18,1.18,1.97,5.01,6.03,-11.4,-11.06,-10.74,14.74,15.26,15.61,3.45,1.61,4.74,4.32,,,,
118,97053649,11/3/2025,11:09:42,,,-0.57,-0.69,-0.8,-2.85,4.37,4.61,4.88,5.78,-0.52,-0.49,-0.14,-0.37,4.13,2.78,3.26,4.94, , , , , , , , ,-1.6,-1.14,0.81,4.16,1.15,1.33,0.61,5.4,7.33,5.66,2.15,-0.59, ,5.92, ,0.82,0.98, ,4.78,4.57, , , ,-4.69, , ,1.96, ,-0.26,3.54, ,-1.73,-0.89,2.87,3.03,0.91,1.38,0.94,4.96,4.97,3.51,2.92,-0.18, ,7.29, ,1.86,-1.91, ,4.97,3.08, , , ,-2.26, , ,2.64,0.68,0.65,3.99,4.09,-11.51,-10.99,-10.71,14.86,15.24,15.57,3.25,1.46,4.71,4.32,,,,
119,97053672,11/3/2025,11:10:33,,,-0.77,-0.36,-0.8,-2.23,4.96,4.58,5.39,5.49,-0.62,-0.9,-0.1,-0.94,3.88,2.36,3.15,5.57, , , , , , , , ,-2.3,-1.64,1.04,3.96,1.33,1.7,0.38,4.41,7.17,5.35,2.0,-1.47, ,5.21, ,0.71,2.16, ,4.69,4.6, , , ,-4.62, , ,2.21, ,-0.84,3.86, ,-0.27,-0.58,2.11,2.39,0.96,1.36,1.06,4.85,4.38,3.08,3.68,0.33, ,7.6, ,2.08,-1.76, ,5.62,3.63, , , ,-0.58, , ,2.28,0.77,1.86,3.26,3.61,-11.42,-10.81,-10.49,14.23,15.08,15.16,3.48,1.81,4.39,4.47,,,,
120,97053623,11/3/2025,11:11:32,,,-1.05,-0.95,-1.67,-2.59,4.44,4.51,4.97,5.38,-0.61,-0.67,0.1,-0.66,4.07,3.42,3.22,5.3, , , , , , , , ,-1.42,-1.26,0.18,3.78,0.6,1.26,0.52,5.29,6.86,5.08,3.13,0.2, ,5.54, ,0.99,0.91, ,4.79,4.31, , , ,-5.38, , ,1.84, ,-1.07,3.6, ,-0.32,-0.69,1.94,2.95,0.95,1.14,0.98,4.94,4.75,3.94,3.86,1.3, ,6.33, ,2.44,-1.83, ,4.46,2.42, , , ,-1.45, , ,1.18,1.11,1.16,3.58,4.54,-11.98,-10.77,-10.73,14.54,15.06,15.17,3.24,2.04,3.92,4.77,,,,
121,97053607,11/3/2025,11:12:23,,,0.38,0.92,0.11,-0.02,7.27,4.43,5.27,4.93,-0.63,-0.58,-0.18,-0.35,4.25,2.46,3.09,4.63, , , , , , , , ,-2.31,-1.69,0.56,3.68,1.58,1.93,0.92,4.33,5.05,2.47,2.1,-1.34, ,5.42, ,0.84,1.93, ,4.61,4.42, , , ,-4.42, , ,1.88, ,-0.7,3.82, ,-2.04,-1.25,2.55,3.34,0.65,1.51,0.62,5.12,5.11,3.75,2.75,-0.89, ,7.17, ,2.18,-0.66, ,4.84,3.21, , , ,-1.19, , ,2.2,0.74,1.39,3.51,4.09,-11.47,-10.88,-10.62,14.32,15.27,15.49,3.38,1.94,4.5,4.5,,,,
122,97053656,11/3/2025,11:13:20,,,-0.58,0.29,-0.81,-0.9,4.9,4.22,4.93,4.77,-1.12,0.36,0.25,-0.16,4.21,3.02,3.2,4.93, , , , , , , , ,-2.08,-1.84,0.5,3.75,0.51,1.32,0.32,4.28,6.23,4.61,2.23,-1.11, ,4.45, ,0.77,1.53, ,4.32,4.66, , , ,-3.87, , ,1.39, ,-0.47,3.75, ,-1.32,-0.83,2.45,3.23,0.9,1.47,1.02,4.92,4.74,3.69,2.42,-1.41, ,5.94, ,1.62,-0.65, ,4.27,2.59, , , ,-0.65, , ,2.49,0.85,1.31,4.04,4.53,-11.26,-10.48,-10.24,14.96,15.01,15.53,3.37,2.01,4.32,4.97,,,,
123,97076079,11/3/2025,11:14:10,,,-0.83,-0.1,-0.98,-2.72,4.85,5.25,5.18,7.3,-0.98,-1.36,0.09,-1.91,4.55,3.94,1.21,8.19, , , , , , , , ,-2.04, ,1.48, ,0.69,1.72,0.28,3.92,6.11,5.2,1.54,-0.51, ,5.01, ,0.92,1.73, ,4.21,5.23, , , ,-4.36, , ,1.06, ,-0.67,3.59, ,0.38,-0.63,1.72,2.49,0.82,1.48,0.83,5.77,4.89,3.23,4.07,1.06, ,6.65, ,2.42,-2.39, ,5.15,3.2, , , ,0.38, , ,1.13,1.15,1.91,3.51,4.64,-11.54,-10.89,-10.7,14.54,15.39,15.55,3.72,1.46,4.56,4.08,,,,
124,97053631,11/3/2025,11:15:01,,,-0.99,-0.33,-0.49,-2.65,4.86,5.0,5.14,6.02,-0.25,-0.55,-0.15,-0.2,3.58,2.34,2.59,4.72, , , , , , , , ,-1.72,-1.42,1.12,3.94,1.47,1.68,0.86,5.0,7.38,5.1,1.69,-1.04, ,5.66, ,0.71,1.7, ,4.92,4.49, , , ,-4.65, , ,1.99, ,-0.77,3.67, ,-1.7,-0.85,2.1,3.39,0.87,1.48,0.59,5.3,5.09,4.46,2.69,-2.58, ,5.78, ,1.76,-0.81, ,4.16,3.03, , , ,1.32, , ,1.82,1.28,2.51,4.22,4.75,-11.16,-10.88,-10.49,13.95,14.96,14.99,3.86,1.37,4.83,4.15,,,,
125,97053615,11/3/2025,11:15:52,,,-0.54,-0.38,-1.88,-1.39,5.29,4.84,5.76,5.13,-0.79,-0.46,-0.41,0.32,3.87,2.58,3.23,4.52, , , , , , , , ,-1.57,-1.44,-0.09,3.46,0.84,1.66,0.79,4.2,5.99,3.93,2.99,-0.81, ,4.35, ,0.99,1.18, ,4.5,4.69, , , ,-3.75, , ,0.85, ,-0.23,3.78, ,-2.36,-0.95,4.47,2.95,0.52,0.74,0.9,3.93,4.18,3.94,0.72,-1.97, ,5.59, ,1.5,0.2, ,4.97,5.58, , , ,0.05, , ,2.11,0.95,1.61,3.66,4.26,-11.55,-11.29,-10.83,14.17,15.14,15.28,3.9,1.36,5.0,3.83,,,,
126,97053821,11/3/2025,11:33:47,,,0.05,0.2,-0.99,-1.74,5.12,4.52,5.26,5.3,-0.51,-1.36,-0.29,-1.45,3.3,2.31,2.34,4.73, , , , , , , , ,-2.56,-1.55,1.06,4.09,0.43,1.66,0.42,4.86,6.45,4.69,1.58,-1.74, ,4.66, ,0.78,2.42, ,4.06,5.11, , , ,-2.85, , ,1.06, ,0.11,3.85, ,-0.74,-0.75,3.11,3.5,0.5,1.27,0.79,4.48,4.67,4.09,2.36,0.09, ,6.85, ,2.01,-1.08, ,4.86,4.22, , , ,-0.81, , ,2.48,0.77,0.92,3.8,4.36,-11.21,-11.07,-10.52,14.22,15.29,15.2,3.94,1.57,4.44,4.38,,,,
127,97076087,11/3/2025,11:34:45,,,-0.46,0.16,-0.55,-2.4,4.87,3.88,4.21,6.37,-1.33,-1.08,-0.14,-1.92,4.53,4,3.09,7.74, , , , , , , , ,-1.43,-1.07,0.34,3.77,0.46,1.13,0.87,4.3,6.53,4.86,2.57,-0.64, ,4.52, ,0.98,1.42, ,4.14,4.19, , , ,-3.8, , ,1.67, ,-0.43,3.75, ,-1.55,-0.48,2.96,3.57,0.77,1.17,1.17,6.27,5.22,4.07,1.97,-1.64, ,6.4, ,1.62,-0.25, ,4.04,3.22, , , ,0.2, , ,2.13,0.92,1.96,3.67,4.47,-11.76,-11.2,-10.84,13.95,15.5,15.38,3.52,1.66,4.97,4.11,,,,
128,97076061,11/3/2025,11:36:26,,,-0.9,0.15,-0.89,-1.14,5.2,4.34,5.66,4.73,-0.2,-1.5,-0.87,-1.13,3.77,2.43,3.04,5.3, , , , , , , , ,-2.86,-1.78,1.26,3.81,1.56,0.69,0.69,4.22,3.61,5.12,1.6,-1.5, ,4.26, ,0.74, , ,4.43, , , , ,-4.14, , ,1.19, ,-0.27,3.46, ,-2.78,-1.1,4.34,3.76,0.31,1.15,0.47,4.37,4.64,4.19,0.73,-2.14, ,4.3, ,1.29,-0.21, ,3.88,5.52, , , ,0.02, , ,1.41,1.05,1.7,3.69,4.48,-11.48,-10.82,-10.58,13.49,15.45,15.02,3.32,1.23,4.9,3.49,,,,
129,97076053,11/3/2025,11:39:11,,,-1.23,-0.37,-1.25,-2.7,4.78,5.03,5.5,5.57,-1.03,-1.2,0.03,-1.24,3.7,2.66,3.01,4.76, , , , , , , , ,-0.94,-1.29,-0.06,3.66,0.9,1.51,0.75,5.44,7.27,5.28,2.96,-0.31, ,5.57, ,0.96,1.26, ,4.86,4.23, , , ,-3.65, , ,1.69, ,-0.4,3.76, ,-0.46,-0.78,2.21,3.38,0.78,1.36,0.58,4.73,4.72,3.82,3.02,-0.78, ,6.86, ,1.64,-0.79, ,4.38,2.96, , , ,0.37, , ,1.85,1.17,2.01,3.75,4.55,-11.92,-11.03,-11.0,13.89,15.67,15.41,3.21,1.4,4.78,3.93,,,,
130,97075923,11/3/2025,11:40:58,,,-0.2,-0.53,-0.39,-3.32,4.8,3.83,4.26,6.43,-0.91,-0.89,0.31,-1.15,4.2,4.35,3.18,7.83, , , , , , , , ,-2.41,-1.82,0.81,4.08,0.8,1.86,0.47,4.23,6.41,4.59,1.96,-1.81, ,5.0, ,0.87,1.95, ,4.27,4.45, , , ,-3.39, , ,1.55, ,-0.46,3.41, ,-1.42,-1.01,2.44,3.46,0.63,1.3,0.76,5.53,4.93,3.96,3.3,-1.3, ,6.62, ,2.08,-1.08, ,4.44,2.35, , , ,0.09, , ,1.97,1.07,2.17,3.73,4.16,-12.04,-10.45,-10.57,14.03,15.49,15.36,2.95,1.84,4.46,4.38,,,,
131,97075907,11/3/2025,11:41:48,,,0.22,0.08,-0.94,-1.13,5.14,4.27,5.35,4.67,-0.36,-0.86,-0.37,-0.15,3.68,2.65,3.08,4.55, , , , , , , , ,-3.6,-1.66,0.7,4,0.79,1.27,0.78,4.93,4.35,4.91,1.6,-2.72, ,4.27, ,0.58,1.91, ,4.3,4.79, , , ,-4.59, , ,1.73, ,-0.42,3.45, ,-2.72,-1.07,2.46,2.95,0.27,1.47,0.52,4.97,4.93,3.78,2.55,-1.35, ,6.06, ,1.63,-0.84, ,4.58,4.43, , , ,-1.13, , ,1.46,0.89,1.08,3.75,4.46,-11.51,-11.24,-10.85,14.35,15.67,15.56,3.04,1.37,4.84,3.7,,,,
132,97075881,11/3/2025,11:42:42,,,-0.32,0.27,-1.1,-0.99,5.55,4.87,5.52,5.25,-0.75,-1.57,-0.74,-1.27,3.3,2.31,2.91,5.01, , , , , , , , ,-3.13,-1.8,0.84,3.85,0.37,1.43,0.5,4.37,6.05,4.16,1.93,-1.45, ,5.15, ,0.81,2.12, ,4.47,4.97, , , ,-4.57, , ,1.33, ,-0.96,3.36, ,-2.82,-0.64,3.52,3.29,0.81,1.39,0.99,4.8,5.16,4.44,1.74,-1.35, ,5.13, ,1.47,-0.78, ,3.5,3.71, , , ,-1.04, , ,2.13,0.9,1.06,4.18,4.62,-11.49,-10.94,-10.61,14.14,15.05,15.37,3.42,2.13,4.33,4.53,,,,
133,97046759,11/3/2025,11:43:36,,,-0.95,-0.08,-0.65,-3.49,5.07,4.91,4.87,7.66,-1.26,-1.38,0.01,-2.39,4.17,3.81,2.86,7.91, , , , , , , , ,-2.76,-1.7,0.76,3.5,1.64,0.51,0.93,4.24,4.29,4.64,1.98,-1.44, ,5.09, ,0.72,1.89, ,4.68,4.55, , , ,-4.82, , ,2.05, ,-0.99,3.85, ,-1.87,-1.0,2.49,3.0,0.06,1.49,0.52,5.0,4.69,3.58,2.8,-1.08, ,5.85, ,1.88,-0.99, ,4.47,3.97, , , ,-0.82, , ,1.37,1.15,1.52,3.74,4.66,-11.62,-10.82,-10.85,14.11,15.52,15.53,3.34,1.65,4.86,4.08,,,,
134,97075865,11/3/2025,11:44:26,,,-1.01,-0.07,-1.06,-1.79,4.59,4.43,5.48,5.15,-1.1,-1.74,-0.36,-1.73,3.56,2.69,2.98,5.31, , , , , , , , ,-4.29,-1.9,2.74,4.38,1.29,0.58,0.64,4.85,3.84,5.61,-0.07,-2.39, ,5.68, ,0.56,3.27, ,4.27,5.76, , , ,-4.47, , ,1.87, ,-1.2,3.63, ,-0.76,-0.7,2.34,3.97,0.61,1.39,0.82,5.08,5.01,4.26,3.25,-0.07, ,6.34, ,2.35,-1.18, ,4.48,2.77, , , ,-0.56, , ,1.46,1.04,1.32,3.49,4.47,-11.97,-11.06,-11.1,14.31,15.16,15.38,3.41,1.91,4.01,4.31,,,,
135,97075931,11/3/2025,11:45:25,,,-1.01,1.04,-1.23,-0.34,4.91,5.04,5.75,5.07,-0.69,-1.15,-0.51,-0.87,3.56,2.54,3.04,5.18, , , , , , , , ,-1.45,-1.88,-0.41,3.59,0.33,1.49,0.12,4.65,6.58,4.92,3.48,-0.17, ,5.34, ,1.1,0.91, ,4.9,4.23, , , ,-4.6, , ,1.55, ,-0.74,3.64, ,-1.23,-0.55,3.23,3.52,0.87,1.07,0.93,5.39,5.03,4.31,1.83,-0.91, ,5.17, ,1.67,-0.89, ,3.6,3.54, , , ,0.11, , ,1.62,0.98,1.77,3.85,4.6,-11.51,-11.34,-10.72,14.27,14.88,15.33,3.97,2.2,4.68,4.13,,,,
136,97075915,11/3/2025,11:46:16,,,-1.31,0.08,-0.98,-1.73,4.86,4.5,5.46,4.91,-0.61,-0.86,-0.28,-0.46,3.83,2.75,3.03,5.79, , , , , , , , ,-1.48,-1.5,-0.17,3.46,0.87,1.29,0.55,5.62,7.32,5.14,3.19,-0.93, ,5.0, ,1.01,1.14, ,4.55,4.01, , , ,-4.0, , ,1.74, ,-0.26,4.07, ,-2.28,-0.81,5.11,3.77,1.01,1.13,0.92,4.82,4.82,4.5,0.07,-2.22, ,2.91, ,1.36,-0.18, ,3.14,5.33, , , ,0.18, , ,1.02,1.01,1.49,3.86,4.93,-11.64,-10.94,-10.86,14.56,15.26,15.6,3.9,1.63,4.02,3.94,,,,
137,97075899,11/3/2025,11:47:11,,,-1.21,-0.51,-1.08,-2.57,4.44,4.45,4.91,5.38,-0.41,-0.77,-0.58,-0.07,3.62,2.76,2.88,4.33, , , , , , , , ,-1.65,-1.82,-0.19,3.63,0.67,1.63,0.22,5.6,7.33,5.01,3.11,-0.94, ,4.7, ,1.03,1.22, ,4.35,3.58, , , ,-4.03, , ,1.73, ,-0.33,4.13, ,-0.11,-0.51,1.96,2.83,0.79,1.25,0.9,4.61,4.7,4.21,3.73,-0.09, ,7.08, ,2.29,-1.0, ,4.48,2.59, , , ,-0.2, , ,2.21,0.9,1.55,4.34,4.65,-11.89,-10.92,-10.76,14.47,14.98,15.32,3.42,2.1,4.48,4.44,,,,
138,97075873,11/3/2025,11:48:52,,,-1.52,0.11,-0.9,-1.62,4.5,4.31,5.24,5.09,-0.66,-0.04,0.11,0.36,3.81,2.71,2.74,5.34, , , , , , , , ,-2.59,-1.68,1.17,3.94,1.16,1.8,0.48,5.02,7.27,5.12,1.09,-1.5, ,4.89, ,0.8,2.21, ,4.16,4.59, , , ,-4.93, , ,1.47, ,-0.6,4.09, ,-2.44,-1.05,3.21,3.48,0.46,1.14,0.48,4.65,4.76,4.14,1.79,-1.82, ,5.94, ,1.55,-0.1, ,4.43,4.25, , , ,-1.11, , ,2.31,0.69,1.09,3.96,4.28,-11.34,-10.91,-10.54,13.99,15.1,15.11,3.64,1.27,4.78,4.1,,,,
139,97075857,11/3/2025,11:49:47,,,-0.95,-0.6,-0.98,-2.61,5.12,4.91,5.63,5.92,-0.41,-0.34,-0.69,0.37,3.02,2.56,3.17,5.75, , , , , , , , ,-1.99, ,-0.01, ,0.85,1.49,0.65,5.05,7.21,5.01,2.88,-0.8, ,4.76, ,0.99,1.02, ,4.62,4.22, , , ,-4.03, , ,1.09, ,-0.39,3.74, ,-3.36,-0.85,5.05,4.16,0.72,1.51,0.59,4.53,5.2,4.57,0.46,-2.38, ,4.67, ,1.51,-0.03, ,3.9,4.58, , , ,-1.53, , ,2.84,0.78,0.86,3.87,4.0,-11.88,-10.84,-10.79,14.02,15.42,15.39,3.85,1.81,4.45,4.19,,,,
140,97075824,11/3/2025,11:51:30,,,0.05,-0.03,-0.33,-3.14,5.5,4.93,4.59,7.88,-0.62,-0.87,-0.05,-1.12,3.92,4.02,3.01,7.76, , , , , , , , ,-1.69,-1.58,0.46,4.16,0.27,1.18,0.7,4.18,5.76,4.3,2.1,-0.98, ,5.76, ,0.81,0.88, ,4.67,4.33, , , ,-4.65, , ,1.76, ,-0.55,3.3, ,-1.29,-0.55,2.53,2.84,-0.04,1.37,0.61,4.85,4.46,3.63,3.37,-0.1, ,5.88, ,1.94,-1.76, ,4.69,3.83, , , ,-0.14, , ,1.39,1.44,1.83,3.85,4.8,-11.57,-11.01,-10.62,14.3,15.16,15.47,3.34,1.71,4.54,4.47,,,,
141,97053680,11/3/2025,11:53:12,,,-0.19,-0.88,-0.85,-3.44,4.11,3.6,4.35,6.02,-0.61,0.19,0.72,-0.89,4.73,3.98,3.33,7.74, , , , , , , , ,-3.62,-2.01,1.66,4.19,0.98,1.74,0.25,4.22,6.47,5.12,1.18,-1.66, ,5.25, ,0.83,1.12, ,4.28,5.21, , , ,-4.78, , ,1.22, ,-1.08,3.41, ,-3.04,-1.15,4.02,3.37,0.99,1.68,0.72,5.29,5.06,4.08,1.7,-0.35, ,4.39, ,1.72,-1.45, ,3.69,4.13, , , ,-2.14, , ,1.19,0.85,0.45,3.66,4.34,-11.19,-10.89,-10.44,14.02,15.64,15.57,3.23,1.62,4.68,4.19,,,,
142,97046536,11/3/2025,11:55:01,,,0.31,-0.04,-0.41,-1.46,4.73,4.5,4.8,5.05,-0.51,-0.64,-0.59,-0.03,3.31,2.77,3.15,4.86, , , , , , , , ,-2.69,-1.35,0.17,3.73,0.62,1.47,0.49,4.3,6.35,4.76,2.59,-1.82, ,5.73, ,0.88,1.83, ,4.68,4.82, , , ,-3.1, , ,1.96, ,-0.29,3.03, ,-2.67,-0.99,3.64,4.24,0.68,1.44,0.76,4.67,4.94,4.35,1.25,-2.29, ,3.03, ,1.41,-0.67, ,3.52,4.49, , , ,0.52, , ,0.95,1.42,1.98,3.93,5.17,-11.6,-10.39,-10.35,14.09,15.44,15.26,2.72,1.55,4.09,4.42,,,,
143,97075840,11/3/2025,11:55:59,,,-0.77,-0.24,-0.94,-3.47,4.45,4.28,4.32,7.19,-1.31,-1.04,-0.11,-1.64,4.22,3.79,2.91,6.9, , , , , , , , ,-1.73,-1.66,-0.04,3.51,1.27,1.7,0.52,5.2,6.48,4.62,3.23,-1.5, ,6.01, ,0.95,1.66, ,4.75,3.93, , , ,-4.38, , ,2.33, ,-0.56,3.84, ,-2.33,-0.72,2.8,3.22,0.6,1.38,0.8,5.09,4.54,3.74,1.9,-2.21, ,5.84, ,1.53,-0.27, ,4.78,3.3, , , ,-0.29, , ,1.9,0.84,1.41,3.79,4.57,-11.37,-11.07,-10.55,14.36,15.03,15.47,3.48,1.7,4.71,4.39,,,,
144,97075816,11/3/2025,11:56:50,,,-0.57,-0.81,-0.81,-2.46,4.45,4.42,4.65,5.29,-1.03,-0.76,0.05,-0.65,3.41,2.4,2.47,4.24, , , , , , , , ,-2.64,-1.68,0.74,3.79,1.22,1.73,0.54,4.64,6.26,4.53,2.04,-1.66, ,4.02, ,0.75,1.74, ,4.28,5.47, , , ,-3.87, , ,0.5, ,-0.47,3.61, ,0.48,-0.55,1.5,2.71,0.94,1.37,0.96,5.19,4.6,3.25,4.12,0.83, ,7.07, ,2.36,-2.12, ,4.76,2.33, , , ,-0.56, , ,1.56,0.64,0.78,3.91,4.6,-11.61,-11.04,-10.74,14.18,15.2,15.14,3.76,1.4,4.46,3.91,,,,
145,97069132,11/3/2025,11:57:40,,,0.3,-0.11,-0.38,-1.79,4.66,4.56,4.7,5.39,-0.7,-0.27,-0.39,0.22,4.15,2.36,3.17,4.18, , , , , , , , ,-2.58,-1.57,1.14,3.8,0.6,0.59,0.35,3.89,2.65,4.48,1.76,-1.46, ,6.0, ,0.79,2.04, ,5.33,4.94, , , ,-4.55, , ,2.35, ,-0.87,3.38, ,-3.15,-1.11,4.66,3.46,1.33,1.26,1.06,4.6,4.77,4.03,0.78,-1.86, ,3.7, ,1.48,-0.34, ,4.14,5.38, , , ,-0.73, , ,0.99,1.0,1.35,3.92,4.78,-11.37,-10.82,-10.51,14.05,15.58,15.33,3.22,1.52,4.88,3.85,,,,
146,97069009,11/3/2025,11:59:21,,,-0.45,-0.61,-0.8,-2.39,5.27,4.71,5.02,5.08,-0.96,-1.23,-0.55,-0.94,3.07,2.55,2.79,4.54, , , , , , , , ,-1.34,-1.38,-0.14,3.51,0.52,1.71,0.43,4.65,6.37,4.31,3.23,-0.95, ,4.72, ,1.16,1.46, ,4.35,4.36, , , ,-2.6, , ,1.09, ,0.48,3.74, ,-0.47,-0.91,2.13,2.77,0.91,1.72,0.9,5.04,4.12,3.55,3.07,-1.11, ,6.32, ,2.06,-0.69, ,4.84,3.38, , , ,1.29, , ,1.43,1.3,1.97,3.59,4.63,-11.13,-11.05,-10.54,14.04,15.11,14.95,3.8,1.58,4.7,3.81,,,,
147,97069207,11/3/2025,12:00:21,,,-0.59,-0.2,-0.84,-1.91,4.89,4.56,5.27,5.26,-1.66,-0.75,-0.73,-0.57,3.36,2.21,2.91,5.37, , , , , , , , ,-2.91,-1.68,0.21,3.57,1.35,1.63,0.51,5.17,7.3,5.0,3.05,-1.68, ,4.88, ,1.04,1.99, ,4.72,4.88, , , ,-2.3, , ,1.34, ,0.19,3.53, ,-1.74,-0.6,4.29,3.45,0.94,1.4,0.89,4.52,4.75,4.2,1.26,-0.45, ,3.97, ,1.82,-0.74, ,3.75,4.7, , , ,-0.84, , ,1.05,1.04,1.4,3.72,4.91,-11.19,-10.76,-10.32,13.7,15.48,15.07,3.4,1.05,5.34,3.68,,,,
148,97069124,11/3/2025,12:01:11,,,-0.92,0.17,-0.93,-2.96,4.27,4.06,4.36,6.96,-1.47,-1.27,-0.3,-1.42,4.1,3.98,2.9,7.41, , , , , , , , ,-1.86,-1.69,-0.06,3.56,0.83,1.51,0.4,5.72,7.43,5.11,3.11,-0.42, ,4.81, ,1.0,0.94, ,4.6,4.25, , , ,-4.0, , ,1.4, ,-0.24,4.06, ,-1.26,-0.96,3.31,2.85,0.75,1.17,0.65,4.84,4.4,4.1,1.96,-1.55, ,5.11, ,1.91,-0.21, ,4.4,3.97, , , ,0.75, , ,1.77,1.44,1.97,3.98,4.55,-11.61,-10.93,-10.63,13.88,15.95,15.49,3.16,1.84,4.76,3.81,,,,
149,97069199,11/3/2025,12:02:07,,,-0.51,-0.81,-0.99,-2.44,4.9,4.88,5.34,4.97,-0.73,-0.27,-0.19,0.09,4.19,2.54,3.1,4.55, , , , , , , , ,-1.43,-1.63,-0.09,3.46,0.97,1.74,0.47,4.84,6.65,4.64,3.64,-0.09, ,6.19, ,1.29,1, ,5.13,4.27, , , ,-4.09, , ,2.02, ,-0.4,3.73, ,-1.34,-0.66,2.16,3.1,0.87,1.49,0.99,4.72,4.74,3.76,2.3,-0.52, ,5.73, ,1.8,-1.68, ,5.67,3.5, , , ,-0.66, , ,2.02,0.85,1.34,4.19,4.68,-11.47,-11.06,-10.71,13.46,15.69,14.97,2.87,2.01,4.95,3.31,,,,
150,97069223,11/3/2025,12:02:57,,,-0.56,-0.29,-0.99,-1.93,4.87,3.87,5.34,4.54,-0.66,-1.29,-0.09,-1.64,3.53,2.12,2.78,4.62, , , , , , , , ,-3.07,-1.52,0.64,3.67,0.77,2.06,0.36,5.21,7.37,4.67,2.48,-2.36, ,6.33, ,0.69,1.99, ,5.08,4.31, , , ,-3.28, , ,2.48, ,-0.13,3.44, ,-3.04,-0.74,2.6,3.55,1.0,1.62,0.81,4.58,5.39,4.1,1.83,-2.27, ,5.22, ,1.59,0.02, ,3.89,3.6, , , ,0.13, , ,0.82,1.28,1.94,3.8,4.78,-11.55,-11.07,-10.64,13.99,15.16,14.99,3.31,1.46,4.64,3.96,,,,
151,97069215,11/3/2025,12:03:53,,,-0.87,1.83,-0.38,0.07,4.67,4.61,5.26,5.02,-1.29,-0.42,-0.37,-0.41,3.57,2.97,3.34,5.63, , , , , , , , ,-1.6,-1.75,-0.32,3.57,0.56,2.18,0.11,4.4,6.65,4.85,3.62,-0.22, ,5.47, ,1.25,1.19, ,4.88,3.8, , , ,-4.46, , ,1.81, ,-0.34,3.81, ,-3.02,-0.94,3.61,3.23,1.07,1.23,1.03,4.28,4.28,4.02,0.95,-3.56, ,3.88, ,1.21,0.57, ,4.14,4.74, , , ,1.24, , ,1.04,1.27,2.2,3.85,4.89,-11.74,-10.76,-10.63,14.13,15.13,15.28,3.42,1.78,3.9,4.34,,,,
152,97069231,11/3/2025,12:05:34,,,-1.08,-0.36,-1.19,-1.86,4.77,4.17,5.58,4.69,-1.69,-1.29,-0.43,-1.07,3.77,3,3.2,5.3, , , , , , , , ,-1.32,-1.48,0.08,3.59,0.79,1.66,0.27,6.63,7.61,5.26,3.7,-0.15, ,4.87, ,1.19,0.86, ,4.65,4.39, , , ,-3.23, , ,1.18, ,-0.06,3.51, ,-2.64,-0.72,3.46,3.41,0.85,1.21,1.18,4.62,4.49,4.44,1.86,-1.56, ,6.12, ,1.62,-1.16, ,4.05,3.23, , , ,-1.84, , ,2.78,0.54,0.57,3.88,4.14,-11.99,-10.68,-10.75,14.3,15.19,15.26,3.25,1.53,4.1,4.17,,,,
153,97069256,11/3/2025,12:07:25,,,-0.49,-0.39,-0.8,-4.05,4.39,4.12,4.23,7.26,-0.9,-1.41,-0.26,-1.92,4.46,4.17,3.14,7.32, , , , , , , , ,-2.88,-1.6,0.85,3.89,1.43,1.97,0.17,5.43,7.2,4.85,2.12,-2.45, ,5.2, ,0.74, , ,4.89, , , , ,-3.05, , ,1.64, ,0.34,3.05, ,-1.03,-0.72,2.33,2.44,0.41,1.21,1.01,5.08,4.13,2.83,3.6,-0.33, ,6.73, ,2.34,-1.5, ,5.71,4.01, , , ,-0.16, , ,1.45,1.39,1.84,3.92,4.76,-11.64,-10.55,-10.42,13.99,15.51,15.33,3.26,1.18,4.55,4.04,,,,
154,97069272,11/3/2025,12:09:12,,,-0.16,0.03,-0.76,-3.58,4.32,4.14,4.39,7.04,-1.53,-1.13,-0.22,-1.31,4.52,4.4,3.5,7.68, , , , , , , , ,-2.79,-1.63,0.82,3.88,1.22,1.58,1.02,4.59,6.9,5.51,2.21,-1.37, ,5.18, ,1.01,2.27, ,4.35,4.83, , , ,-3.24, , ,1.42, ,-0.25,3.69, ,-1.56,-0.6,3.63,3.28,0.53,1.27,0.96,4.95,4.73,3.77,1.75,-1.69, ,6.83, ,1.64,-0.28, ,4.9,3.77, , , ,0.26, , ,2.35,1.29,2.05,3.72,4.11,-11.47,-10.69,-10.44,13.41,15.46,14.94,3.18,1.19,5.32,3.74,,,,
155,97057830,11/3/2025,12:10:57,,,-0.5,0.13,-0.69,-1.76,5.01,3.87,4.59,6.02,-1.57,-0.63,0.04,-1.08,4.7,4.34,3.77,8.26, , , , , , , , ,-2.07,-1.67,0.22,3.39,0.87,1.54,0.67,4.46,6.43,4.54,3.0,-0.82, ,5.65, ,1.04,1.55, ,4.72,4.2, , , ,-4.01, , ,1.87, ,-0.66,3.9, ,-0.99,-0.72,4.12,3.13,0.87,1.25,0.84,4.78,4.69,4.19,1.81,-0.29, ,6.35, ,1.76,-0.8, ,4.65,4.15, , , ,-0.97, , ,2.44,0.74,1.03,3.7,3.91,-11.61,-10.35,-10.4,14.14,16.54,16.0,3.27,1.32,5.41,3.61,,,,
156,97069249,11/3/2025,12:11:47,,,-0.55,-0.35,-0.94,-2.15,4.57,3.75,4.96,4.35,-0.33,-0.69,-0.32,-0.05,3.41,2.76,3.2,4.94, , , , , , , , ,-2.56,-1.54,1.05,3.61,0.78,1.21,0.72,5.43,7.65,5.21,1.42,-1.94, ,4.01, ,0.77,2.23, ,4.36,5.9, , , ,-3.06, , ,0.64, ,0.52,3.76, ,-1.96,-0.64,3.94,3.84,0.11,1.18,0.47,4.3,4.49,4.91,1.81,-1.55, ,4.22, ,1.57,-0.82, ,3.62,3.95, , , ,-0.08, , ,2.02,1.28,1.79,4.13,4.79,-11.78,-10.43,-10.49,13.39,15.93,15.47,3.22,1.27,4.64,3.6,,,,
157,97057814,11/3/2025,12:12:46,,,-0.95,0.17,-0.76,-1.66,4.68,4.24,5.18,4.8,0.02,-1.01,-0.46,0.11,3.75,2.73,3.02,4.92, , , , , , , , ,-1.89,-1.78,-0.01,3.75,0.76,1.48,0.51,5.93,7.51,5.62,3.4,-1.15, ,6.0, ,1.08,1.58, ,5.07,4.23, , , ,-3.39, , ,2.26, ,-0.5,3.5, ,-2.35,-0.96,4.53,3.62,0.35,1.47,0.54,4.78,5.24,4.5,1.01,-0.92, ,4.05, ,1.65,-0.05, ,3.68,4.34, , , ,-1.26, , ,1.67,0.88,1.05,3.88,4.5,-11.31,-10.82,-10.4,14.27,15.35,15.29,3.31,1.79,4.83,4.17,,,,
158,97069264,11/3/2025,12:13:37,,,-0.76,-0.12,-0.94,-3.0,4.77,4.06,4.25,6.91,-0.5,-1.23,-0.47,-1.47,3.88,3.89,2.71,7.18, , , , , , , , ,-1.84,-1.44,0.71,3.58,1.0,1.66,0.67,5.5,6.32,4.62,2.48,-0.67, ,5.26, ,1.13,1.47, ,4.63,5.28, , , ,-4.04, , ,1.44, ,0.07,3.58, ,-0.84,-0.48,3.35,3.73,0.03,1.07,0.56,5.02,4.98,4.16,1.73,-0.93, ,4.97, ,1.8,-0.27, ,4.1,3.21, , , ,0.21, , ,1.5,0.98,1.86,4.07,4.98,-11.8,-10.76,-10.64,14.32,15.28,15.56,3.94,1.4,4.01,3.95,,,,
159,97057848,11/3/2025,12:15:21,,,-0.79,-0.31,-0.72,-2.38,4.5,4.64,5.34,5.11,-0.46,-0.62,-0.28,0.18,3.49,2.37,2.91,5.25, , , , , , , , ,-2.11,-1.54,0.48,3.87,0.87,1.36,0.52,5.57,7.19,5.52,2.33,-0.99, ,5.07, ,0.96,1.65, ,4.34,4.98, , , ,-3.98, , ,1.47, ,0.11,3.68, ,-1.96,-0.79,1.09,4.17,0.5,1.07,0.69,4.73,5.01,4.56,1.15,-1.09, ,3.78, ,1.65,-0.52, ,3.87,4.14, , , ,-0.35, , ,1.96,0.99,1.42,4.14,5.05,-11.86,-10.51,-10.71,14.7,15.55,15.61,3.05,1.59,4.22,4.52,,,,
160,97057822,11/3/2025,12:16:12,,,0,0.25,-0.35,-1.31,5.2,4.5,5.36,4.6,-0.18,-1.05,-0.8,-0.64,3.89,2.91,3.22,5.55, , , , , , , , ,-1.53,-1.48,0.05,3.56,0.67,1.35,0.54,4.24,6.03,4.44,3.59,0.07, ,5.44, ,1.24,1.38, ,4.76,4.2, , , ,-4.53, , ,1.74, ,-0.23,3.7, ,0.06,-0.57,2.3,3.33,0.82,1.74,0.67,4.65,4.99,3.98,3.27,0.97, ,6.83, ,1.95,-2.47, ,4.51,2.58, , , ,-1.28, , ,2.43,0.74,1.21,4.05,4.66,-11.58,-10.44,-10.44,14.06,15.71,15.52,3.43,1.52,4.46,4.04,,,,
161,97057798,11/3/2025,12:18:14,,,-1.57,-0.48,-0.84,-2.72,4.88,4.54,5.38,5.04,-0.16,-1.16,-0.32,-0.94,3.32,2.56,3.09,5.61, , , , , , , , ,-2.33,-1.71,0.4,3.72,0.8,1.24,0.57,4.88,6.78,4.53,2.3,-2.22, ,4.49, ,0.82,2.4, ,4.36,4.95, , , ,-2.22, , ,1.35, ,0.89,4.19, ,-1.59,-0.63,1.85,3.02,0.84,1.26,0.84,4.33,4.42,3.93,2.35,-1.21, ,6.17, ,1.62,-1.29, ,4.13,3.31, , , ,-0.27, , ,1.84,0.89,1.49,4.07,4.82,-11.34,-11.11,-10.86,14.51,15.07,15.51,4.02,1.39,4.85,4.22,,,,
162,97057764,11/3/2025,12:22:41,,,-0.08,-0.62,-0.52,-4.15,4.77,4.0,3.79,7.02,-0.36,-1.25,-0.05,-1.67,4.4,4.23,3.21,7.67, , , , , , , , ,-1.92,-1.44,0.26,3.67,1.62,1.63,0.7,5.66,7.22,5.2,2.6,-0.67, ,4.66, ,1.1,1.66, ,4.22,4.87, , , ,-3.11, , ,0.59, ,0.22,3.52, ,-2.32,-0.5,2.62,3.69,0.31,1.58,0.66,5.61,5.12,4.55,2.81,-1.44, ,4.73, ,1.72,-1.74, ,4.06,3.3, , , ,-0.41, , ,0.95,1.29,2.02,3.67,4.72,-11.59,-10.36,-10.41,14.01,15.7,15.22,3.36,1.61,4.77,4.19,,,,
163,97057772,11/3/2025,12:23:40,,,-0.12,2.23,0.44,0.57,4.56,3.79,4.87,4.18,-0.35,-1.78,-0.71,-1.47,3.6,3.47,3.32,5.81, , , , , , , , ,-0.84,-1.34,-0.51,3.28,0.74,1.75,0.48,5.0,6.5,4.97,3.49,-0.57, ,5.35, ,1.3,0.64, ,4.84,4.48, , , ,-4.47, , ,1.42, ,-0.07,4.1, ,0.1,-0.31,1.79,3.37,0.8,1.42,0.83,4.2,5.16,4.56,4.19,0.6, ,6.43, ,2.14,-2.59, ,4.79,2.31, , , ,-0.4, , ,1.99,0.81,1.13,3.6,4.43,-11.37,-11.03,-10.66,14.05,15.96,15.56,3.87,1.56,5.59,3.71,,,,
164,97057921,11/3/2025,12:24:30,,,-0.27,0.65,-0.29,-0.95,5.03,4.47,4.98,5.12,-0.21,-0.82,-0.48,-0.37,3.49,2.3,2.66,5.06, , , , , , , , ,-2.14,-1.61,0.4,3.75,0.77,1.44,0.18,4.0,6.02,4.47,2.44,-1.52, ,6.65, ,1.0,2.1, ,4.8,4.23, , , ,-3.54, , ,2.66, ,-0.42,3.48, ,-2.27,-0.6,3.61,3.41,0.4,1.32,0.87,4.45,4.81,4.12,1.96,-1.22, ,5.48, ,1.59,-0.9, ,4.4,4.27, , , ,-1.06, , ,2.17,0.94,1.33,3.92,4.54,-11.36,-10.85,-10.5,14.53,14.74,15.14,3.75,1.51,4.47,4.8,,,,
165,97057939,11/3/2025,12:25:28,,,-0.52,0.27,-1.46,-1.66,5.16,5.04,6.31,5.72,0.21,-0.28,-0.34,-0.17,3.4,2.21,3.23,5.3, , , , , , , , ,-1.57, ,1.45, ,1.14,1.71,0.72,4.83,7.14,5.51,1.45,-0.69, ,4.99, ,0.88,2.04, ,4.05,4.89, , , ,-3.85, , ,1.63, ,-0.23,3.99, ,-1.75,-0.6,2.34,3.67,0.52,1.64,0.77,4.87,5.47,4.47,3.3,-0.86, ,5.66, ,2.21,-1.09, ,4.04,2.75, , , ,-0.51, , ,1.96,1.03,1.44,3.9,4.68,-11.42,-10.42,-10.33,13.93,14.9,14.87,3.56,1.62,4.48,4.48,,,,
166,97057905,11/3/2025,12:27:09,,,0.19,1.03,-0.04,-0.76,4.73,3.88,4.8,4.63,0.27,-1.44,-0.55,-0.92,3.64,2.61,2.96,4.83, , , , , , , , ,-2.27,-1.79,-0.02,3.57,0.61,1.55,0.14,4.72,6.69,4.69,3.36,-1.57, ,6.07, ,0.94,2.21, ,5.1,4.28, , , ,-4.07, , ,2.4, ,-0.93,3.72, ,-1.81,-1.12,3.47,3.78,0.24,1.43,0.33,4.59,4.89,4.47,1.74,-1.17, ,4.35, ,1.79,-0.34, ,3.97,4.27, , , ,-0.41, , ,1.08,1.28,1.92,3.76,4.94,-11.78,-10.72,-10.59,14.67,14.83,15.37,3.67,1.36,4.07,4.59,,,,
167,97057913,11/3/2025,12:28:07,,,-0.82,0.04,-0.46,-3.27,4.29,4.71,4.11,7.47,-0.81,-1.76,-0.45,-2.49,4.04,4.1,3.41,8.53, , , , , , , , ,0.61, ,-0.78, ,1.02,1.66,0.74,6.09,6.92,5.02,4.71,1.17, ,6.71, ,1.57,0.33, ,4.87,2.83, , , ,-5.66, , ,2.43, ,-0.99,4.3, ,-2.69,-1.11,2.29,3.3,0.61,1.55,0.42,4.92,4.47,3.82,1.42,-2.22, ,3.96, ,1.43,-0.73, ,3.21,4.57, , , ,0.22, , ,0.68,1.33,1.84,3.63,5.06,-11.34,-11.38,-10.65,14.42,15.25,15.51,4.23,1.58,4.97,4.25,,,,
168,97057889,11/3/2025,12:28:57,,,-0.78,0.82,-0.48,-0.72,4.76,4.43,5.26,4.66,0.11,-1.32,-0.51,-0.49,3.93,2.47,3.25,4.93, , , , , , , , ,-2.83, ,0.67, ,0.75,1.85,0.44,4.1,6.2,4.45,2.16,-1.59, ,5.44, ,0.88,1.95, ,4.7,5.35, , , ,-3.65, , ,1.46, ,-0.46,3.65, ,-3.73,-1.18,3.89,4.01,0.44,1.41,0.42,4.6,4.88,4.13,0.49,-3.25, ,4.3, ,1.17,0.86, ,3.4,4.73, , , ,0.22, , ,1.45,1.39,2.13,4.09,5.1,-11.18,-10.59,-10.54,14.32,15.18,15.22,3.48,1.47,4.27,4.25,,,,
169,97057897,11/3/2025,12:29:50,,,-0.46,1.63,0.34,-0.41,4.86,4.01,4.81,4.95,-0.69,-1.37,-0.33,-1.29,4.04,3,3.13,5.13, , , , , , , , ,0.19,-1.29,-0.65,3.12,0.73,1.7,0.43,6.3,7.52,4.87,4.32,1.11, ,5.74, ,1.45,0.01, ,5.1,3.79, , , ,-4.86, , ,1.49, ,-0.46,3.9, ,-1.87,-0.48,2.36,3.93,0.48,1.2,1.29,5.33,5.57,4.45,2.84,-2.11, ,6.3, ,1.95,-0.2, ,3.6,2.55, , , ,0.2, , ,2.39,1.5,2.36,4.04,4.61,-11.67,-10.87,-10.85,14.39,15.42,15.52,3.91,1.29,4.47,3.93,,,,
170,97057863,11/3/2025,12:31:31,,,-0.7,-0.64,-0.88,-4.1,4.32,4.29,4.1,7.12,-0.48,-1.08,-0.17,-1.49,4.04,3.89,3.2,7.73, , , , , , , , ,-2.69,-1.87,0.72,3.93,0.8,1.26,0.92,5.2,6.95,5.02,2.25,-1.8, ,6.45, ,0.89,2.44, ,4.92,4.65, , , ,-3.63, , ,2.3, ,-0.33,3.74, ,-1.4,-0.93,2.53,3.4,0.14,1.46,0.56,4.64,4.48,3.76,2.85,-0.58, ,5.49, ,1.86,-1.38, ,4.02,3.63, , , ,-0.91, , ,1.2,1.3,1.65,3.91,5.0,-11.43,-10.32,-10.33,14.58,15.37,15.41,3.25,1.99,4.07,4.74,,,,
171,97057871,11/3/2025,12:32:31,,,-0.91,1.32,-1.12,-0.21,5.61,5.56,6.27,5.67,-0.25,-0.55,0.05,-0.06,3.56,2.09,2.59,5.23, , , , , , , , ,-3.38,-1.86,2.09,4.31,0.92,1.57,0.43,3.74,6.26,4.88,0.88,-2.13, ,5.22, ,0.88,2.81, ,3.97,5.16, , , ,-3.99, , ,1.72, ,-0.02,4.06, ,-1.99,-0.1,1.08,3.29,0.61,1.27,1.27,4.26,4.94,4.54,1.12,-1.35, ,5.13, ,1.45,-0.4, ,3.77,4.42, , , ,-0.28, , ,2.12,1.01,1.6,3.97,4.69,-11.29,-10.36,-10.24,14.72,14.9,15.44,3.49,1.6,3.94,4.63,,,,
172,97057855,11/3/2025,12:47:38,,,-1.03,-1.84,-1.45,-3.6,4.58,3.74,4.65,4.71,-0.04,-1.1,-0.44,-0.85,3.65,2.71,3.06,4.8, , , , , , , , ,-2.42,-1.63,0.28,3.84,0.66,1.42,0.52,5.27,7.42,5.24,2.5,-1.23, ,4.57, ,0.89,1.68, ,4.47,4.37, , , ,-3.94, , ,1.26, ,-0.23,3.66, ,-0.56,-0.22,2.78,3.48,0.54,1.4,1.01,4.61,4.98,4.17,3.16,0.57, ,6.36, ,2.0,-1.6, ,4.05,2.79, , , ,-1.88, , ,2.37,1.0,1.2,4.09,4.57,-11.54,-11.1,-10.7,14.56,15.12,15.43,3.51,1.01,4.95,4.12,,,,
173,97057491,11/3/2025,12:49:30,,,-1.54,-0.41,-1.27,-1.85,4.39,3.9,4.99,4.63,-0.75,-0.51,-0.43,-0.22,3.55,2.74,3.11,4.93, , , , , , , , ,-2.25,-1.51,0.51,3.56,0.96,1.48,0.53,4.94,7.2,5.2,2.15,-1.81, ,5.53, ,0.76,2.01, ,4.92,4.82, , , ,-3.67, , ,1.77, ,0.1,3.8, ,0.68,-0.42,1.38,2.89,0.87,1.38,1.06,4.91,4.79,3.42,4.13,0.63, ,7.59, ,2.21,-1.96, ,4.61,2.43, , , ,0.08, , ,2.03,1.18,1.97,3.73,4.77,-11.13,-10.84,-10.32,14.84,15.63,15.66,3.55,1.61,4.86,4.32,,,,
174,97057574,11/3/2025,12:50:20,,,-1.33,-0.6,-0.73,-4.01,4.45,4.41,4.01,7.32,-2.36,-0.72,0.05,-1.44,4.38,4.45,3.93,8.01, , , , , , , , ,-3.22,-2.04,0.9,3.59,0.87,1.02,0.63,5.22,5.24,5.11,1.76,-2.32, ,6.02, ,0.64,2.44, ,4.94,4.55, , , ,-3.73, , ,2.33, ,-0.54,3.84, ,-0.39,-0.12,2.3,3.64,0.66,1.04,1.17,4.98,4.7,4.08,3.56,0.66, ,4.48, ,2.1,-1.79, ,3.83,3.04, , , ,-0.92, , ,1.57,1.21,1.63,4.17,5.03,-11.52,-10.51,-10.47,14.49,15.34,15.51,3.27,1.27,4.57,4.43,,,,
175,97057566,11/3/2025,12:51:20,,,-1.33,-0.52,-0.89,-3.93,4.48,4.39,4.14,7.42,-1.04,-0.42,-0.17,-0.89,4.56,4.16,3.25,7.47, , , , , , , , ,-3.1,-1.75,2.18,4.1,1.12,1.55,0.88,5.12,7.34,5.5,1.13,-1.4, ,5.96, ,0.86,2.3, ,4.94,5.77, , , ,-3.76, , ,2.09, ,-0.5,3.13, ,-1.73,-0.59,2.15,3.13,0.94,1.24,1.17,5.19,4.85,3.69,2.7,-1.07, ,5.45, ,1.8,-1.04, ,4.25,4.08, , , ,0.26, , ,0.94,1.45,2.19,3.98,5.09,-11.45,-10.64,-10.46,14.56,15.42,15.81,3.43,1.34,4.83,4.34,,,,
176,97053508,11/3/2025,12:52:10,,,-1.27,0.45,-0.83,-1.05,4.93,4.57,5.36,4.85,-0.6,-0.64,0.08,-0.27,4.04,3.19,3.28,5.32, , , , , , , , ,-2.21,-1.83,0.49,3.82,0.94,1.95,0.11,4.76,6.49,4.79,2.55,-1.33, ,5.48, ,1.03,1.8, ,4.34,4.28, , , ,-2.67, , ,1.68, ,0.22,3.84, ,1.79,-0.21,0.4,2.04,0.78,1.18,1.51,5.07,4.44,2.76, ,2.39, ,8.58, ,2.71,-2.47, ,5.83,2.7, , , ,-1.08, , ,1.74,1.06,1.57,3.51,4.51,-11.2,-10.21,-10.19,13.52,15.1,14.81,3.08,1.45,4.41,4.12,,,,
177,97057541,11/3/2025,12:53:01,,,-0.27,-0.3,-0.93,-2.16,4.41,4.21,4.93,5.28,-2.79,-1.34,-0.49,-0.98,4.49,2.85,3.35,4.77, , , , , , , , ,-2.39,-1.63,0.96,3.63,0.85,1.9,0.14,4.83,7.11,5.37,2.22,-1.37, ,5.94, ,0.84,1.95, ,4.99,5.27, , , ,-3.16, , ,1.67, ,-0.44,3.05, ,-1.57,-1.13,2.67,3.02,3.03,0.89,1.59,6.34,5.0,3.53,2.66,-1.07, ,3.93, ,1.83,-0.8, ,3.86,4.08, , , ,-0.85, , ,0.84,1.3,1.81,3.85,5.12,-11.37,-10.64,-10.56,15.11,15.16,15.39,3.28,1.14,4.01,4.62,,,,
178,97053482,11/3/2025,12:53:51,,,-0.38,-0.21,-1.09,-1.88,4.23,3.95,4.95,4.81,-1.03,-0.75,-0.54,-0.05,3.67,2.55,2.76,5.02, , , , , , , , ,-0.51,-1.37,-0.25,3.08,0.31,1.64,0.32,5.5,7.03,4.89,3.97,-0.76, ,6.24, ,1.13,1.19, ,5.14,3.68, , , ,-2.87, , ,2.7, ,0.12,3.83, ,-3.39,-0.79,4.47,3.79,0.68,1.25,1.18,4.89,4.42,3.99,-0.03,-3.58, ,3.74, ,1.14,0.96, ,3.72,4.89, , , ,0.47, , ,1.9,1.19,1.95,3.75,4.76,-11.19,-10.6,-10.08,14.16,15.63,15.27,3.68,1.25,4.84,3.77,,,,
179,97057533,11/3/2025,12:54:46,,,-1.46,-0.01,-1.04,-2.48,4.52,4.31,4.18,7.07,-1.18,-0.28,0.5,-1.3,4.37,4.3,2.98,8.08, , , , , , , , ,-3.37,-1.89,1.06,4.07,0.9,1.63,0.27,4.27,6.37,4.96,1.55,-2.3, ,4.67, ,0.78,2.54, ,3.95,4.83, , , ,-3.15, , ,1.24, ,-0.23,3.78, ,-0.42,-0.72,2.12,2.86,0.09,0.74,1.09,5.01,4.58,3.64,3.59,0.19, ,6.75, ,2.34,-0.8, ,4.35,2.46, , , ,-0.93, , ,1.83,0.98,1.39,4.05,4.61,-11.3,-11.37,-10.83,14.42,15.63,15.73,3.89,1.61,5.01,3.77,,,,
180,97057525,11/3/2025,12:55:45,,,-1.41,-0.39,-1.2,-2.22,4.22,4.61,5.06,5.15,-1.13,-0.28,-0.17,-0.68,4.42,2.93,3.22,5.27, , , , , , , , ,-2.29,-1.81,0.31,3.54,0.05,1.48,0.25,5.25,7.29,5.25,2.6,-1.87, ,5.23, ,0.95,2.09, ,4.47,4.37, , , ,-3.71, , ,1.8, ,-0.24,3.62, ,-0.18,-0.5,1.92,2.92,1.0,1.25,1.3,5.27,4.87,3.65,3.47,0.73, ,5.99, ,2.21,-1.49, ,4.84,3.88, , , ,-0.26, , ,0.71,1.32,1.66,3.47,4.77,-10.99,-10.76,-10.42,14.79,15.37,15.85,3.75,1.17,4.63,4.22,,,,
181,97057517,11/3/2025,12:58:22,,,-1.34,-0.1,-0.74,-1.78,4.75,5.05,5.24,5.36,-0.71,-1.06,-0.45,-0.62,3.67,2.44,2.86,5.04, , , , , , , , ,-1.75,-1.39,0.39,3.91,0.68,1.59,0.92,4.85,6.99,5.38,2.46,-1.11, ,5.57, ,0.95,1.96, ,4.65,4.52, , , ,-3.03, , ,1.75, ,-0.39,3.45, ,-2.14,-0.62,1.97,3.01,0.67,0.96,1.13,4.7,4.7,3.31,3.42,-0.91, ,6.54, ,2.11,-0.5, ,5.05,2.88, , , ,-2.63, , ,2.91,0.66,0.67,4.46,4.48,-11.27,-10.51,-10.25,14.47,15.24,15.61,3.51,1.1,4.23,3.96,,,,
182,97057509,11/3/2025,12:59:12,,,-0.89,-0.48,-0.9,-3.57,4.61,4.4,4.41,7.14,-1.74,-1.34,-0.27,-2.1,5.61,3.58,3.83,7.74, , , , , , , , ,-2.42,-1.52,0.07,3.58,0.63,0.92,0.82,4.88,6.57,5.24,2.86,-1.29, ,4.98, ,0.98,1.67, ,4.41,4.56, , , ,-3.82, , ,1.35, ,-0.59,3.73, ,-1.32,-0.53,3.77,3.47,5.04,0.72,2.35,9.8,6.77,3.24,1.81,-0.25, ,4.67, ,1.64,-0.94, ,4.24,4.6, , , ,-0.73, , ,1.31,1.21,1.6,3.7,4.69,-10.9,-10.49,-9.99,14.69,15.76,15.84,3.24,1.46,4.9,4.35,,,,
183,97053474,11/3/2025,13:00:03,,,-0.3,1.35,0.1,-0.59,4.92,4.2,5.44,4.78,-1.22,-1.04,-0.52,-0.58,3.93,2.67,3.61,5.3, , , , , , , , ,-2.84, ,1.5, ,0.91,1.64,0.69,4.91,7.04,5.21,1.23,-2.48, ,6.69, ,0.65,2.65, ,4.71,4.73, , , ,-3.28, , ,2.76, ,-0.33,3.83, ,-1.69,-0.35,0.88,3.49,0.6,0.82,1.25,4.64,4.53,4.05,0.99,-1.95, ,5.23, ,1.52,0.3, ,4.71,4.9, , , ,0.6, , ,2.33,1.07,1.73,3.61,4.37,-11.08,-10.84,-10.22,14.71,15.91,15.92,3.63,1.29,5.01,3.79,,,,
184,97053490,11/3/2025,13:01:56,,,-0.53,1.17,-0.37,-0.1,4.5,4.5,5.03,4.46,-0.99,-0.69,-0.32,0.26,4.45,3.14,3.49,4.84, , , , , , , , ,-2.76,-2.01,0.39,3.54,0.96,1.91,0.11,4.42,6.93,5.3,2.02,-2.16, ,6.62, ,0.7,2.79, ,5.07,4.29, , , ,-4.49, , ,2.31, ,-1.07,3.25, ,1.15,-0.37,-0.22,2.35,0.46,1.15,0.92,4.74,4.54,3.19,4.52,1.74, ,7.45, ,2.39,-2.66, ,5.51,3.36, , , ,-0.91, , ,1.1,1.12,1.39,3.4,4.6,-11.66,-10.66,-10.3,14.66,14.92,15.36,2.93,1.48,3.27,5.03,,,,
185,97053466,11/3/2025,13:03:51,,,-0.76,1.23,-0.49,-0.46,4.94,4.43,5.48,4.91,-0.35,-0.9,-0.59,-0.42,3.99,3.38,3.68,5.9, , , , , , , , ,-1.34,-1.98,0.17,3.67,1.68,1.83,0.72,5.83,7.19,4.91,2.48,-0.81, ,6.03, ,0.89,1.76, ,4.86,4.19, , , ,-3.74, , ,2.09, ,-0.52,3.86, ,-1.4,-0.53,2.92,2.48,0.84,1.16,1.15,5.08,5.08,4.18,2.61,-1.12, ,6.02, ,1.65,-0.6, ,4.41,3.6, , , ,-0.94, , ,2.35,0.9,1.5,3.97,4.45,-11.43,-10.59,-10.21,14.86,15.47,16.0,3.49,1.52,4.42,4.43,,,,
186,97037295,11/3/2025,13:04:42,,,-0.74,0.11,-0.96,-2.84,4.64,4.05,4.31,6.81,-0.45,-0.76,-0.38,-1.13,3.97,3.75,2.93,7.49, , , , , , , , ,-2.19,-1.46,0.19,3.42,0.07,1.18,0.36,4.62,6.31,4.66,3.07,-1.52, ,4.68, ,0.95,1.86, ,4.59,4.78, , , ,-2.58, , ,1.67, ,-0.02,3.85, ,-1.19,-0.37,3.82,3.48,0.03,1.3,0.5,4.89,4.61,4.0,2.22,-0.69, ,5.32, ,1.77,-0.43, ,4.58,4.32, , , ,-0.65, , ,1.75,1.09,1.63,3.69,4.29,-11.19,-10.49,-10.1,14.54,15.07,15.4,3.88,1.35,4.41,4.58,,,,
187,97053540,11/3/2025,13:11:35,,,-0.62,0.38,-0.34,-1.62,5.59,5.05,5.12,6.04,-0.15,-0.48,0.15,0.31,3.57,2.09,2.69,4.62, , , , , , , , ,-0.18,-1.6,-0.33,3.41,0.07,1.36,0.48,5.68,6.24,3.64,3.93,-0.61, ,6.1, ,1.07,1.25, ,5.11,3.69, , , ,-3.56, , ,2.47, ,-0.33,3.93, ,-0.49,-0.77,2.34,3.45,-0.11,1.61,0.35,4.5,4.95,3.92,2.63,-0.61, ,5.15, ,1.84,-1.17, ,3.95,3.25, , , ,-0.14, , ,1.33,1.33,1.83,3.7,5.02,-11.33,-10.62,-10.45,14.23,15.83,15.52,3.31,1.56,5.03,4.05,,,,
188,97053532,11/3/2025,13:12:35,,,-0.48,-0.2,-0.93,-2.45,4.43,4.76,5.35,5.66,-0.27,-1.23,-0.76,-0.43,3.37,2.41,2.84,4.96, , , , , , , , ,-2.07,-1.8,0.88,3.64,1.21,1.48,0.66,4.96,6.89,4.89,2.71,-1.01, ,7.21, ,0.89,2.07, ,5.15,4.53, , , ,-4.22, , ,3.32, ,-1.0,4.09, ,-1.93,-0.51,5.32,4.05,0.12,1.63,0.79,4.51,5.45,4.88,-0.06,-1.63, ,2.39, ,1.38,-0.06, ,3.35,5.21, , , ,0.63, , ,0.84,1.9,3.21,4.29,5.68,-11.12,-10.92,-10.48,14.7,15.41,15.47,4.24,1.45,4.52,4.06,,,,
189,97053599,11/3/2025,13:13:25,,,-0.34,-0.03,-0.67,-2.45,5.17,5.01,5.31,6.17,-0.41,-0.72,-0.24,-0.17,3.72,2.21,2.81,4.56, , , , , , , , ,-1.71,-1.27,0.18,3.48,0.71,1.3,0.71,5.62,7.28,5.32,3.16,-0.67, ,5.39, ,1.13,1.14, ,4.41,4.08, , , ,-3.41, , ,1.82, ,-0.38,3.69, ,-1.04,-0.34,2.36,3.04,0.65,0.89,1.36,4.97,4.65,3.83,2.84,-0.14, ,6.66, ,1.99,-1.67, ,4.61,3.04, , , ,-0.26, , ,1.69,1.1,1.41,3.8,4.46,-11.29,-11.18,-10.7,14.5,15.13,15.62,3.94,1.06,4.54,3.92,,,,
190,97053573,11/3/2025,13:14:22,,,-0.11,1.16,-0.68,0.19,5.16,4.39,5.65,4.51,0.03,-0.31,-0.28,0.67,3.88,2.43,3.0,4.81, , , , , , , , ,-1.4,-1.49,-0.14,3.48,1.15,1.69,0.63,5.15,6.85,5.02,3.61,-0.62, ,5.65, ,1.13,1.12, ,4.66,3.69, , , ,-3.7, , ,2.16, ,-0.69,3.88, ,-2.64,-0.31,2.21,3.83,0.18,0.92,0.9,6.07,5.66,4.55,2.25,-1.9, ,6.39, ,1.62,-0.13, ,4.22,2.93, , , ,-1.38, , ,2.33,1.02,1.35,3.55,4.25,-11.52,-11.2,-10.81,14.24,14.91,15.25,4.17,1.68,4.39,4.07,,,,
191,97053458,11/3/2025,13:15:13,,,-1.26,0.17,-1.12,-1.68,5.23,5.16,5.8,5.38,-0.2,-0.54,-0.15,0.04,3.27,2.66,2.73,5.32, , , , , , , , ,-1.3,-1.88,-0.01,3.4,0.9,2.18,0.44,4.22,6.84,4.59,3.33,-0.36, ,4.91, ,1.62,1.56, ,4.62,3.79, , , ,-3.83, , ,1.87, ,-0.06,3.96, ,-1.93,-0.41,1.81,4.06,0.04,1.5,0.58,4.56,4.9,4.87,1.51,-2.01, ,5.18, ,1.59,-0.35, ,3.72,3.07, , , ,-0.04, , ,2.22,1.12,1.74,4.04,4.54,-11.47,-10.65,-10.66,14.56,15.2,15.46,3.64,1.62,3.91,4.41,,,,
192,97053433,11/3/2025,13:16:09,,,-0.85,-0.58,-0.79,-3.77,4.96,4.44,4.27,7.45,-0.53,-0.81,-0.05,-1.06,4.41,4.12,3.67,7.96, , , , , , , , ,-2.24,-1.48,0.61,3.67,1.04,1.31,1.01,5.0,7.39,4.91,1.96,-1.4, ,4.41, ,0.83,1.93, ,4.42,4.7, , , ,-2.99, , ,1.44, ,0.2,3.88, ,-2.32,-0.59,4.34,3.87,-0.17,1.38,0.41,4.91,4.36,4.42,0.57,-2.48, ,3.83, ,1.47,0.28, ,4.0,5.27, , , ,0.63, , ,0.65,1.49,2.2,3.46,4.86,-11.26,-11.17,-10.64,14.47,15.95,16.02,4.19,1.06,5.13,3.86,,,,
193,97053565,11/3/2025,13:17:00,,,-0.18,0.02,-0.65,-2.67,5.38,4.2,4.55,6.79,-0.36,-1.25,0.12,-2.07,4.33,4.11,3.07,8.0, , , , , , , , ,-2.06,-1.68,0.46,3.4,0.17,0.93,0.68,4.11,5.78,3.64,2.78,-0.95, ,6.43, ,1.02,1.96, ,5.22,4.31, , , ,-3.22, , ,2.37, ,-0.58,3.5, ,-2.89,-0.83,3.14,3.47,0.6,1.61,0.63,4.7,4.0,3.55,1.88,-2.02, ,4.7, ,1.62,-0.45, ,4.24,3.67, , , ,-0.61, , ,1.89,1.0,1.36,3.93,4.61,-11.09,-10.38,-10.38,14.49,16.52,16.03,3.44,1.33,5.09,3.48,,,,
194,97053557,11/3/2025,13:17:50,,,-0.11,0.15,-0.88,-1.73,5.23,4.67,5.31,5.56,0.06,-0.97,-0.52,0.1,3.73,2.75,3.33,4.62, , , , , , , , ,-2.05,-1.73,0.24,3.69,0.52,1.63,0.35,4.72,5.89,3.84,2.68,-1.26, ,4.69, ,0.82,1.72, ,4.62,5, , , ,-2.65, , ,1.02, ,0.44,3.63, ,-2.16,-0.5,1.91,3.28,0.23,1.91,0.41,4.7,4.92,4.28,2.26,-1.38, ,5.36, ,1.79,-0.82, ,3.97,2.75, , , ,-0.55, , ,2.24,1.16,1.63,3.81,4.58,-11.59,-11.08,-10.83,15.02,15.04,15.78,4.5,1.61,4.54,4.7,,,,
195,97053581,11/3/2025,13:18:48,,,-0.7,0.35,-0.94,-1.51,5.32,4.1,5.46,4.74,0.14,-1.13,-0.35,-0.04,3.72,2.79,2.74,4.78, , , , , , , , ,-2.05,-1.36,0.07,3.46,0.69,1.35,0.88,5.41,7.86,5.07,2.85,-0.86, ,5.73, ,0.93,1.51, ,5.3,4.21, , , ,-3.34, , ,2.2, ,-0.14,3.62, ,0.29,-0.64,1.6,2.77,0.24,2.16,0.41,4.93,4.55,3.75,4.23,-0.01, ,6.72, ,2.13,-1.64, ,5.01,2.94, , , ,0.2, , ,1.52,1.04,1.75,3.75,4.69,-11.11,-10.75,-10.48,14.74,15.69,15.62,4.13,0.76,4.46,3.9,,,,
196,97069140,11/3/2025,13:20:31,,,0.27,0.3,-0.31,-0.84,7.19,4.73,5.53,4.93,-0.18,-1.25,-0.42,-0.7,3.67,3.04,3.26,5.63, , , , , , , , ,-2.92,-1.76,1.56,3.95,1.12,1.78,1.37,4.0,4.98,2.31,1.36,-1.89, ,5.22, ,0.7,2.41, ,4.22,4.76, , , ,-3.59, , ,2.14, ,-0.13,4.0, ,-0.25,-0.48,2.02,2.97,-0.05,1.43,0.62,4.82,4.1,3.42,3.19,-0.25, ,5.8, ,2.13,-1.31, ,4.31,3.2, , , ,-0.07, , ,1.64,1.68,2.2,3.93,5.2,-11.88,-11.09,-10.89,13.93,14.86,15.12,3.9,1.34,4.4,3.97,,,,
197,97047484,11/3/2025,13:22:12,,,-1.76,-1.34,-1.93,-4.74,3.95,4.0,4.41,7.44,-0.68,-0.72,0.14,-1.24,4.67,3.89,3.41,7.54, , , , , , , , ,-1.39, ,0.49, ,0.75,1.41,0.74,5.47,7.25,5.45,2.91,-0.38, ,4.96, ,1.25,0.98, ,4.15,4.1, , , ,-3.11, , ,1.7, ,0.23,3.97, ,-2.1,-0.72,1.2,3.12,0.56,1.55,0.84,4.93,4.6,3.2,1.71,-1.54, ,6.71, ,1.66,-0.95, ,4.34,2.78, , , ,-1.61, , ,3.61,0.98,1.15,4.33,4.36,-10.77,-10.92,-10.41,14.89,15.46,15.75,3.71,0.85,5.14,4.17,,,,
198,97053524,11/3/2025,13:25:44,,,-0.7,-0.18,-0.92,-2.14,5.08,4.91,5.29,5.56,-0.29,-1.18,-0.44,-0.68,3.46,3.07,3.41,5.21, , , , , , , , ,-2.49,-1.9,1.52,4.37,0.92,1.99,0.46,4.86,6.66,5.05,1.71,-0.96, ,6.04, ,1.05,2.12, ,4.45,4.98, , , ,-4.03, , ,1.82, ,-0.68,3.48, ,0.14,-0.46,1.58,2.94,0.45,1.7,0.54,4.42,4.85,3.69,4.19,0.95, ,7.67, ,2.35,-1.85, ,5.0,2.23, , , ,-1.82, , ,2.07,1.02,1.18,3.69,4.6,-11.8,-10.92,-10.75,15.12,15.04,15.68,4.04,1.35,3.93,4.98,,,,
199,97057806,11/3/2025,13:27:38,,,0.56,0.09,-0.47,-1.94,5.06,3.83,5.68,4.5,0.2,-1.58,-0.46,-0.85,3.37,2.7,3.18,5.23, , , , , , , , ,-1.66, ,0.56, ,0.76,1.52,0.36,5.81,6.8,5.19,2.88,0.16, ,7.01, ,1.15,1.27, ,4.94,4.17, , , ,-4.46, , ,2.35, ,-1.18,3.63, ,-0.29,-0.64,1.9,3.14,0.6,1.51,0.49,4.5,4.84,4.28,4.06,0.68, ,6.82, ,2.01,-2.7, ,4.47,1.95, , , ,-1.39, , ,2.2,0.73,1.05,3.94,4.43,-11.52,-10.9,-10.76,14.0,15.62,15.23,3.7,1.42,4.69,3.89,,,,
200,97053391,11/3/2025,13:28:29,,,-0.24,-0.04,-0.88,-2.18,4.73,4.24,5.18,5.19,-0.41,-1.24,-0.22,-0.62,4.1,2.79,3.23,4.72, , , , , , , , ,-1.86,-1.63,0.34,3.75,0.33,1.39,0.41,5.12,6.87,4.98,2.53,-1.06, ,4.92, ,1.05,1.7, ,4.58,4.9, , , ,-2.5, , ,1.29, ,-0.01,3.52, ,-2.19,-0.83,3.23,3.57,0.84,1.38,0.88,4.1,4.58,4.07,2.36,-0.3, ,4.37, ,1.7,-1.4, ,3.98,3.83, , , ,-2.06, , ,1.17,1.16,1.2,3.9,5.11,-11.28,-10.68,-10.39,14.48,15.6,15.46,3.13,1.54,4.54,4.35,,,,
201,97047476,11/3/2025,13:30:17,,,0.53,0.35,-0.18,-1.55,5.65,4.47,5.17,5.23,-1.74,-1.68,-0.83,-0.75,3.76,2.69,3.1,4.33, , , , , , , , ,-1.17,-1.85,-0.27,3.56,0.89,1.53,0.21,4.58,5.81,3.68,3.88,-0.24, ,6.03, ,1.22,1.07, ,5.2,4.23, , , ,-3.65, , ,1.95, ,-0.3,3.58, ,-2.16,-0.91,2.88,3.27,1.21,1.62,1.26,4.42,4.43,3.27,2.47,-1.14, ,6.33, ,1.6,-0.96, ,5.1,4.35, , , ,-1.32, , ,1.42,1.12,1.4,3.44,4.32,-11.25,-10.7,-10.39,14.36,15.24,15.37,3.39,1.29,4.14,4.21,,,,
202,97053367,11/3/2025,13:31:11,,,1.1,0.4,0.25,-0.85,6.87,4.55,5,5.07,-0.82,-0.8,-0.27,0.14,4.28,2.85,3.14,4.44, , , , , , , , ,-3.6,-1.79,2.03,4.04,1.48,1.78,0.58,4.28,5.65,3.01,1.18,-1.91, ,4.79, ,0.8,2.71, ,4.22,5.81, , , ,-2.66, , ,1.42, ,0.2,3.72, ,-2.24,-0.44,1.33,3.35,0.71,1.06,1.33,4.31,4.67,3.78,2.7,-1.62, ,5.95, ,1.79,-0.19, ,4.53,3.33, , , ,-1.12, , ,1.64,1.09,1.49,3.74,4.68,-11.43,-10.7,-10.43,14.47,15.34,15.34,3.54,1.1,4.35,4.02,,,,
203,97053425,11/3/2025,13:32:01,,,0.77,1.76,1.02,-0.45,5.31,4.72,5.17,5.29,-0.61,-1.59,-0.73,-0.98,4.08,2.98,3.38,5.3, , , , , , , , ,-2.24,-1.75,1.09,4.01,0.87,1.76,0.34,4.63,6.5,4.7,1.88,-1.71, ,5.79, ,0.55,1.79, ,4.53,4.47, , , ,-2.7, , ,2.17, ,0.06,3.79, ,-2.0,-0.73,1.11,3.36,0.84,1.34,1.09,4.57,4.73,3.92,1.14,-2.27, ,3.75, ,1.54,-0.33, ,3.71,4.44, , , ,0.27, , ,1.68,1.87,2.34,3.94,5.02,-11.02,-10.64,-10.28,15.11,15.23,15.64,4.3,1.37,4.65,4.39,,,,
204,97053409,11/3/2025,13:33:21,,,0.39,0.92,0.32,-1.33,5.07,4.61,4.61,5.66,-0.64,-0.67,-0.62,-0.57,4.09,3.15,3.54,4.61, , , , , , , , ,-1.58,-1.67,-0.39,3.63,0.53,1.59,0.63,5.45,6.72,4.44,3.8,-1.33, ,5.97, ,0.99,0.99, ,5.27,3.89, , , ,-3.13, , ,2.39, ,-0.05,3.95, ,-2.45,-0.52,4.73,4.81,1.47,1.05,1.73,4.55,4.29,4.08,0.51,-2.27, ,4.17, ,1.34,-0.13, ,4.27,4.85, , , ,-0.25, , ,1.95,1.23,1.86,3.93,4.77,-11.2,-10.49,-10.18,14.35,15.46,15.28,3.52,1.79,4.52,4.49,,,,
205,97053383,11/3/2025,13:35:24,,,-0.05,-0.32,-0.84,-3.82,4.23,3.94,4.15,7.16,-0.61,-1.45,0.1,-1.81,4.6,4.37,3.41,7.38, , , , , , , , ,-2.58,-1.82,1.03,4.24,0.81,1.57,0.49,4.97,6.6,4.93,1.85,-2.04, ,6.12, ,0.66,1.49, ,4.59,4.58, , , ,-2.54, , ,2.15, ,0.03,3.39, ,-2.49,-0.37,3.09,4.19,0.44,1.68,0.64,4.4,4.68,4.36,0.58,-1.66, ,4.91, ,1.53,-0.3, ,3.66,3.82, , , ,-0.69, , ,1.26,1.49,1.58,3.61,4.67,-11.15,-10.91,-10.45,14.31,15.83,15.79,3.99,1.48,5.1,4.03,,,,
206,97053375,11/3/2025,13:37:14,,,0.3,1.49,0.07,-0.43,5.45,4.76,5.61,5.3,1.07,-0.96,-0.49,-0.09,3.97,2.74,3.08,5.19, , , , , , , , ,-1.02,-2.12,0.1,3.41,0.66,2.27,-0.11,4.36,6.03,4.02,4.1,-0.53, ,6.13, ,1.21,0.34, ,5.08,3.86, , , ,-3.39, , ,2.22, ,-0.4,3.85, ,-2.34,-0.49,1.58,4.07,0.52,1.88,0.73,4.37,4.93,4.61,0.57,-2.12, ,3.31, ,1.26,-0.17, ,3.55,3.96, , , ,0.18, , ,1.8,1.12,1.76,3.74,4.77,-11.41,-10.34,-10.44,14.63,15.0,15.49,3.65,1.41,4.13,4.29,,,,
207,97053359,11/3/2025,13:38:11,,,0.5,-0.07,-0.49,-3.49,4.74,4.11,2.38,7.16,-1.32,-1.35,-0.48,-1.76,4.77,4.43,3.51,8.23, , , , , , , , ,-2.91,-2.11,0.65,3.78,0.77,1.47,0.63,5.38,6.24,4.63,2.7,-1.61, ,4.79, ,0.97,1.1, ,4.45,5.63, , , ,-2.97, , ,0.98, ,-0.05,3.36, ,-2.81,-0.68,4.58,4.16,0.43,1.29,0.9,4.75,4.54,4.4,1.16,-1.51, ,5.18, ,1.53,-0.71, ,3.62,3.22, , , ,-1.94, , ,3.03,0.71,0.91,4.02,4.19,-11.33,-10.37,-10.25,13.9,15.44,15.31,3.18,1.48,4.62,3.99,,,,
208,97057558,11/3/2025,13:39:02,,,0.17,1.94,0.39,-0.45,4.61,4.37,4.88,5.34,-2.69,-0.37,-0.46,0.31,3.81,3.13,3.45,5.02, , , , , , , , ,-2.46,-1.97,0.29,3.49,0.43,1.86,0.02,4.91,7.02,5.11,2.5,-2.35, ,6.37, ,0.75,2.52, ,5.19,4.33, , , ,-3.3, , ,2.53, ,-0.36,3.89, ,-1.19,-0.36,2.49,3.31,0.61,1.17,1.24,4.65,4.38,3.74,2.98,-1.02, ,7.33, ,1.72,-0.86, ,4.52,2.13, , , ,-1.4, , ,3.2,0.72,0.98,4.14,4.18,-11.49,-10.4,-10.31,14.06,15.59,15.36,3.47,1.37,4.62,3.96,,,,
209,97057749,11/3/2025,13:40:47,,,0.76,0.16,-0.31,-3.08,5.34,4.58,4.72,7.63,-1.23,-0.8,0.3,-1.03,4.2,4.45,3.22,7.78, , , , , , , , ,-2.71,-1.98,0.05,3.59,1.01,1.8,0.21,4.48,5.83,4.14,2.98,-2.06, ,4.71, ,0.97,1.74, ,4.55,4.84, , , ,-3.29, , ,0.78, ,-0.02,3.41, ,-3.66,-0.99,4.72,3.93,0.5,1.35,0.81,4.83,4.56,4.45,0.36,-2.46, ,5.16, ,1.41,-0.18, ,4.3,3.97, , , ,-1.9, , ,2.46,0.92,1.09,3.73,4.17,-11.12,-10.33,-10.1,14.57,15.79,15.6,3.17,1.42,4.74,4.21,,,,
210,97057723,11/3/2025,13:41:38,,,0.12,0.51,-0.25,-1.19,5.5,5.14,5.4,5.63,0.02,-1.34,-0.5,-0.64,3.66,2.41,2.87,4.75, , , , , , , , ,-2.62,-1.64,0.14,3.62,0.13,1.69,0.33,4.94,6.46,4.45,3.2,-1.2, ,4.21, ,1.12,1.08, ,4.26,4.61, , , ,-3.59, , ,0.86, ,0.08,3.63, ,-2.93,-0.99,4.9,4.02,0.1,1.45,0.74,4.72,4.59,4.3,0.49,-2.28, ,6.71, ,1.39,0.43, ,5.01,4.17, , , ,-1.86, , ,3.87,0.48,0.8,4.06,3.6,-11.05,-10.41,-10.23,14.72,15.17,15.16,3.48,1.21,4.69,4.21,,,,
211,97057707,11/3/2025,13:43:28,,,0.08,-0.13,-0.54,-3.8,4.45,4.5,3.88,7.75,-0.88,-1.03,-0.16,-2.0,4.57,3.54,3.19,7.35, , , , , , , , ,-1.94, ,0.13, ,0.7,1.57,1.01,5.92,6.91,5.08,3.28,-1.02, ,5.68, ,1.36,1.83, ,4.69,4.41, , , ,-3.42, , ,1.41, ,-0.41,3.35, ,-3.1,-1.07,2.31,3.6,0.85,1.56,0.66,5.82,5.05,3.69,1.63,-1.88, ,5.58, ,1.55,0.04, ,4.18,3.68, , , ,-1.23, , ,2.12,0.98,1.2,3.63,4.49,-11.27,-10.37,-10.3,14.96,15.81,15.92,3.08,1.19,4.59,4.24,,,,
212,97057756,11/3/2025,13:51:47,,,1.05,0.98,0.2,-2.87,4.6,5.78,5.33,7.93,-0.53,-1.06,0.31,-1.56,4.38,4.16,3.46,7.89, , , , , , , , ,-0.47,-1.75,-0.2,3.49,0.83,2.11,0.11,4.52,6.8,5.28,4.05,-0.31, ,6.56, ,1.47,1.37, ,5.53,3.49, , , ,-3.57, , ,2.17, ,-0.64,3.41, ,-1.82,-0.54,2.41,3.18,0.46,0.91,1.08,5.8,4.87,3.22,1.78,-2.65, ,5.15, ,1.54,-0.06, ,4.18,3.76, , , ,1.35, , ,1.07,1.49,2.34,3.73,5.02,-11.57,-10.37,-10.47,14.37,15.88,15.73,3.44,1.42,4.87,4.06,,,,
213,97057681,11/3/2025,13:53:44,,,0.24,-0.04,-0.21,-3.52,4.57,4.23,4.06,7.37,-0.57,-1.21,-0.16,-1.72,4.02,3.98,3.13,7.58, , , , , , , , ,-2.44,-1.49,0.68,3.58,2.08,1.66,1.28,5.24,6.29,4.2,2.28,-1.36, ,5.83, ,0.88,1.94, ,4.91,4.61, , , ,-3.64, , ,2.05, ,-0.71,3.85, ,-2.58,-1.0,2.79,3.19,0.16,1.88,0.32,4.13,4.17,3.7,2.2,-1.11, ,5.2, ,1.76,-1.15, ,4.66,3.4, , , ,-0.96, , ,1.34,1.02,1.16,3.69,4.67,-11.18,-10.15,-10.13,14.91,15.76,15.81,3.04,1.56,4.03,5.01,,,,
214,97057731,11/3/2025,13:54:35,,,0,0.51,-0.35,-3.29,5.17,5.48,3.78,8.11,-1.11,-1.37,-0.29,-2.06,4.14,3.8,3.73,8.18, , , , , , , , ,-0.06,-1.54,-0.23,3.37,0.99,1.53,0.63,5.22,6.99,5.16,3.6,0.78, ,4.89, ,1.32,0.43, ,4.53,3.73, , , ,-3.81, , ,1.09, ,-0.32,4.05, ,0.32,-0.2,2.53,3.14,0.49,1.03,1.04,4.93,4.82,3.5,2.94,-0.28, ,6.02, ,1.69,-1.81, ,4.8,3.07, , , ,-1.36, , ,2.79,0.84,1.18,3.98,4.37,-11.81,-10.58,-10.67,14.68,15.64,16.05,3.52,1.4,4.45,4.48,,,,
215,97057715,11/3/2025,13:56:23,,,0.16,0.84,0.15,-1.61,5.21,5.14,5.56,5.76,0.1,-0.65,0.23,0.08,3.32,2.07,2.45,4.78, , , , , , , , ,-3.63,-1.78,1.59,3.88,0.95,1.88,0.74,4.66,6.99,5.02,0.83,-3.08, ,5.01, ,0.61,2.73, ,4.13,5.51, , , ,-2.6, , ,1.22, ,0.22,3.79, ,-2.0,-0.69,1.11,3.6,0.49,1.34,1.0,4.03,4.74,3.89,0.94,-2.2, ,4.28, ,1.5,-0.37, ,4.25,4.27, , , ,0.62, , ,1.74,1.6,2.22,3.97,5.06,-11.37,-10.38,-10.46,14.14,15.47,15.53,3.13,1.12,4.64,3.73,,,,
216,97057699,11/3/2025,13:57:22,,,1.28,0.34,0.13,-4.01,4.5,4.39,2.15,7.99,-0.15,-0.86,0.09,-1.31,3.97,4.12,3.18,7.94, , , , , , , , ,-1.62,-1.76,0.52,4.12,0.87,1.66,0.47,5.73,7.24,5.61,2.35,-1.04, ,4.56, ,1.13,1.58, ,4.06,4.63, , , ,-3.62, , ,0.86, ,1.34,3.67, ,-0.91,-0.32,2.1,3.02,0.16,1.34,0.72,4.56,4.58,3.71,3,-0.93, ,6.88, ,1.9,-1.1, ,4.89,2.79, , , ,-0.37, , ,2.73,1.4,2.02,4.07,4.41,-11.36,-10.45,-10.43,14.7,15.41,15.7,3.36,1.12,4.16,4.39,,,,
217,97057673,11/3/2025,13:58:13,,,1.24,1.29,0.62,0.13,7.26,4.99,5.52,5.21,-0.01,-0.45,-0.29,0.33,3.54,2.7,2.96,5.32, , , , , , , , ,-0.45,-1.86,-0.32,3.32,0.23,1.52,0.47,4.27,4.97,2.56,3.94,-0.39, ,6.91, ,1.22,0.74, ,5.51,3.45, , , ,-3.4, , ,2.94, ,-0.58,3.7, ,-1.59,-0.65,0.71,3.49,0.42,1.28,0.72,4.12,4.94,4.21,2.16,-0.82, ,5.86, ,1.86,-0.57, ,4.6,3.76, , , ,-0.71, , ,2.38,0.7,1.05,3.64,4.22,-11.21,-10.48,-10.29,14.34,15.47,15.58,3.39,0.72,4.89,3.78,,,,
218,97075832,11/3/2025,13:59:03,,,0.64,0.77,0.08,-1.1,5.36,4.37,4.97,4.89,-0.2,-0.94,0.02,-0.19,3.5,2.61,2.79,4.78, , , , , , , , ,-0.7,-1.72,-0.43,3.44,0.29,1.6,0.36,5.67,7.09,4.54,4.08,-0.37, ,6.32, ,1.35,0.81, ,5.31,3.2, , , ,-3.4, , ,2.44, ,-0.29,3.88, ,-2.04,-0.95,1.94,3.12,0.18,1.52,0.07,4.47,4.27,4.17,1.99,-2.27, ,5.26, ,1.54,-0.3, ,4.48,3.61, , , ,1.38, , ,0.77,1.27,2.07,3.74,4.9,-11.5,-10.47,-10.52,14.43,15.28,15.47,3.34,1.21,4.28,4.39,,,,
219,97052724,11/3/2025,13:59:54,,,-0.22,0.84,-0.12,-2.67,4.74,4.45,3.34,7.24,-0.73,-0.7,0.18,-1.33,4.63,4.23,3.4,7.71, , , , , , , , ,-1.64,-1.7,0.39,3.73,1.01,1.85,0.8,5.02,7.39,5.22,2.54,-1.72, ,5.79, ,0.82,1.34, ,4.96,3.96, , , ,-2.82, , ,2.26, ,-0.18,3.61, ,-2.09,-0.52,1.23,3.81,0.59,1.56,0.75,4.97,4.87,4.17,0.74,-2.34, ,4.09, ,1.48,0.49, ,3.69,3.89, , , ,-0.18, , ,1.79,1.13,1.74,4.06,4.92,-11.52,-10.39,-10.51,13.96,15.42,15.34,3.58,1.03,4.53,3.91,,,,
220,97053516,11/3/2025,14:00:44,,,1.43,0.17,0.24,-2.81,5.24,4.53,5.37,5.98,0.19,-1.47,-0.58,-0.49,3.89,2.49,3.23,5.44, , , , , , , , ,-2.38,-1.98,0.16,3.47,0.76,1.46,0.44,5.93,7.03,5.18,3.12,-1.51, ,7.24, ,1.2,1.37, ,4.82,3.92, , , ,-3.7, , ,2.35, ,-0.92,3.5, ,-0.51,-0.77,2.01,3.08,0.27,1.26,0.21,5.04,4.71,3.88,3.23,-0.07, ,6.55, ,2.25,-0.93, ,4.53,3.33, , , ,-0.24, , ,1.31,1.25,1.77,3.25,4.37,-11.32,-10.48,-10.39,14.45,15.42,15.48,3.33,1.46,4.61,4.34,,,,
221,97053441,11/3/2025,14:01:43,,,0.52,0.75,0.22,-1.14,5.27,4.22,5.44,5.05,0.21,-0.39,-0.25,0.11,3.58,2.32,2.86,5.43, , , , , , , , ,-3.19,-1.71,1.93,4.09,1.22,1.59,0.71,4.34,6.52,4.97,1.09,-1.63, ,5.42, ,0.85,1.43, ,4.26,5.3, , , ,-3.41, , ,1.55, ,-0.34,3.75, ,-2.35,-0.9,2.71,3.62,0.05,1.49,0.32,4.63,4.39,4.19,1.06,-2.3, ,5.3, ,1.38,-0.41, ,3.73,4.14, , , ,0.21, , ,1.51,1.41,2.05,3.47,4.68,-11.06,-10.39,-10.19,14.83,15.17,15.53,3.39,1.48,4.28,4.46,,,,
222,97053417,11/3/2025,14:02:34,,,0.28,0.88,0.25,-1.47,4.95,4.56,4.97,5.6,-0.17,1.41,0.07,4.11,3.8,2.23,2.97,3.49, , , , , , , , ,-0.01,-1.58,-3.1,3.52,0.66,1.96,0.33,6.27,7.18,4.67,4.28,0.15, ,5.12, ,1.78,1.06, ,4.74,4.03, , , ,-2.61, , ,1.48, ,0.18,4.0, ,-2.46,-0.75,3.33,3.53,0.64,1.46,0.62,4.63,4.73,4.35,1.93,-1.18, ,3.85, ,1.77,-0.4, ,3.57,4.22, , , ,-1.15, , ,1.44,1.23,1.62,3.92,5.07,-11.31,-10.58,-10.48,15.26,15.37,15.87,3.75,2.0,4.35,5.08,,,,
223,97052690,11/3/2025,16:07:34,,,0.16,0.04,-0.28,-2.44,5.12,5.42,5.66,6.42,0.12,-0.39,-0.88,0.58,3.48,2.26,3.02,4.53, , , , , , , , ,-2.54,-1.67,0.81,3.83,0.96,1.7,0.54,4.84,7.1,5.2,1.8,-1.91, ,5.39, ,0.73,0.89, ,4.33,4.31, , , ,-3.87, , ,1.69, ,-0.62,3.45, ,-3.72,-1.06,3.59,2.94,0.45,1.53,0.47,4.93,5.27,4.96,1.03,-2.89, ,4.09, ,1.27,0.21, ,3.26,3.46, , , ,-1.12, , ,1.34,1.16,1.39,3.68,4.73,-10.97,-10.56,-10.11,14.53,15.18,15.33,3.48,1.02,4.72,4.17,,,,
224,97052716,11/3/2025,16:09:19,,,-0.9,-0.25,-0.61,-3.67,4.88,4.99,5.16,7.66,-0.81,-0.82,0.81,-1.03,4.24,4.07,0.13,8.42, , , , , , , , ,-0.09, ,-0.11, ,0.82,1.81,0.44,5.52,7.37,5.08,4.01,0.12, ,5.57, ,1.31,0.08, ,4.77,2.85, , , ,-3.83, , ,1.58, ,-0.15,4.14, ,-2.39,-0.89,3.01,3.5,-0.07,1.47,0.28,4.13,4.58,3.93,1.04,-2.09, ,5.13, ,1.37,0.16, ,4.28,4.34, , , ,-0.83, , ,2.19,0.81,1.22,3.72,4.42,-11.52,-10.53,-10.51,14.46,15.37,15.54,3.25,1.4,4.39,4.24,,,,
225,97052674,11/3/2025,16:10:13,,,-0.33,0.0,-0.09,-2.6,4.97,5.14,5.23,5.31,-0.01,-0.95,-0.36,0.04,3.71,2.59,3.5,4.59, , , , , , , , ,-2.94,-1.79,0.89,3.99,1.04,1.6,0.26,4.8,6.84,5.43,1.92,-2.02, ,5.14, ,0.87,2.06, ,4.13,4.94, , , ,-3.12, , ,1.48, ,0.0,3.49, ,-3.06,-0.78,2.47,3.48,0.38,1.31,0.84,4.61,4.86,4.27,1.88,-2.95, ,4.74, ,1.44,0.37, ,3.91,4.0, , , ,0.15, , ,0.67,1.41,2.03,3.54,4.86,-11.04,-10.53,-10.32,14.2,15.48,15.58,3.43,1.48,4.89,4.27,,,,
226,97052658,11/3/2025,16:11:57,,,0.88,0.29,-0.18,-3.35,5.05,4.75,4.49,7.44,-0.66,-0.08,-0.28,-0.34,3.85,3.68,3.68,7.53, , , , , , , , ,-3.2,-1.8,0.86,4.03,0.47,1.66,0.18,5.18,7.66,5.62,1.93,-1.36, ,4.69, ,0.82,1.85, ,4.3,4.33, , , ,-4.64, , ,1.58, ,-0.85,3.69, ,-1.36,-0.43,2.36,3.45,-0.03,1.54,0.29,4.88,4.79,4.12,2.86,-0.23, ,5.26, ,2.05,-1.78, ,3.68,2.69, , , ,-0.79, , ,0.09,1.25,1.38,3.84,5.24,-11.33,-10.02,-10.03,14.46,15.83,15.66,3.27,1.05,4.89,4.1,,,,
227,97052708,11/3/2025,16:12:56,,,0.99,2.15,0.49,0.41,5.99,5.43,5.63,6.41,-0.35,0.96,-0.15,1.72,3.76,2.73,3.73,5.04, , , , , , , , ,-2.22,-1.6,0.2,3.58,0.21,1.26,0.61,4.06,5.45,4.06,2.92,-1.24, ,7.43, ,0.87,1.23, ,5.05,3.94, , , ,-4.59, , ,2.57, ,-0.95,3.45, ,-2.54,-0.6,2.78,3.97,0.62,1.6,0.68,4.19,5.68,4.83,1.4,-2.95, ,4.81, ,1.39,-0.05, ,3.16,2.99, , , ,0.76, , ,1.17,1.29,2.07,3.84,4.91,-11.49,-10.54,-10.35,14.51,15.33,15.6,3.24,1.48,4.44,4.07,,,,
228,97069157,11/3/2025,16:13:47,,,0.54,0.87,-0.31,-2.09,5.69,5.13,4.46,8.22,-1.07,-0.98,-0.19,-1.39,4.43,3.61,3.36,8.02, , , , , , , , ,-4.15,-1.96,0.7,3.83,0.07,1.27,0.35,4.05,5.79,4.0,2.11,-2.7, ,5.6, ,0.74,2.05, ,4.18,4.35, , , ,-4.19, , ,1.76, ,-0.7,3.66, ,-2.82,-0.69,3.21,4.0,0.61,1.5,0.97,5.0,5.05,3.92,2.1,-1.76, ,5.5, ,1.57,-0.13, ,3.6,3.27, , , ,-0.91, , ,1.82,0.89,1.08,3.96,4.57,-11.66,-10.78,-10.61,14.45,15.72,15.74,3.54,1.47,4.92,4.08,,,,
229,97052682,11/3/2025,16:14:41,,,0.34,0.53,-0.13,-1.81,5.39,5.11,5.42,5.69,0.46,0,-0.36,1.54,3.22,2.17,2.87,4.41, , , , , , , , ,-3.01,-2.2,0.4,3.61,0.29,1.72,0.07,5.39,7.18,4.83,3.0,-2.17, ,5.2, ,0.92,1.52, ,4.73,4.52, , , ,-3.31, , ,1.77, ,-0.51,3.41, ,-2.53,-0.79,3.08,4.21,-0.28,0.91,0.29,4.46,5.29,4.8,0.78,-3.68, ,4.1, ,1.14,0.63, ,3.7,3.63, , , ,0.64, , ,1.64,1.37,2.36,3.95,4.82,-11.88,-10.65,-10.71,14.94,15.37,15.58,3.33,1.55,4.03,4.63,,,,
230,97052666,11/3/2025,16:15:32,,,0.65,0.8,0.47,-1.73,4.99,4.7,4.79,5.64,-1.86,-1.29,-0.75,-0.64,3.99,2.9,3.35,4.47, , , , , , , , ,-1.36,-1.51,-0.16,3.29,0.44,1.72,0.44,5.5,6.73,4.53,3.43,-1.1, ,6.55, ,0.92,0.93, ,5.27,3.68, , , ,-3.04, , ,2.64, ,-0.05,3.9, ,-2.39,-0.08,3.46,3.67,1.14,1.1,1.66,4.55,5.73,4.89,1.44,-2.25, ,3.76, ,1.46,-0.66, ,3.35,2.55, , , ,-0.78, , ,2.03,0.75,1.17,4.31,4.82,-11.3,-10.47,-10.42,14.66,15.41,15.53,3.92,1.16,4.4,4.15,,,,
231,97069181,11/3/2025,16:16:22,,,1.47,0.59,-0.31,-3.19,5.41,5.1,1.25,8.37,-1.03,-1.86,-0.41,-2.06,4.66,3.58,3.96,7.6, , , , , , , , ,-3.25,-1.83,1.8,4.26,0.37,0.42,0.65,4.38,3.24,4.61,0.69,-2.01, ,7.53, ,0.45,2.34, ,5.07,4.71, , , ,-4.54, , ,2.86, ,-1.14,3.49, ,-1.56,-0.58,2.44,3.81,0.4,1.38,0.74,5.19,4.52,3.27,2.51,-1.56, ,5.29, ,1.82,-0.61, ,4.34,3.45, , , ,0.31, , ,1.32,1.1,1.61,3.83,4.78,-11.52,-11.13,-10.7,14.34,15.34,15.45,3.77,1.64,5.2,4.24,,,,
232,97052641,11/3/2025,16:17:13,,,0.19,1.02,-0.2,-2.21,4.88,4.51,3.89,7.21,-1.39,-0.54,-0.32,-0.85,4.6,4.07,3.87,7.82, , , , , , , , ,-2.06,-2.06,0.12,3.38,0.28,1.86,0.21,4.56,6.01,4.14,3.19,-1.21, ,7.6, ,0.94,0.78, ,5.32,3.6, , , ,-4.11, , ,3.58, ,-0.79,3.94, ,-0.92,-0.54,2.16,3.13,0.29,1.23,0.75,5.03,4.88,3.73,2.92,-0.79, ,7.06, ,1.81,-1.25, ,5.11,2.46, , , ,-1.19, , ,2.95,0.6,1.01,3.7,3.95,-11.81,-10.43,-10.54,14.34,15.4,15.6,3.27,1.76,4.37,4.1,,,,
233,97052997,11/3/2025,16:18:07,,,1.15,1.03,-0.08,-1.96,6.15,5.62,5.36,7.92,-0.56,-1.25,-0.2,-1.85,4.18,4.04,3.01,7.72, , , , , , , , ,-2.25,-1.63,0.03,3.29,1.21,1.67,0.89,3.97,5.53,3.61,3.16,-1.4, ,7.57, ,1.01,1.34, ,5.54,4.09, , , ,-3.49, , ,2.7, ,-1.0,3.33, ,-2.28,-0.38,2.67,4.67,0.58,1.34,0.74,5.15,4.93,4.07,2.6,-1.14, ,6.23, ,1.81,-0.89, ,4.51,2.79, , , ,-0.98, , ,1.86,0.93,1.4,3.92,4.44,-11.03,-10.47,-10.41,15.02,15.79,15.86,3.59,1.61,5.05,3.7,,,,
234,97069165,11/3/2025,16:19:06,,,0.4,-0.04,-0.27,-2.59,5.17,4.73,4.97,5.95,0.1,-1.13,-0.45,-0.54,3.71,2.65,2.82,4.17, , , , , , , , ,-2.81,-1.64,0.18,3.63,0.72,1.57,0.55,4.87,6.38,4.29,2.63,-1.84, ,6.16, ,0.83,1.72, ,4.88,4.63, , , ,-3.58, , ,1.84, ,-0.25,3.68, ,-1.53,-0.63,2.49,3.71,0.82,1.48,0.9,5.54,5.54,4.69,2.48,-1.5, ,6.46, ,1.73,-0.47, ,4.31,1.54, , , ,-0.99, , ,2.23,0.94,1.23,3.76,4.1,-11.77,-10.37,-10.63,14.54,15.02,15.35,4.0,1.7,4.25,4.29,,,,
235,97057780,11/3/2025,16:20:00,,,0.47,1.69,0.23,-0.26,5.01,4.45,4.99,5.22,-2.09,-0.12,-0.39,0.3,3.92,2.95,3.45,4.96, , , , , , , , ,-1.33,-1.23,-0.14,3.55,0.38,1.36,0.61,4.45,6,4.67,3.3,-1.03, ,5.61, ,0.97,0.46, ,4.43,3.89, , , ,-2.93, , ,1.68, ,0.15,3.55, ,1.26,-0.34,-0.12,3.69,0.53,1.57,0.87,5.28,4.35,3.37, ,0.69, ,6.78, ,2.5,-1.2, ,4.79,1.56, , , ,-0.29, , ,1.28,1.13,1.69,3.85,4.84,-11.15,-10.64,-10.48,14.3,15.45,15.56,3.54,1.32,4.44,3.79,,,,
236,97052971,11/3/2025,16:20:57,,,-0.4,0.37,-0.17,-1.89,4.47,5.08,5.2,5.8,-0.1,-1.13,-0.79,-0.24,3.67,2.41,2.68,4.91, , , , , , , , ,-1.17,-1.87,-0.19,3.59,0.12,1.56,-0.6,4.14,6.25,5.55,3.62,-0.53, ,5.37, ,1.1,1.16, ,5.38,5.69, , , ,-3.47, , ,0.62, ,-0.18,2.86, ,-2.48,-0.72,2.63,3.36,0.66,1.78,0.6,4.86,5.18,4.28,2.27,-1.72, ,5.21, ,1.64,-0.22, ,4.19,3.09, , , ,-0.9, , ,1.31,1.31,1.62,3.64,4.98,-11.31,-10.68,-10.53,14.92,15.4,15.77,4.16,1.76,5.0,4.52,,,,
237,97052955,11/3/2025,16:21:47,,,0.61,1.8,0.55,-0.3,5.02,5.13,5.67,5.06,-0.88,-1.56,-0.2,-0.99,4.21,2.91,3.13,4.71, , , , , , , , ,-4.33,-2.18,1.47,4.04,1.16,1.92,0.49,4.03,6.44,5.18,1.11,-2.81, ,6.45, ,0.57,2.6, ,4.68,5.29, , , ,-4.87, , ,2.34, ,-0.74,3.54, ,-1.66,-0.32,2.77,3.38,1.21,0.88,1.34,4.54,5.23,4.23,2.54,-0.66, ,5.16, ,1.79,-0.91, ,3.93,3.16, , , ,-0.93, , ,0.85,1.15,1.38,3.62,4.64,-11.36,-10.6,-10.36,14.44,15.04,15.33,3.5,1.62,4.29,4.26,,,,
238,97069173,11/3/2025,16:25:21,,,-1.02,-0.07,-0.56,-2.96,4.47,3.87,3.54,7.26,-1.06,-1.31,0.23,-1.78,4.92,4.08,3.43,7.13, , , , , , , , ,-3.73,-1.99,0.39,3.44,0.56,1.63,0.3,4.17,5.85,4.16,2.87,-2.92, ,6.24, ,0.74, , ,4.96, , , , ,-3.66, , ,2.1, ,-0.03,3.53, ,-2.42,-0.63,3.57,4.04,1.02,1.51,0.77,5.23,4.57,4.18,1.01,-2.94, ,2.54, ,1.47,0.63, ,3.53,4.5, , , ,0.94, , ,0.2,1.57,2.51,3.7,5.41,-11.51,-10.89,-10.61,13.7,14.99,15.31,3.68,1.37,5.28,3.96,,,,
239,97052930,11/3/2025,16:26:26,,,-0.52,-0.15,-0.19,-2.83,4.95,4.82,5.08,5.6,-0.68,0.04,0.0,1.27,3.98,2.98,3.13,4.77, , , , , , , , ,-3.65,-1.59,0.98,3.65,0.64,1.6,0.55,3.98,6.31,4.75,2.37,-2.07, ,6.73, ,0.71,1.87, ,4.96,4.79, , , ,-3.65, , ,2.75, ,-0.73,3.72, ,-3.07,-0.39,5.15,4.26,1.65,0.87,1.46,4.6,4.44,4.79,-0.03,-2.35, ,4.31, ,1.33,0.84, ,3.33,4.13, , , ,-1.42, , ,2.07,0.91,1.26,3.91,4.53,-11.36,-10.74,-10.33,14.87,15.41,15.46,3.43,1.06,3.87,4.38,,,,
240,97052559,11/3/2025,16:30:08,,,-0.9,-0.62,-0.98,-3.61,4.64,3.68,4.21,6.36,-1.1,-1.51,0.11,-2.53,4.65,4.74,4.16,8.59, , , , , , , , ,-0.9,-1.72,-0.06,3.34,0.64,1.9,0.54,4.81,6.67,4.05,4.5,0.33, ,6.39, ,1.88,0.97, ,5.52,3.71, , , ,-4.03, , ,2.25, ,-0.54,3.45, ,-1.53,-0.5,2.06,3.5,1.0,1.58,0.92,5.3,4.96,3.48,3.16,-0.68, ,5.58, ,1.94,-0.75, ,3.93,2.85, , , ,-0.74, , ,1.24,1.09,1.46,3.9,4.87,-11.49,-10.81,-10.54,14.69,15.55,15.7,3.59,1.35,4.44,4.34,,,,
241,97047435,11/3/2025,16:32:02,,,-1.1,-0.19,-0.86,-1.98,5.09,4.57,5.18,5.42,-0.27,-0.53,-0.17,0.51,3.64,2.78,3.16,4.76, , , , , , , , ,-3.45,-1.98,1.32,4.34,0.48,1.77,0.44,4.49,6.12,4.93,1.72,-2.18, ,7.47, ,0.73,2.31, ,5.07,4.48, , , ,-4.14, , ,2.81, ,-1.08,3.2, ,-1.33,-0.56,2.35,2.99,1.17,1.44,1.12,4.55,4.75,3.75,2.43,-0.78, ,5.44, ,2.02,-0.61, ,4.39,3.65, , , ,-0.23, , ,1.53,1.43,2.17,3.76,5.0,-11.29,-10.58,-10.4,15.18,14.6,15.44,3.89,1.98,4.07,5.33,,,,
242,97052989,11/3/2025,16:37:24,,,-0.81,-0.26,-0.3,-3.1,5.24,4.63,3.72,7.99,-1.18,-0.81,0.17,-1.21,4.7,4.36,3.24,7.58, , , , , , , , ,-2.55,-1.52,0.21,4.08,1.08,2.24,0.17,4.58,5.67,4.0,2.52,-2.11, ,5.57, ,0.76,1.65, ,4.57,4.11, , , ,-3.71, , ,1.47, ,-0.23,3.53, ,-0.63,-0.44,3.06,3.37,1.11,1.8,1.04,4.96,4.02,3.48,2.49,-0.43, ,4.11, ,1.75,-1.38, ,3.83,3.75, , , ,-0.09, , ,1.17,1.3,1.92,4.03,5.21,-11.62,-10.91,-10.69,14.1,14.99,15.29,3.66,2.04,4.87,4.29,,,,
243,97052963,11/3/2025,16:38:22,,,-0.97,-0.33,-0.64,-2.04,4.53,4.75,4.86,5.3,-0.28,-0.83,-0.65,0.45,3.86,2.72,2.88,4.58, , , , , , , , ,-2.64,-1.85,0.48,4.01,0.34,1.88,0.31,4.3,5.94,4.68,2.2,-1.41, ,5.25, ,0.88,1.37, ,4.32,5.03, , , ,-3.46, , ,0.75, ,-0.3,3.73, ,-1.53,-0.7,1.93,3.86,1.05,1.61,0.76,4.64,4.8,4.35,1.56,-0.97, ,3.34, ,1.63,-0.89, ,3.24,4.2, , , ,0.22, , ,0.34,1.43,2.19,3.85,5.32,-11.28,-10.95,-10.64,14.21,15.04,15.4,4.27,1.75,4.91,4.35,,,,
244,97052948,11/3/2025,16:42:38,,,-1.71,-1.29,-1.45,-3.52,4.27,5.56,5.04,6.92,-0.11,-0.54,0.01,0.11,3.4,2.48,2.51,4.54, , , , , , , , ,-2.71,-1.99,-0.01,3.45,0.17,2.08,0.0,4.93,6.85,4.66,2.79,-1.9, ,4.25, ,0.86,1.32, ,5.22,5.79, , , ,-3.76, , ,0.36, ,-0.01,2.91, ,-2.19,-0.78,2.96,3.4,0.47,1.3,0.8,4.65,4.47,3.85,1.88,-1.45, ,5.73, ,1.55,-0.85, ,4.48,3.58, , , ,-0.3, , ,1.33,0.92,1.26,3.55,4.41,-11.75,-10.97,-10.87,14.56,14.89,15.57,3.61,1.64,4.32,4.65,,,,
245,97052922,11/3/2025,16:49:44,,,-1.13,-0.27,-0.85,-1.66,5.19,4.4,5.13,4.95,-0.93,-0.96,-0.32,2.08,4.06,3.19,3.23,3.69, , , , , , , , ,-3.56,-1.79,1.42,4.23,0.86,2.18,0.77,4.06,6.52,4.57,1.29,-3.22, ,5.25, ,0.54,2.62, ,4.42,5.11, , , ,-2.84, , ,2.31, ,0.06,3.74, ,-1.29,-0.6,0.74,4.02,1.08,1.24,1.17,4.66,4.34,3.88,2.05,-1.18, ,5.35, ,1.49,-1.14, ,4.48,3.45, , , ,-0.13, , ,1.98,1.12,1.74,3.82,4.59,-11.37,-10.43,-10.37,14.56,14.73,15.41,3.1,1.63,3.91,4.7,,,,
246,97052914,11/3/2025,16:50:40,,,-1.35,-0.04,-0.99,-2.46,5.39,3.98,4.48,6.67,-0.86,-1.05,0.15,-1.12,4.63,4.04,3.41,8.01, , , , , , , , ,-2.89,-1.82,0.73,3.91,0.21,0.54,0.51,4.49,2.63,4.15,2.27,-2.08, ,5.69, ,0.73,1.82, ,5.07,4.19, , , ,-3.46, , ,2.21, ,-0.07,3.55, ,-2.08,-0.45,2.59,3.62,0.4,1.52,0.73,4.59,4.8,3.76,2.37,-2.04, ,5.21, ,1.64,-0.39, ,3.76,3.09, , , ,-0.01, , ,1.57,1.08,1.72,3.78,4.62,-11.37,-10.5,-10.48,14.15,15.37,15.37,3.22,1.41,4.37,3.87,,,,
247,97052575,11/3/2025,16:51:31,,,-1.24,0.16,-0.5,-2.13,5.1,4.68,4.75,6.84,-0.85,-1.42,-0.16,-1.27,4.54,3.92,3.46,7.94, , , , , , , , ,-2.64,-1.96,1.38,4.13,0.58,1.69,0.25,4.09,6.15,4.59,1.48,-0.99, ,5.64, ,0.98,1.74, ,4.47,4.96, , , ,-4.51, , ,1.87, ,-0.83,3.59, ,-3.91,-0.5,6.05,4.54,0.76,1.28,0.81,4.45,4.63,4.65,2.88,-2.4, ,2.48, ,1.32,0.25, ,3.48,5.42, , , ,-1.54, , ,1.36,1.09,1.24,3.46,4.3,-11.5,-10.57,-10.58,14.19,15.84,15.66,3.48,1.6,4.73,4.23,,,,
248,97052633,11/3/2025,16:52:28,,,-1.65,-0.69,-0.93,-3.72,4.72,4.56,4.33,7.27,-0.71,-0.99,0.31,-0.79,4.84,4.22,2.94,7.15, , , , , , , , ,-2.97,-1.99,0.57,3.58,0.61,1.83,0.4,4.26,6.2,4.2,2.37,-2.13, ,6.08, ,0.76,1.54, ,5.02,4.34, , , ,-3.35, , ,2.28, ,-0.16,3.81, ,-1.26,-0.48,2.89,3.38,0.67,1.5,1.0,4.3,4.84,3.77,2.45,-1.04, ,3.92, ,1.7,-1.25, ,3.81,3.83, , , ,0.01, , ,0.96,1.4,2.06,3.85,5.07,-11.12,-10.63,-10.32,14.52,15.5,15.6,3.34,1.29,4.33,4.29,,,,
249,97052617,11/3/2025,16:53:18,,,-1.44,0.31,-0.59,-2.24,5.6,4.19,4.28,6.54,-1.0,-0.67,0.1,-0.93,4.56,3.96,3.14,7.47, , , , , , , , ,-2.5,-1.88,0.38,3.81,0.48,1.64,0.39,4.42,5.88,4.04,2.47,-2.26, ,5.92, ,0.8,1.53, ,4.85,4.63, , , ,-3.13, , ,1.92, ,0.21,3.57, ,-0.68,-0.41,3.28,3.52,0.45,1.33,0.87,4.93,4.44,4.1,2.42,-0.68, ,4.34, ,1.65,-2.08, ,4.22,3.09, , , ,0.19, , ,1.33,1.25,1.93,3.95,4.79,-11.81,-10.85,-10.78,14.75,15.26,15.63,3.38,1.99,4.41,4.54,,,,
250,97052609,11/3/2025,16:55:12,,,-1.28,-0.8,-1.31,-3.85,4.8,4.82,4.47,7.79,-0.89,-0.41,0.2,0.06,4.91,4.28,3.38,7.49, , , , , , , , ,-0.93,-1.74,0.14,3.73,0.07,1.96,0.11,4.34,5.6,4.43,3.25,-0.59, ,6.13, ,1.07,0.22, ,4.66,3.76, , , ,-3.18, , ,2.3, ,-0.3,3.73, ,0.06,-0.8,1.99,3.21,0.4,1.52,0.47,5.06,4.33,3.66,3.45,0.15, ,5.39, ,2.18,-1.2, ,3.88,1.84, , , ,-0.16, , ,1.67,1.42,2.12,3.88,5.08,-11.5,-11.05,-10.76,13.9,15.72,15.73,3.65,1.37,5.15,4.01,,,,
251,97052583,11/3/2025,16:56:03,,,-1.64,0.02,-1,-2.52,5.05,5.01,4.93,7.49,-1.15,-1.2,-0.35,-1.12,4.24,3.8,3.39,8.01, , , , , , , , ,-2.36,-1.86,1.73,4.2,0.67,1.88,0.29,4.01,6.15,4.89,1.06,-1.64, ,6.52, ,0.8,1.65, ,4.69,4.85, , , ,-4.14, , ,2.29, ,-0.61,3.58, ,-2.96,-0.63,2.37,4.54,0.43,1.63,0.78,4.82,4.57,4.26,1.72,-2.98, ,4.57, ,1.35,0.01, ,3.29,2.73, , , ,0.24, , ,1.9,1.25,2.12,3.88,4.9,-11.08,-10.68,-10.42,14.45,15.81,15.44,3.26,1.77,5.02,4.07,,,,
252,97052591,11/3/2025,16:56:58,,,-1.78,-0.19,-1.11,-2.51,5.42,4.2,4.57,6.07,-0.81,-0.78,0.53,-0.91,4.58,4.29,3.27,8.16, , , , , , , , ,-2.09,-2.1,0.68,3.55,0.19,1.82,0.43,4.32,5.76,3.65,2.99,-1.3, ,6.59, ,0.8,0.63, ,5.24,3.51, , , ,-2.85, , ,3.27, ,-0.4,3.95, ,-3.29,-0.8,5.61,4.92,0.85,1.51,0.7,4.39,4.87,4.73,-0.41,-2.26, ,3.38, ,1.31,-0.25, ,3.66,4.53, , , ,-0.67, , ,0.99,1.44,1.71,3.18,4.3,-11.22,-10.78,-10.38,14.67,15.68,15.72,3.51,1.23,4.51,3.99,,,,
253,97052567,11/3/2025,16:57:48,,,-1.65,-0.28,-1.33,-1.89,5.45,5.78,5.74,6.08,-0.68,-0.53,-0.38,0.94,3.89,2.34,2.82,4.02, , , , , , , , ,-0.84,-1.88,-0.43,3.42,0.42,2.1,0.41,4.35,5.81,4.13,3.78,-0.67, ,6.99, ,1.18,0.56, ,5.21,3.25, , , ,-4.09, , ,2.87, ,-1.07,3.74, ,-2.5,-0.31,3.67,3.83,0.87,1.16,1.12,4.61,4.43,4.11,1.44,-2.12, ,4.7, ,1.48,-0.8, ,3.77,4.35, , , ,0.02, , ,0.81,1.4,2.06,3.71,4.92,-11.56,-10.33,-10.45,14.59,15.44,15.58,3.33,1.93,4.55,4.62,,,,
254,97052625,11/3/2025,16:59:33,,,-1.53,-0.26,-0.74,-3.08,5.04,4.67,4.5,7.39,-1.55,-1.68,-0.09,-1.63,4.41,4.45,3.9,8.11, , , , , , , , ,-1.91, ,1.32, ,0.49,2,0.69,4.25,5.54,4.42,1.88,-1.09, ,6.82, ,1.01,1.92, ,4.13,4.05, , , ,-3.96, , ,2.7, ,-0.85,3.89, ,-1.92,-0.65,1.02,3.97,1.01,1.26,1.03,4.72,4.48,3.68,1.67,-2.26, ,4.63, ,1.49,-0.48, ,4.22,4.14, , , ,0.36, , ,1.79,1.34,2.15,3.9,5.16,-11.79,-10.46,-10.63,14.49,15.21,15.36,3.37,1.61,3.93,4.69,,,,
255,97056881,11/3/2025,17:00:23,,,-1.27,0.21,-0.69,-2.17,5.69,5.07,5.08,7.21,-0.94,-0.03,-0.31,0.25,4.51,3.86,3.45,7.81, , , , , , , , ,-1.81,-1.89,-0.18,3.73,0.28,1.84,0.54,4.23,5.59,3.91,3.37,-0.5, ,5.19, ,1.12,0.39, ,4.58,3.83, , , ,-4.37, , ,1.29, ,-0.87,3.72, ,-2.06,-0.76,4.22,3.63,0.67,1.48,0.83,4.71,4.32,3.26,1.12,-1.96, ,4.5, ,1.43,-1.06, ,4.5,4.76, , , ,-0.08, , ,1.51,1.32,1.82,3.75,4.63,-11.51,-12.13,-11.28,14.46,14.57,15.18,3.29,1.58,4.46,4.69,,,,
256,97056865,11/3/2025,17:01:22,,,-0.95,0.01,-0.75,-2.82,5.4,4.53,4.71,6.7,-0.65,-1.17,0.04,-0.08,4.24,4.52,3.84,7.85, , , , , , , , ,-2.12,-1.69,0.21,3.91,0.05,1.31,1.19,4.17,5.05,4.01,2.62,-1.68, ,5.33, ,0.87,0.83, ,4.38,4.75, , , ,-3.65, , ,1.02, ,0.1,3.68, ,-0.96,-0.71,4.22,3.73,0.47,1.89,0.4,4.28,4.3,3.57,1.63,-0.16, ,5.35, ,1.96,-1.13, ,4.3,4.0, , , ,-1.03, , ,1.99,0.89,1.22,3.79,4.28,-11.5,-10.9,-10.61,14.09,15.54,15.62,3.46,1.92,4.14,4.25,,,,
257,97056873,11/3/2025,17:03:08,,,-1.51,0.09,-0.43,-2.45,4.62,4.08,4.13,6.05,-1.25,-1.35,0.21,-1.54,4.29,4.17,3.32,7.87, , , , , , , , ,-3.64,-1.94,0.31,3.42,0.53,1.9,0.53,4.28,6.21,4.4,2.44,-2.31, ,5.4, ,0.72,1.85, ,4.63,4.18, , , ,-5.56, , ,2.1, ,-0.71,3.86, ,-2.04,-0.97,3.21,3.57,0.77,1.47,0.41,4.71,4.47,3.78,1.54,-2.18, ,4.3, ,1.47,-0.43, ,3.76,4.31, , , ,0.59, , ,1.06,1.47,2.07,3.83,5.0,-11.7,-10.34,-10.58,14.59,15.29,15.41,3.41,1.88,4.21,4.55,,,,
258,97056840,11/3/2025,17:03:58,,,-1.65,-0.78,-1.36,-2.35,4.93,4.85,5.34,5.47,-0.82,-0.55,-0.06,0.38,4.01,2.77,3.03,4.46, , , , , , , , ,-1.32,-1.49,0.94,4.12,0.22,2.23,0.53,4.29,6.59,4.95,2.04,-0.68, ,6.73, ,0.93,0.76, ,4.64,3.44, , , ,-5.14, , ,3.01, ,-0.95,3.63, ,-1.96,-0.79,3.17,3.24,1.34,1.0,1.15,4.68,5.06,3.85,2,-1.2, ,3.69, ,1.65,-1.11, ,3.91,4.31, , , ,-0.4, , ,0.72,1.57,1.88,3.97,5.32,-11.67,-10.79,-10.57,14.96,15.09,15.66,3.26,1.38,3.91,4.76,,,,
259,97056857,11/3/2025,17:04:49,,,-1.06,-0.4,-0.48,-3.66,5.16,4.04,3.99,6.46,-1.09,-0.95,0.41,-0.85,4.7,4.66,3.64,7.91, , , , , , , , ,-2.4,-1.93,0.23,3.33,0.68,1.5,1.13,4.64,5.91,3.8,3.01,-2.03, ,6.69, ,0.75,1.35, ,5.26,3.57, , , ,-3.84, , ,2.7, ,-0.32,4.0, ,-2.37,-0.83,1.48,4.23,1.22,1.45,0.64,4.28,4.75,4.19,2.18,-1.59, ,4.34, ,1.53,-1.26, ,3.5,2.98, , , ,-0.52, , ,1.81,1.15,1.77,4.04,5.02,-11.69,-10.66,-10.52,14.79,15.67,15.82,3.66,1.38,4.43,3.83,,,,
260,97056824,11/3/2025,17:05:40,,,-1.57,-0.46,-1.31,-1.54,4.97,4.06,5.58,4.2,-1.15,-0.71,-0.4,0.07,4.14,3.11,3.64,5.74, , , , , , , , ,-2.95, ,1.65, ,0.71,1.64,0.85,4.25,6.22,4.89,1.67,-1.77, ,5.9, ,0.79,1.4, ,4.23,4.34, , , ,-3.84, , ,2.39, ,-0.19,3.92, ,-2.38,-0.78,2.39,3.23,1.56,1.22,0.84,4.54,4.59,4.0,1.84,-1.85, ,3.87, ,1.52,-0.66, ,3.81,4.68, , , ,-0.61, , ,0.97,1.38,1.93,3.9,5.05,-11.92,-10.61,-10.62,14.5,15.45,15.41,3.45,1.63,4.11,4.1,,,,
261,97056832,11/3/2025,17:06:30,,,-0.98,0.74,-0.78,-0.35,4.99,4.32,5.29,4.4,-1.47,-0.69,0.02,0.05,4.39,2.85,3.54,5.34, , , , , , , , ,-2, ,0.89, ,0.16,2.07,0.36,4.36,6.02,4.66,2.28,-1.0, ,7.13, ,0.98,1.86, ,4.67,3.32, , , ,-5.05, , ,3.03, ,-0.73,4.06, ,-2.36,-0.67,2.62,3.1,1.42,1.44,0.92,4.72,4.85,3.83,2.22,-2.37, ,5.02, ,1.45,-0.95, ,3.67,2.14, , , ,-0.52, , ,2.15,1.06,1.77,3.97,4.86,-11.62,-11.35,-10.74,15.02,15.63,15.77,3.89,2.11,4.06,4.56,,,,
262,97056816,11/3/2025,17:08:20,,,-0.86,0.11,-0.31,-2.59,5.18,3.87,4.15,6.07,-1.7,-0.79,0.18,-1.14,5.06,4.66,3.79,8.17, , , , , , , , ,-1.76,-1.86,0.3,3.56,0.4,2.15,0.58,4.33,5.91,4.12,2.8,-1.01, ,6.15, ,0.96,0.5, ,4.82,3.84, , , ,-3.61, , ,2.1, ,-0.06,3.91, ,-2.13,-0.68,2.28,3.72,1.48,1.52,1.14,5.12,4.26,3.48,1.95,-1.82, ,5.13, ,1.55,-0.88, ,4.03,3.64, , , ,-0.21, , ,2.01,1.08,1.63,4.04,4.7,-11.51,-11.4,-10.63,14.23,15.59,15.41,4.09,1.45,4.42,3.79,,,,
263,97056956,11/3/2025,17:10:59,,,-1.61,-2.33,-1.54,-3.48,4.85,4.6,4.97,4.87,-0.99,-0.83,0.32,-0.39,4.36,3.03,3.13,4.98, , , , , , , , ,-2.91,-1.47,2.45,4.46,-0.09,1.25,0.72,4.05,6.47,5.24,0.37,-1.87, ,6.63, ,0.89,2.63, ,4.49,5.64, , , ,-3.64, , ,2.2, ,-0.25,3.22, ,-1.62,-0.73,2.16,3.05,1.34,1.15,0.88,5.11,4.84,3.86,2.38,-1.13, ,5.52, ,1.84,-0.91, ,4.28,3.7, , , ,-0.33, , ,1.44,1.19,1.48,3.76,4.7,-10.99,-11.11,-10.47,14.68,15.12,15.34,3.77,1.47,4.58,4.19,,,,
264,97052542,11/3/2025,17:14:58,,,-1.94,-0.17,-1.75,-1.4,5.16,4.77,5.73,4.88,-0.88,-0.1,0.15,0.36,3.85,2.55,3.01,4.93, , , , , , , , ,-3.6,-1.78,0.63,3.67,0.49,1.87,0.42,4.71,5.65,4.79,2.03,-3.32, ,5.93, ,0.58,2.01, ,5.07,4.4, , , ,-2.93, , ,2.27, ,-0.31,3.62, ,-2.39,-0.6,5.23,4.6,1.51,1.45,0.93,4.57,5.28,5.04,-0.03,-2.47, ,2.53, ,1.42,0.16, ,3.0,4.19, , , ,0.31, , ,1.17,1.65,2.27,3.95,5.11,-11.38,-10.89,-10.5,14.21,14.78,15.2,3.97,1.32,4.6,4.28,,,,
265,97056931,11/3/2025,17:15:48,,,-0.92,-0.39,-1.04,-2.67,5.58,4.31,4.26,6.99,-1.36,-0.8,0.21,-0.84,4.79,4.23,3.59,7.68, , , , , , , , ,-4.2,-2.17,2.15,4.06,1.49,2.05,0.5,4.08,5.91,4.08,0.54,-3.03, ,6.28, ,0.71,3.61, ,4.79,6.13, , , ,-4.36, , ,1.76, ,-0.45,3.63, ,-2.02,-0.73,3.83,3.36,1.31,1.32,1.04,4.64,4.36,3.25,1.9,-0.15, ,5.26, ,1.85,-1.57, ,4.39,4.01, , , ,-2.3, , ,2.35,0.82,0.75,4.11,4.49,-11.45,-10.55,-10.29,13.77,15.6,15.23,3.57,1.65,4.45,3.88,,,,
266,97056972,11/3/2025,17:16:39,,,-0.88,-0.22,-1.21,-2.8,5.59,3.93,4.77,6.44,-1.6,-1.17,0.61,-1.52,4.4,4.11,1.21,8.32, , , , , , , , ,-3.42, ,1.26, ,0.34,2.18,0.56,4.27,6.01,4.37,1.31,-2.44, ,5.62, ,0.62,1.91, ,4.05,4.12, , , ,-4.64, , ,2.29, ,-0.79,4.01, ,0.15,-0.75,1.84,3.17,1.13,1.63,0.64,5.15,4.41,3.21,3.67,-0.11, ,5.17, ,2.3,-1.91, ,3.81,2.53, , , ,0.39, , ,0.84,1.49,2.02,4.07,5.42,-11.09,-11.13,-10.4,14.02,15.89,15.65,3.82,1.38,4.84,3.72,,,,
267,97056923,11/3/2025,17:17:32,,,-0.99,-0.35,-0.77,-2.69,5.12,3.97,4.13,6.48,-0.98,-0.74,0.47,-0.51,4.88,4.36,3.29,7.22, , , , , , , , ,-3.09,-2.09,0.28,3.61,0.27,1.93,0.44,4.32,5.62,3.88,2.65,-1.68, ,5.53, ,0.8,0.25, ,4.61,4.84, , , ,-3.05, , ,0.95, ,0.12,3.37, ,-0.94,-1.06,2.4,3.61,1.01,1.88,0.54,4.69,4.41,3.25,3.45,-0.11, ,6.59, ,2.39,-1.51, ,4.39,2.07, , , ,-0.96, , ,2.16,0.92,1.3,4.05,4.64,-11.44,-10.57,-10.48,14.27,15.29,15.32,3.77,1.27,4.71,4.04,,,,
268,97056964,11/3/2025,17:18:32,,,-1.31,1.47,0.26,0.08,5.25,3.85,5.02,3.98,-1.0,-2.23,-1.14,-1.76,3.66,3.81,3.45,5.84, , , , , , , , ,-3.13,-1.99,0.41,3.65,0.22,1.61,0.41,4.84,6.43,4.58,2.63,-2.29, ,5.41, ,0.84,1.03, ,4.65,4.56, , , ,-2.74, , ,1.85, ,0.5,3.69, ,-1.45,-0.91,1.19,3.6,1.28,1.19,0.73,4.66,4.39,3.6,2.13,-0.71, ,4.65, ,1.72,-1.63, ,4.35,4.05, , , ,-0.73, , ,1.28,1.27,1.58,3.79,4.88,-11.31,-10.93,-10.65,14.21,14.95,15.09,4.07,1.29,4.24,3.95,,,,
269,97056808,11/3/2025,17:20:17,,,-0.79,-0.11,-0.74,-2.6,5.35,3.67,4.39,6.19,-0.87,-0.71,0.63,-1.09,4.42,4.4,3.51,8.03, , , , , , , , ,-1.76,-1.62,0.4,3.31,-0.01,1.65,0.6,4.19,6.12,4.14,3.06,-0.92, ,4.78, ,0.94,1.51, ,4.82,4.85, , , ,-3.94, , ,1.72, ,-0.34,3.69, ,-3.54,-1.16,4.43,4.0,1.2,1.72,0.55,4.72,4.74,3.71,0.5,-2.36, ,4.08, ,1.35,-0.74, ,3.6,4.34, , , ,-1.07, , ,1.54,1.14,1.17,3.63,4.71,-11.78,-10.39,-10.44,-0.3,15.56,15.5,3.18,1.86,4.94,4.43,,,,
270,97056915,11/3/2025,17:21:08,,,-1.35,-0.53,-0.81,-2.03,4.97,3.63,4.25,4.31,-1.84,-0.45,0.37,0.3,3.97,3.26,3.32,4.53, , , , , , , , ,-2.5,-1.44,0.95,3.89,0.54,1.76,0.82,4.59,6.66,4.73,1.81,-1.23, ,5.44, ,0.89,1.69, ,3.95,3.89, , , ,-3.34, , ,1.8, ,-0.62,3.97, ,-1.07,-0.39,3.27,3.35,1.52,1.0,1.35,4.75,4.68,3.75,2.48,-0.27, ,5.52, ,2.04,-1.55, ,4.48,3.83, , , ,-1.44, , ,1.41,1.03,1.15,3.8,4.66,-11.44,-10.33,-10.4,14.74,15.46,15.54,3.36,1.16,4.43,4.34,,,,
271,97056949,11/3/2025,17:21:58,,,-1.06,0.45,-0.42,-1.27,5,3.93,4.97,4.49,-1.82,-0.77,0.2,0.1,3.52,2.89,2.93,5.16, , , , , , , , ,-2.55,-1.8,0.83,3.96,0.55,1.98,0.4,5.1,6.56,5.26,2.09,-1.5, ,5.21, ,0.89,1.79, ,4.09,4.25, , , ,-5.43, , ,1.89, ,-0.68,4.21, ,-1.76,-0.64,0.75,3.51,1.19,0.93,1.09,5.23,4.79,4.21,2.24,-1.33, ,4.81, ,1.77,-1.39, ,4.58,3.34, , , ,-0.41, , ,1.54,1.3,1.85,3.91,4.96,-11.27,-10.67,-10.64,14.61,15.2,15.38,3.65,1.66,4.41,4.19,,,,
272,97056899,11/3/2025,17:22:48,,,0.61,0.11,-0.74,-2.24,5.2,3.68,4.45,5.86,-1.73,-1.29,0.16,-1.53,4.44,4.51,3.24,8.2, , , , , , , , ,-2.52,-1.74,0.77,3.98,0.37,1.74,0.32,4.36,6.23,4.23,2.41,-1.61, ,5.6, ,0.9,1.94, ,4.65,4.02, , , ,-4.23, , ,2.66, ,-0.61,3.92, ,-1.6,-0.81,4.35,4.19,1.1,1.36,1.15,4.68,4.18,4.61,1.73,-0.8, ,3.71, ,1.76,-1.26, ,3.24,3.6, , , ,-0.41, , ,1.27,1.2,1.78,4.2,5.02,-11.89,-10.56,-10.63,14.32,15.13,15.32,3.62,1.97,4.17,4.08,,,,
273,97056907,11/3/2025,17:23:39,,,-1.61,-0.43,-0.67,-3.28,5.13,4.39,4.42,6.75,-1.97,-0.7,0.59,-0.87,5.04,4.52,3.3,7.57, , , , , , , , ,-1.34,-1.7,0.75,4.13,0.59,1.52,0.65,4.3,6.19,4.95,2.24,-0.61, ,5.12, ,1.03,1.37, ,4.03,3.89, , , ,-3.55, , ,1.62, ,-0.07,4.07, ,-0.43,-0.48,1.91,3.57,1.27,1.36,0.76,4.84,4.39,3.42,3.34,-0.82, ,5.94, ,2.23,-1.83, ,4.41,2.3, , , ,0.36, , ,1.36,1.3,1.83,3.83,4.82,-11.71,-10.96,-10.75,14.43,14.92,15.26,4.07,2.01,4.23,4.78,,,,
274,97056097,11/3/2025,17:24:34,,,-0.82,0.02,-0.9,-1.67,5.16,3.92,5.28,4.42,-0.23,-1,-0.24,0.02,3.67,2.84,2.92,5.06, , , , , , , , ,-4.6,-2.1,1.68,3.98,1.16,0.42,0.77,4.57,2.09,4.56,0.94,-3.37, ,6.06, ,0.4,2.31, ,4.95,5, , , ,-3.16, , ,2.49, ,-0.45,3.59, ,1.47,-0.76,0.42,2.3,0.75,1.51,0.04,4.9,3.47,2.55, ,1.78, ,10.25, ,2.88,-2.93, ,7.16,3.41, , , ,-0.81, , ,1.31,1.52,1.58,3.67,4.53,-11.62,-10.44,-10.43,14.99,15.5,15.53,3.4,1.86,3.93,4.27,,,,
275,97052534,11/3/2025,17:25:27,,,-1.03,0.06,-0.26,-1.54,5.17,4.43,4.88,4.63,-0.48,-0.8,-0.3,0.28,3.66,2.71,2.82,4.66, , , , , , , , ,-2.21,-1.91,0.22,3.91,0.38,1.85,0.31,4.58,6.22,4.68,2.64,-1.68, ,4.95, ,0.93,1.62, ,4.31,4.36, , , ,-2.61, , ,1.2, ,0.16,3.97, ,-1.08,-0.56,2.61,3.46,0.92,1.51,0.84,4.57,4.84,3.97,2.81,-1.56, ,6.26, ,1.87,-1.11, ,4.31,3.3, , , ,-0.05, , ,2.66,1.28,1.89,3.98,4.44,-11.54,-10.37,-10.36,14.81,15.34,15.54,3.7,1.63,4.05,3.86,,,,
276,97056089,11/3/2025,17:26:24,,,-1.67,-0.05,-0.73,-1.91,5,4.24,5.22,4.56,-0.19,-0.97,-0.2,0.12,3.68,3.18,3.1,5.3, , , , , , , , ,-1.88,-1.94,0.34,3.65,0.9,1.61,0.56,5.66,7.22,4.56,2.96,-0.78, ,4.84, ,0.89,0.83, ,4.51,3.81, , , ,-3.72, , ,1.93, ,-0.31,4.15, ,-0.46,-0.38,2.03,2.76,0.64,1.08,0.89,4.99,4.35,3.57,3.36,-0.31, ,6.85, ,2.12,-1.36, ,4.88,3.26, , , ,-0.31, , ,1.69,1.27,1.5,4.04,4.59,-11.35,-10.7,-10.47,14.84,14.83,15.31,3.98,1.73,3.73,4.6,,,,
277,97056063,11/3/2025,17:28:59,,,-1.05,1.46,-0.36,0.59,5.32,4.46,5.26,4.42,-0.38,-1.14,-0.31,-0.01,3.9,2.96,3.22,4.96, , , , , , , , ,-2.39,-1.72,1.41,3.93,0.55,1.75,0.47,4.0,5.93,4.61,1.55,-1.75, ,7.18, ,0.64,1.77, ,5.12,4.78, , , ,-4.34, , ,3.02, ,-0.25,3.9, ,-2.68,-0.51,2.27,4.24,0.56,1.23,0.76,4.53,4.76,4.45,1.49,-2.41, ,4.22, ,1.68,-0.07, ,3.25,3.05, , , ,-0.11, , ,1.8,1.47,1.94,4.22,5.22,-11.51,-10.55,-10.65,14.75,14.61,15.05,3.53,1.5,3.98,4.32,,,,
278,97056048,11/3/2025,17:30:54,,,-1.42,0.46,-0.61,-1.13,5.52,4.78,5.41,5.18,0.16,-0.85,-0.11,0.25,3.89,2.52,3.2,5.05, , , , , , , , ,-1.73,-2.07,0.53,3.97,0.24,2.03,0.01,4.23,5.56,4.05,2.39,-0.38, ,5.67, ,0.9,1.09, ,4.59,4.61, , , ,-3.23, , ,1.75, ,-0.19,3.76, ,-0.74,-0.39,3.2,3.32,0.57,1.44,0.47,4.77,4.53,3.32,2.4,-0.97, ,5.65, ,1.95,-0.94, ,4.37,3.65, , , ,0.05, , ,1.74,1.49,2.14,4.18,4.92,-11.51,-10.29,-10.3,14.77,14.67,15.27,3.21,1.36,4.03,4.49,,,,
279,97056071,11/3/2025,17:31:48,,,-1.18,-0.2,-0.74,-3.05,4.97,4.06,4.12,6.84,-1.09,-0.82,0.18,-0.62,4.71,4.64,3.11,7.69, , , , , , , , ,-2.77,-1.82,0.04,3.31,0.49,1.68,0.79,4.8,6.02,3.89,3.28,-2.73, ,6.04, ,0.7,1.71, ,5.4,4.62, , , ,-3.0, , ,2.52, ,0.35,3.6, ,-1.65,-0.6,3.0,4.35,0.87,1.11,0.56,4.6,4.57,3.51,2.47,-1.21, ,5.64, ,1.94,-1.0, ,4.42,3.79, , , ,-0.29, , ,1.25,1.39,1.91,3.79,4.59,-11.78,-10.29,-10.34,14.03,15.33,15.36,3.26,1.85,4.22,4.46,,,,
280,97056022,11/3/2025,17:33:36,,,-3.48,-0.46,-1,-3.3,4.67,4.44,4.25,7.34,-0.46,-0.33,0.68,-0.2,4.61,4.41,3.74,7.84, , , , , , , , ,-1.6,-2.25,0.14,3.5,0.1,1.96,-0.03,4.32,5.6,4.04,3.23,-1.44, ,6.64, ,0.89,1.36, ,5.2,4.21, , , ,-3.6, , ,2.44, ,0.08,3.88, ,-2.93,-0.9,2.8,3.37,0.67,1.65,0.4,4.86,4.46,3.76,1.87,-2.53, ,4.94, ,1.57,-0.28, ,4.36,4.18, , , ,-0.38, , ,2.25,1.29,1.66,3.66,4.35,-11.6,-11.02,-10.76,14.43,15.25,15.62,4.07,1.55,4.55,4.19,,,,
281,97056055,11/3/2025,17:34:36,,,-1.45,-0.02,-0.93,-1.72,4.88,3.91,5.17,4.47,-0.19,-0.87,0.01,0.26,3.79,2.95,2.95,4.98, , , , , , , , ,-3.04,-2.05,1.7,3.88,0.85,2.06,0.55,4.53,6.82,4.52,1.55,-2.52, ,6.94, ,0.56,2.04, ,5.09,4.54, , , ,-3.02, , ,3.2, ,-0.4,3.74, ,-0.31,-0.68,1.86,3.09,0.79,1.34,0.6,4.98,4.96,4.15,3.69,-0.15, ,6.15, ,2.54,-0.8, ,4.24,2.15, , , ,-0.03, , ,1.41,1.35,1.88,3.73,4.74,-11.84,-10.87,-10.84,14.29,14.96,15.25,3.49,1.69,4.11,4.36,,,,
282,97056014,11/3/2025,17:35:26,,,-1.29,-0.21,-0.2,-3.27,5.23,4.3,3,6.36,-0.43,-0.38,0.75,0.04,4.79,4.67,3.69,8.41, , , , , , , , ,-2.35,-1.99,0.31,3.35,0.04,1.27,0.61,4.22,5.55,3.9,3.26,-2.05, ,7.03, ,0.72,1.77, ,5.64,4.23, , , ,-2.85, , ,3.04, ,0.13,3.58, ,-1.99,-1.16,1.05,3.46,0.29,1.79,0.39,4.59,4.38,3.49,1.21,-2.4, ,2.65, ,1.42,-0.26, ,3.35,4.55, , , ,1.35, , ,0.91,1.72,2.67,4.15,5.49,-11.77,-11.0,-10.57,14.53,15.19,15.41,3.63,2.11,3.95,4.71,,,,
283,97052526,11/3/2025,17:36:17,,,-1.47,0.35,-0.63,-1.18,5.67,4.8,5.28,5.06,-0.11,0.19,0.74,1.31,3.78,3,2.83,4.76, , , , , , , , ,-0.92,-1.82,-0.46,3.48,0.45,1.94,0.36,4.11,5.36,3.89,3.35,-0.4, ,5.5, ,1.15,-0.25, ,4.64,4.54, , , ,-2.93, , ,0.89, ,0.46,3.72, ,-3.35,-1.09,4.04,4.46,0.87,1.62,0.55,4.34,5.51,4.8,1.27,-3.37, ,5.12, ,1.42,0.6, ,3.8,3.48, , , ,-0.76, , ,2.5,1.05,1.65,3.78,3.96,-11.22,-10.81,-10.61,14.72,14.87,15.74,4.1,1.21,4.07,4.44,,,,
284,97056006,11/3/2025,17:37:07,,,-1.44,-0.24,-0.53,-3.16,4.65,3.95,4.01,6.47,-0.64,-0.9,0.19,-0.84,4.69,4.74,3.41,8.12, , , , , , , , ,-2.85,-1.76,1.02,3.93,0.62,1.77,0.88,4.43,5.92,4.51,1.97,-2.36, ,6.56, ,0.72,1.66, ,4.72,4.31, , , ,-2.64, , ,2.3, ,-0.02,3.89, ,-0.9,-0.67,2.96,3.43,0.91,1.52,0.73,4.71,4.13,3.53,2.25,-1.17, ,4.98, ,1.58,-1.29, ,3.96,3.76, , , ,0.76, , ,1.37,1.25,1.95,4.01,4.93,-11.79,-10.96,-11.02,14.08,14.92,15.32,3.6,1.4,3.89,4.38,,,,
285,97055990,11/3/2025,17:37:57,,,-1.3,-0.08,-0.94,-1.65,5.47,4.67,5.37,5.0,-0.08,-0.15,0.09,0.98,3.52,3.03,3.0,4.81, , , , , , , , ,-1.36,-1.85,0.24,3.52,0.57,1.99,0.24,4.38,5.61,3.93,3.17,-1.12, ,6.84, ,0.84,0.52, ,5.22,3.82, , , ,-3.5, , ,2.88, ,-0.39,4.13, ,-0.65,-0.7,2.59,3.26,0.66,0.95,0.52,4.59,4.53,4.19,2.73,-0.96, ,6.52, ,1.63,-0.79, ,4.16,3.7, , , ,0.11, , ,1.68,1.19,1.82,3.89,4.69,-11.71,-10.4,-10.33,14.74,14.55,14.87,3.53,1.44,3.42,4.65,,,,
286,97055974,11/3/2025,17:44:21,,,-3.92,-0.5,-0.36,-3.56,4.76,4.17,2.9,6.94,-0.91,-0.64,0.44,-0.99,4.51,4.32,3.5,7.51, , , , , , , , ,-1.7,-1.63,0.41,3.58,0.75,1.34,1.14,5.17,6.03,4.29,3.14,-0.95, ,6.29, ,0.91,0.07, ,4.78,3.64, , , ,-2.75, , ,2.62, ,0.19,3.9, ,-0.4,-0.37,3.11,3.85,0.49,1.52,0.52,4.86,4.44,3.42,2.65,-0.68, ,4.51, ,1.66,-1.87, ,3.66,3.67, , , ,0.78, , ,0.27,1.63,2.47,3.71,5.2,-11.47,-11.01,-10.71,14.1,16.06,15.58,3.5,1.69,4.75,3.57,,,,
287,97055982,11/3/2025,17:45:23,,,-1.38,0.29,-0.84,-1.11,4.9,3.86,4.81,4.36,-0.35,-0.56,-0.18,0.48,3.75,3.21,3.1,5.29, , , , , , , , ,-2.77,-1.89,0.51,3.63,0.05,0.67,-0.44,4.41,3.21,4.43,2.63,-2.02, ,5.92, ,0.67,1.66, ,5.5,4.42, , , ,-3.49, , ,2.5, ,-0.18,3.68, ,-0.16,-0.57,2.66,2.99,0.71,1.24,0.7,4.73,4.45,3.41,2.62,-0.64, ,4.73, ,1.74,-1.5, ,3.92,3.6, , , ,0.64, , ,1.14,1.46,2.07,3.96,5.13,-11.52,-10.33,-10.33,14.65,14.69,14.96,3.19,1.05,3.97,4.87,,,,
288,97055958,11/3/2025,17:46:17,,,-1.14,-0.2,-0.41,-3.22,4.84,4.12,4.25,6.69,-0.71,-1.03,-0.1,-1.06,4.7,4.48,3.95,8.23, , , , , , , , ,0.05, ,-4.89, ,0.0,1.45,0.5,5.13,5.89,4.1,3.75,0.01, ,5.87, ,1.22,0.86, ,4.88,4.07, , , ,-3.9, , ,1.63, ,-0.44,3.62, ,-1.35,-0.49,2.29,4.54,0.26,1.52,0.39,4.5,4.69,3.9,3.34,-0.33, ,5.24, ,2.04,-2.31, ,3.79,3.17, , , ,-0.17, , ,1.12,1.55,1.78,3.67,4.8,-11.6,-10.48,-10.32,14.24,15.32,15.52,3.58,2.18,4.49,4.35,,,,
289,97055966,11/3/2025,17:47:16,,,-0.73,-0.38,-0.49,-3.3,5.34,4.09,4.29,6.88,-1.37,-1.15,0.25,-1.94,4.63,4.24,3.27,7.89, , , , , , , , ,-2.34,-2.11,1.54,3.87,0.49,0.57,0.4,4.5,1.92,4.11,1.65,-1.56, ,6.41, ,0.68,2.4, ,5.05,4.04, , , ,-3.7, , ,3.17, ,-0.8,4.03, ,-1.07,-0.46,2.83,3.42,0.66,1.21,0.97,5.16,4.55,3.91,2.69,-0.89, ,5.97, ,1.78,-1.45, ,4.13,3.24, , , ,-0.06, , ,2.24,1.2,1.63,4.15,4.55,-11.92,-11.78,-11.06,14.32,16.21,15.95,3.71,1.03,4.57,4.11,,,,
290,97055891,11/3/2025,17:48:23,,,-1.39,-0.35,-0.68,-2.24,5.27,4.64,5.33,5.19,-0.39,-0.67,0.28,0.12,4.45,2.87,3.19,5.04, , , , , , , , ,-4.34,-2.16,2.16,4.65,0.36,2.3,0.12,4.4,6.35,5.22,0.45,-3.02, ,6.31, ,0.6,3.14, ,3.87,4.53, , , ,-3.53, , ,2.12, ,-0.03,4.05, ,-2.1,-0.39,3.29,3.69,1.05,1.21,1.02,4.59,4.14,4.1,2.16,-1.23, ,4.45, ,1.66,-1.17, ,3.58,3.44, , , ,-0.36, , ,1.2,1.59,1.87,3.85,5.24,-11.5,-10.85,-10.44,14.23,15.52,15.33,3.6,2.0,4.33,4.17,,,,
291,97047674,11/3/2025,17:52:08,,,-0.77,-0.08,-0.54,-2.65,4.69,3.59,3.77,6.24,-2.55,-1.73,-0.87,-1.28,4.94,4.75,4.3,8.2, , , , , , , , ,-2.62,-1.41,1.15,3.95,0.89,1.76,0.67,4.04,5.97,4.17,1.78,-1.79, ,6.92, ,0.67,2.54, ,5.03,4.61, , , ,-3.79, , ,2.69, ,-0.45,3.81, ,0.64,-0.22,1.92,2.86,0.78,1.02,1.01,4.82,3.9,2.82,3.39,-0.67, ,7.31, ,1.88,-1.5, ,4.88,2.92, , , ,0.22, , ,2.58,1.44,2.43,3.98,4.65,-11.15,-11.05,-10.46,14.52,15.49,15.67,4.24,1.51,4.56,3.68,,,,
292,97055784,11/3/2025,17:54:45,,,-1.4,-0.67,-1.04,-3.66,5.2,4.53,4.48,7.45,-1.24,-0.39,0.55,-0.29,4.37,4.02,3.05,7.29, , , , , , , , ,-1.99,-1.98,0.54,3.82,0.49,2.02,0.34,4.24,5.62,3.73,2.48,-1.19, ,5.9, ,0.97,1.29, ,4.43,4, , , ,-3.74, , ,2.05, ,-0.32,3.7, ,-0.87,-0.89,2.16,3.22,0.98,1.44,0.54,4.25,4.34,3.2,3.59,-0.07, ,7.32, ,2.11,-1.55, ,4.77,3.43, , , ,-1.45, , ,2.22,1.29,1.5,3.76,4.27,-11.59,-10.5,-10.23,14.62,15.56,15.61,3.27,1.62,4.12,4.58,,,,
293,97055883,11/3/2025,17:57:38,,,-1.55,-0.49,-0.85,-3.36,4.71,4.18,3.82,7.1,-1.23,-0.68,0.32,-0.52,5.4,4.46,3.24,7.31, , , , , , , , ,-1.61,-1.65,0.52,3.58,0.35,1.89,0.35,4.21,6.09,3.68,2.33,-0.96, ,4.86, ,0.94,1.5, ,4.94,4.98, , , ,-2.6, , ,1.26, ,0.39,3.75, ,-0.55,-0.3,2.26,3.05,0.97,1.45,0.94,4.86,3.98,2.75,3.13,-1.1, ,6.42, ,1.73,-1.28, ,4.54,3.04, , , ,-0.27, , ,2.11,1.04,1.59,4.02,4.7,-11.62,-11.16,-10.62,14.44,14.92,15.24,3.82,1.69,4.11,4.14,,,,
294,97055768,11/3/2025,17:58:29,,,-0.96,-0.39,-0.42,-3.69,5.09,4.51,4.36,7.78,-1.11,-1.05,-0.55,-1.21,4.4,4.1,3.5,7.57, , , , , , , , ,-3.27,-2,0.93,3.81,1.12,2.08,0.61,4.29,6.17,4.16,1.73,-1.76, ,5.43, ,0.82,2.13, ,4.37,4.7, , , ,-3.67, , ,1.44, ,-0.45,3.5, ,-0.75,-0.7,3.83,3.62,1.06,1.5,0.62,4.71,4.33,3.72,2.32,-0.25, ,4.75, ,1.95,-1.65, ,4.07,3.86, , , ,-0.59, , ,1.48,1.29,1.79,3.77,4.65,-11.8,-11.04,-10.69,14.36,15.54,15.35,3.74,2.0,4.53,4.37,,,,
295,97055776,11/3/2025,17:59:19,,,-1.5,-0.11,-0.57,-1.77,5.58,4.59,5.2,4.93,-0.55,-0.71,-0.08,0.14,4.27,2.91,3.2,4.71, , , , , , , , ,-1.06,-1.84,-0.24,3.61,0.26,1.77,0.32,4.49,6.22,3.9,3.45,-0.43, ,4.59, ,1.07,0.73, ,4.67,4.07, , , ,-2.95, , ,1.3, ,0.37,3.92, ,1.67,-0.42,0.25,2.76,0.81,1.34,0.9,5.6,4.83,3.13, ,1.41, ,8.92, ,2.58,-2.61, ,4.95,0.96, , , ,-1.2, , ,2.85,0.94,1.38,4.34,4.45,-11.33,-10.94,-10.31,14.39,15.07,15.29,3.92,1.59,4.59,4.02,,,,
296,97055750,11/3/2025,18:00:34,,,-2.24,-0.59,-0.88,-3.56,3.63,4.01,4.12,7.11,-0.6,-1.21,-0.22,-1.04,4.85,4.82,3.4,7.89, , , , , , , , ,-2.87,-2.14,0.65,3.85,0.44,1.75,0.45,4.42,6.26,4.19,2.16,-1.69, ,5.67, ,0.77,1.65, ,4.55,4.24, , , ,-3.26, , ,1.8, ,-0.32,3.52, ,-1.53,-0.95,3.43,3.9,0.69,1.74,0.56,4.65,4.44,3.75,2.2,-1.35, ,4.94, ,1.67,-0.8, ,4.13,4.12, , , ,0.63, , ,1.04,1.36,2.06,3.73,4.6,-11.05,-11.4,-10.73,14.18,15.58,15.68,3.66,1.69,4.88,3.64,,,,
297,97055735,11/3/2025,18:23:39,,,-1.86,-0.22,-0.52,-3.16,4.94,4.1,3.81,7.06,-1.32,-1.41,-0.11,-1.5,4.65,4.56,3.64,8.06, , , , , , , , ,-2.39,-1.99,0.86,3.94,0.36,2.19,0.57,4.41,5.75,4.1,2.63,-1.73, ,6.96, ,0.87,1.34, ,4.91,3.75, , , ,-3.8, , ,3.09, ,-0.16,3.8, ,-1.13,-0.76,2.88,3.49,1.16,1.78,0.78,4.43,4.46,3.41,1.65,-1.6, ,3.93, ,1.48,-0.65, ,3.8,4.19, , , ,1.3, , ,0.74,1.61,2.5,3.69,5.18,-11.27,-10.95,-10.4,13.21,15.84,15.13,3.08,0.99,5.37,3.31,,,,
298,97055701,11/3/2025,18:25:24,,,-1.22,-0.49,-0.73,-3.54,4.37,3.91,3.45,7.21,-0.81,-1.06,0.04,-0.95,4.06,4.34,2.98,7.06, , , , , , , , ,-2.85,-2.35,0.03,3.56,0.18,1.65,0.02,4.64,5.9,3.97,3.09,-1.28, ,5.6, ,0.79,0.55, ,4.82,4.2, , , ,-4.93, , ,1.9, ,-0.85,3.5, ,-1.26,-0.7,2.8,3.36,0.58,1.49,0.61,4.41,4.63,3.87,2.81,-0.39, ,5.72, ,1.89,-1.56, ,4.66,3.6, , , ,-0.71, , ,1.39,1.17,1.66,3.56,4.34,-10.88,-10.73,-10.2,14.28,15.44,15.36,3.27,1.49,4.21,3.99,,,,
299,97055719,11/3/2025,18:29:41,,,-1.52,0.68,-0.21,-0.79,4.78,4.06,4.54,4.7,-0.51,-0.78,0.03,-0.15,4.14,3.27,3.22,5.2, , , , , , , , ,-2.82,-1.89,1.7,4.15,0.51,1.94,0.15,4.4,6.47,4.74,1.12,-1.86, ,4.93, ,0.71,2.23, ,4.06,4.82, , , ,-3.87, , ,2.05, ,-0.05,3.96, ,-1.76,-0.71,0.86,4.34,1.28,1.24,0.85,4.55,4.65,4.29,2.32,-2.01, ,5.66, ,1.65,-1.05, ,5.16,4.47, , , ,-0.92, , ,3.4,1.03,1.67,4.27,4.26,-11.49,-11.18,-10.83,14.45,14.91,15.28,3.5,1.14,4.25,4.19,,,,
300,97055875,11/3/2025,18:33:52,,,-1.22,0.01,-0.43,-3.04,4.59,4.07,3.92,7.14,-1.61,-1.09,0.14,-1.22,4.46,4.23,2.58,7.07, , , , , , , , ,-3.63,-1.44,2.04,4.15,0.8,1.73,0.75,4.15,6.32,4.74,0.86,-2.15, ,5.0, ,0.71,2.3, ,4.28,5.73, , , ,-3.08, , ,1.43, ,-0.04,3.38, ,-0.72,-1.04,2.54,3.41,0.71,1.7,0.54,4.49,4.03,3.47,3.67,-1.27, ,6.93, ,1.99,-2.1, ,5.29,3.7, , , ,0.05, , ,2.51,1.24,2.0,4.01,4.4,-11.26,-10.86,-10.46,14.09,15.25,15.38,2.86,1.2,4.6,3.94,,,,
301,97052518,11/3/2025,18:35:40,,,-0.9,-0.36,-0.74,-3.02,5.44,4.32,4.76,6.64,-0.72,-0.94,-0.18,-0.58,4.49,3.79,3.55,7.87, , , , , , , , ,-1.4,-1.96,0.09,3.79,0.21,1.91,0.04,4.27,6.13,3.94,3.48,0.04, ,5.92, ,1.24,-0.23, ,5.07,3.27, , , ,-4.97, , ,1.93, ,-0.77,3.45, ,0.18,-0.38,1.81,2.96,0.29,1.41,0.32,4.48,4.15,3.41,3.79,-0.11, ,6.54, ,2.31,-1.83, ,4.82,2.96, , , ,-0.19, , ,1.44,1.28,1.82,3.79,4.84,-11.55,-11.09,-10.82,14.2,15.11,15.55,3.2,1.24,4.73,4.14,,,,
302,97055867,11/3/2025,18:36:38,,,-4.14,0.23,-0.78,-2.42,4.97,4.47,4.28,7.3,-1.83,-1.36,-0.4,-1.29,4.71,4.19,3.57,7.49, , , , , , , , ,-1.1,-1.88,0.22,3.57,0.54,1.83,0.45,4.67,6.14,3.95,2.71,-0.12, ,4.93, ,1.01,-0.25, ,4.82,4.46, , , ,-3.79, , ,0.93, ,-0.32,3.35, ,-3.14,-0.89,2.47,3.68,0.65,1.48,0.77,5.04,4.61,3.75,2.23,-2.15, ,6.19, ,1.87,-0.19, ,4.38,3.22, , , ,-1.77, , ,2.18,0.97,1.06,3.69,4.32,-11.08,-10.97,-10.52,14.2,14.98,15.37,3.25,1.28,4.5,3.99,,,,
303,97055842,11/3/2025,18:38:19,,,-1.26,0.01,-0.25,-3.17,5.14,4.48,3.48,7.11,-0.78,-1.38,1.1,-1.34,4.44,4.54,0.09,8.93, , , , , , , , ,-2.92, ,0.74, ,0.99,2.09,0.73,4.86,6.52,4.15,2.02,-1.67, ,5.63, ,0.84,2.27, ,4.48,4.28, , , ,-3.16, , ,1.8, ,-0.74,3.69, ,-2.18,-0.85,2.8,4.53,0.94,1.51,0.47,4.55,4.55,3.87,1.33,-2.18, ,4.7, ,1.52,-0.49, ,4.19,4.67, , , ,-0.32, , ,2.22,1.27,1.66,3.87,4.51,-11.3,-10.62,-10.46,14.47,15.1,15.49,3.53,1.82,4.78,4.43,,,,
304,97055826,11/3/2025,18:41:04,,,-1.06,0.21,-0.76,-1.38,5.3,3.81,5,4.43,0.09,-0.54,0.48,0.21,4.14,2.8,3.04,4.26, , , , , , , , ,-2.59,-2,1.06,4.04,0.64,1.84,0.22,5.23,6.61,4.41,2.22,-1.29, ,6.94, ,0.79,1.41, ,4.75,3.98, , , ,-3.98, , ,2.78, ,-0.98,3.61, ,-1.79,-0.83,2.69,3.13,1.18,1.15,0.67,4.67,4.45,4.0,2.41,-1.74, ,4.73, ,1.71,-0.62, ,4.44,4.27, , , ,0.19, , ,1.07,1.63,2.15,3.62,4.73,-11.68,-10.62,-10.57,14.97,14.99,15.64,3.31,1.43,4.26,4.91,,,,
305,97055727,11/3/2025,18:41:55,,,-1,-0.65,-0.61,-3.67,5.01,4.04,3.89,7.26,-0.46,-0.36,0.43,-0.05,4.78,4.29,3.28,7.41, , , , , , , , ,-2.4,-1.67,1.31,4.24,0.35,1.62,0.68,5.09,6.43,4.49,1.99,-1.09, ,6.28, ,0.85,1.74, ,4.55,4.27, , , ,-4.39, , ,2.49, ,-0.69,3.53, ,-0.26,-0.71,1.97,2.85,0.45,1.59,0.34,4.11,3.9,3.42,3.48,0.18, ,5.98, ,2.11,-2.08, ,4.43,3.02, , , ,-0.27, , ,0.96,1.38,1.71,3.65,4.83,-11.25,-10.71,-10.5,13.75,14.98,15.15,3.61,1.12,4.02,4.14,,,,
306,97055859,11/3/2025,18:44:26,,,-1.55,-0.78,-0.92,-3.84,5.18,4.72,4.27,7.69,-0.13,-1.1,0.02,-1.29,4.33,4.09,2.96,7.77, , , , , , , , ,-2.59,-1.93,0.2,3.59,0.36,1.95,0.29,4.57,6.04,4.08,2.62,-1.26, ,4.67, ,0.95,1.22, ,4.45,4.29, , , ,-3.94, , ,1.25, ,-0.45,3.77, ,-1.13,-0.88,2.46,3.25,0.45,1.55,0.34,5.11,4.14,3.12,2.91,-1.7, ,7.25, ,2.0,-0.38, ,4.73,3.48, , , ,-0.15, , ,2.07,1.13,1.91,3.96,4.67,-11.47,-10.69,-10.43,14.55,15.11,15.61,3.17,1.91,4.26,4.44,,,,
307,97055834,11/3/2025,18:45:21,,,-0.91,-0.62,-0.54,-3.87,5.09,3.97,4.16,7.03,-0.6,-0.75,0.44,-0.44,4.6,4.27,3.24,7.73, , , , , , , , ,-2.62,-1.89,2.47,4.33,0.25,1.7,0.27,4.38,6.31,4.55,0.67,-1.61, ,5.23, ,1.1,3.19, ,4.29,5.56, , , ,-3.09, , ,1.39, ,0.07,3.69, ,-1.69,-1.11,1.77,3.96,1.01,1.49,0.22,4.89,4.52,3.7,1.7,-1.36, ,6.69, ,1.68,-0.85, ,4.57,3.83, , , ,-2.07, , ,2.96,0.89,1.1,3.75,4.02,-11.37,-11.16,-10.66,14.05,15.21,15.36,3.97,1.57,4.79,4.1,,,,
308,97055818,11/3/2025,18:46:12,,,-1.26,-0.42,-1.05,-2.92,4.97,4.1,4.64,6.91,-0.78,-0.85,-0.02,-0.77,4.7,3.9,3.53,7.91, , , , , , , , ,-2.05,-1.81,0.71,3.79,0.29,1.81,0.27,4.7,6.22,4.1,2.44,-0.43, ,5.1, ,0.97,1.07, ,4.67,4.77, , , ,-3.87, , ,1.34, ,-0.06,3.35, ,-1.25,-0.73,2.24,3.38,0.8,1.32,0.18,4.73,4.29,3.46,2.47,-0.79, ,6.1, ,1.79,-1.22, ,4.72,4.57, , , ,-0.59, , ,1.7,1.3,1.75,3.71,4.76,-11.5,-11.11,-10.71,14.04,15.07,15.25,3.91,1.39,5.05,3.83,,,,
309,97055792,11/3/2025,18:47:11,,,-1.2,-0.15,-0.8,-2.93,5.08,4.31,4.4,6.89,-0.98,-0.92,0.17,-1.75,4.6,4.35,3.72,7.77, , , , , , , , ,-2.57,-1.83,0.42,3.77,0.33,1.7,0.42,4.43,5.64,3.86,2.39,-1.54, ,4.68, ,0.92,1.34, ,4.44,5.13, , , ,-2.66, , ,0.87, ,0.32,3.28, ,-2.35,-0.75,3.14,3.84,0.76,1.42,0.64,4.81,4.75,4.2,2.17,-1.43, ,5.32, ,1.71,-1.1, ,3.87,3.36, , , ,-1.08, , ,1.43,1.24,1.5,3.63,4.72,-11.55,-10.77,-10.54,14.48,14.91,15.4,3.25,1.77,4.43,4.38,,,,
310,97056428,11/3/2025,18:48:01,,,-1.72,-0.01,-0.42,-2.19,5.08,4.52,4.95,4.95,-0.05,-0.67,-0.02,0.07,3.92,3.19,2.98,5.28, , , , , , , , ,-3.46,-2.46,0.74,4.01,0.01,1.59,0.24,4.19,6.32,4.49,2.21,-2.63, ,6.02, ,0.7,1.59, ,4.76,4.44, , , ,-3.06, , ,2.16, ,-0.58,3.5, ,0.18,-0.21,1.55,2.54,0.76,1.18,0.91,4.67,4.42,3.4,4.3,0.69, ,7.66, ,2.37,-2.04, ,5.2,2.78, , , ,-0.35, , ,2.16,1.12,1.54,3.92,4.48,-11.65,-10.45,-10.36,14.29,15.92,15.64,3.6,1.62,4.83,4.27,,,,
311,97056394,11/3/2025,18:48:57,,,-1.66,-0.5,-0.68,-2.44,5.09,4.74,4.93,5.32,-0.36,-0.9,-0.42,-0.02,3.76,3.08,3.2,4.71, , , , , , , , ,-2.95,-2.39,0.52,3.6,0.81,2.08,0.29,4.24,5.85,4.21,2.64,-1.47, ,6.74, ,0.92,0.85, ,4.69,4.12, , , ,-3.98, , ,2.14, ,-0.6,3.6, ,-0.46,-0.49,2.26,2.84,0.69,1.19,0.81,4.61,4.66,3.84,4.18,0.32, ,4.92, ,2.1,-1.64, ,4.18,3.28, , , ,-1.7, , ,1.42,1.19,1.46,4.37,5.22,-11.26,-10.45,-10.26,13.95,15.33,15.57,3.39,1.51,4.58,3.92,,,,
312,97055800,11/3/2025,18:49:51,,,-3.69,-0.11,-0.43,-3.21,5.13,4.29,3.93,7.08,-1.33,-1.45,-0.2,-1.58,4.33,4.02,3.58,8.0, , , , , , , , ,-2.64,-2.17,1.01,4.17,0.65,1.75,0.48,4.85,6.47,4.52,1.77,-2.15, ,6.88, ,0.64,2.42, ,4.62,3.56, , , ,-4.15, , ,3.21, ,-0.9,4.04, ,0.77,-0.9,1.37,2.83,0.62,1.91,0.32,4.74,4.2,3.1,4.58,0.62, ,6.34, ,2.48,-2.2, ,4.82,2.33, , , ,-0.3, , ,1.67,1.26,1.78,3.77,4.71,-11.4,-10.75,-10.45,14.23,15.21,15.43,3.59,1.5,4.42,4.28,,,,
313,97056378,11/3/2025,18:50:41,,,-1.42,-0.16,-0.9,-2.89,4.9,3.85,4.51,6.66,-0.77,-0.83,0.08,-0.9,4.39,4.55,3.32,8.18, , , , , , , , ,-2.64,-1.93,2.05,4.25,0.87,1.55,0.66,4.71,6.59,4.57,1.19,-1.24, ,5.62, ,0.8,1.7, ,4.35,4.91, , , ,-3.5, , ,1.97, ,-0.24,3.56, ,-2.43,-1.08,3.37,3.23,0.91,1.59,0.3,4.78,4.29,3.62,2.22,-1.61, ,5.21, ,1.61,-0.72, ,4.32,3.58, , , ,-1.34, , ,1.36,1.16,1.33,3.71,4.5,-11.13,-10.64,-10.15,14.45,15.35,15.67,3.2,0.75,4.01,4.05,,,,
314,97056436,11/3/2025,18:52:31,,,-1.26,1.66,0.4,0.02,5.49,4.48,5,4.7,-0.7,-1.93,-0.91,-1.39,3.65,2.54,2.93,4.93, , , , , , , , ,-1.6,-1.81,0.06,3.51,0.29,1.9,0.82,4.31,5.93,3.65,2.98,-0.98, ,6.32, ,0.91,0.19, ,5.33,4.03, , , ,-3.79, , ,2.91, ,-0.62,3.84, ,-0.6,-0.41,3.53,3.37,0.79,1.07,0.79,4.6,4.59,4.19,2.13,-0.28, ,5.0, ,1.65,-1.05, ,3.92,3.61, , , ,-0.81, , ,1.7,1.07,1.65,3.85,4.62,-11.43,-10.43,-10.22,14.35,15.45,15.54,3.51,1.21,4.43,3.91,,,,
315,97056030,11/3/2025,18:54:19,,,6.49,5.15, ,2.16,6.57,4.42, ,4.68,-0.54,-2.78,-1.1,-2.23,3.68,2.76,2.96,5.03, , , , , , , , ,-5.42,-2.73,1.52,4.33,0.52,2.18,0.01,3.92,6.26,4.62,0.48,-3.97, ,5.97, ,0.43,3.77, ,3.98,4.9, , , ,-3.38, , ,1.9, ,-0.15,3.56, ,-2.17,-0.9,3.2,3.37,1.04,1.28,0.88,4.61,4.82,4.26,2.38,-1.77, ,5.13, ,1.71,-0.85, ,4.21,3.92, , , ,-0.78, , ,1.63,1.16,1.68,3.71,4.36,-11.25,-10.87,-10.43,13.92,14.82,14.96,3.53,1.18,4.27,4.41,,,,
316,97056386,11/3/2025,18:58:28,,,-1.48,0.03,-0.86,-1.27,5.01,3.89,5.12,4.57,-0.04,-1.3,-0.45,-0.6,4.07,2.6,3.03,5.18, , , , , , , , ,-3,-2.24,0.65,3.74,0.29,2.31,0.02,4.64,6.49,4.27,2.31,-2.54, ,5.39, ,0.64,2.25, ,4.66,4.69, , , ,-3.92, , ,2.13, ,0.3,3.68, ,-1.75,-0.82,2.51,3.15,0.77,1.39,0.51,4.71,4.51,3.68,2.72,-1.46, ,5.67, ,1.89,-1.04, ,4.33,3.46, , , ,-0.65, , ,1.76,1.25,1.69,3.8,4.51,-11.31,-10.67,-10.35,14.05,15.1,15.15,3.32,0.87,4.41,3.83,,,,
317,97056360,11/3/2025,18:59:18,,,-1.63,0.09,-0.43,-1.18,4.39,4.43,4.6,5.22,-0.07,-0.92,-0.31,-0.01,4.1,3.06,3.08,4.91, , , , , , , , ,-2.74,-1.84,2.25,4.55,0.79,1.51,0.66,4.07,6.32,5.07,0.68,-1.81, ,6.5, ,0.66,2.55, ,4.44,4.43, , , ,-4.74, , ,2.89, ,-1.15,3.81, ,-4.18,-0.92,4.55,4.62,1.13,1.14,0.78,4.82,5.07,4.64,0.19,-3.84, ,3.96, ,1.19,0.55, ,3.57,3.95, , , ,-0.33, , ,1.91,1.02,1.7,4.04,4.75,-11.58,-10.74,-10.5,14.39,15.23,15.33,3.25,1.4,4.44,4.17,,,,
318,97056352,11/3/2025,19:00:09,,,-1.52,-0.01,-0.8,-1.31,5.09,4.19,4.78,4.9,-0.72,-1.44,-0.59,-0.76,4.35,2.6,3.18,4.67, , , , , , , , ,-2.59,-1.79,-0.01,3.81,0.42,2.03,0.16,4.98,6.53,4.31,2.94,-1.69, ,4.83, ,0.8,1.75, ,4.62,4.12, , , ,-3.92, , ,1.82, ,-0.07,3.61, ,-1.69,-0.89,3.13,3.22,1.15,1.53,0.86,4.76,3.68,3.19,2.49,-0.77, ,5.52, ,1.83,-0.79, ,4.9,3.94, , , ,-1.33, , ,1.39,1.18,1.56,3.63,4.38,-10.93,-10.88,-10.26,14.48,15.5,15.61,3.28,1.12,4.76,3.91,,,,
319,97056345,11/3/2025,19:01:00,,,-1.09,-0.47,-0.4,-3.57,4.53,3.56,1.21,6.85,-1.0,-1.07,0.19,-1.72,5.11,4.92,3.56,7.68, , , , , , , , ,-2.75,-1.9,1.13,4.04,0.6,1.62,0.37,4.81,6.35,4.59,1.4,-1.58, ,5.99, ,0.66,2.19, ,5.29,5.4, , , ,-4.31, , ,1.97, ,-0.64,2.78, ,-0.62,-0.53,2.01,2.93,0.88,1.72,0.82,5.0,4.16,3.35,3.54,0.39, ,6.69, ,2.43,-1.88, ,4.46,2.5, , , ,-1.2, , ,1.59,0.84,1.22,3.95,4.64,-11.12,-10.84,-10.46,13.83,15.22,15.41,3.18,1.49,4.74,3.84,,,,
320,97056329,11/3/2025,19:01:57,,,-0.96,0.09,-0.35,-2.72,5.03,3.94,3.8,7.0,-2.3,-1.14,0.12,-1.38,4.45,4.52,3.23,7.66, , , , , , , , ,-2.59,-1.62,-0.32,3.84,0.0,1.44,0.22,4.97,6.09,4.35,2.82,-2.56, ,5.46, ,0.76,2.2, ,4.55,4.12, , , ,-2.71, , ,2.1, ,-0.31,3.52, ,-1.32,-0.6,2.32,3.59,1.1,1.33,0.88,5.55,4.77,3.62,3.18,-1.66, ,6.69, ,1.93,-1.06, ,4.72,2.49, , , ,-0.25, , ,2.39,1.18,1.8,3.86,4.33,-11.04,-10.74,-10.37,14.09,15.51,15.76,3.36,1.37,4.96,3.93,,,,
321,97052500,11/3/2025,19:02:48,,,-0.66,0.19, ,-3.21,4.63,4.3, ,7.17,-1.57,-1.38,0.03,-1.39,5.12,4.18,3.35,7.35, , , , , , , , ,-2.26,-1.72,1.06,4.17,0.22,1.7,0.19,4.23,6.07,5.11,1.89,-1.47, ,5.3, ,0.83,1.88, ,4.06,4.49, , , ,-2.75, , ,1.6, ,0.09,3.75, ,-1.45,-0.37,2.56,3.21,1.25,1.2,1.11,5.18,4.39,3.02,2.6,-2.2, ,4.87, ,1.76,-0.65, ,4.25,3.58, , , ,0.78, , ,0.96,1.47,2.32,3.91,5.05,-11.71,-10.34,-10.22,14.95,15.27,16.1,3.3,1.17,3.32,5.24,,,,
322,97056303,11/3/2025,19:03:46,,,-2.11,-0.53,-1.1,-1.62,4.43,4.13,4.9,4.66,-0.95,-0.76,-0.11,0.35,4.57,2.86,3.58,4.62, , , , , , , , ,-3.76,-2.18,1.23,4,0.77,2.02,0.23,3.87,6.27,4.76,1.41,-3.34, ,6.71, ,0.49,3.16, ,4.68,4.85, , , ,-3.23, , ,2.88, ,-0.45,3.72, ,-0.13,-0.53,2.13,3.29,1.11,0.97,1.12,4.35,4.4,3.08,4.01,0.75, ,6.3, ,2.1,-2.78, ,4.79,3.42, , , ,-1.43, , ,2.24,1.1,1.13,3.99,4.44,-11.61,-10.95,-10.55,14.43,15.25,15.87,3.68,1.28,4.49,3.67,,,,
323,97056337,11/3/2025,19:04:36,,,-1.83,-0.61,-0.77,-3.77,4.31,4.1,3.71,7.4,-1.67,-1.29,0.02,-1.42,4.07,4.68,3.31,7.38, , , , , , , , ,-2.83,-1.84,1.16,3.98,0.77,1.95,0.52,4.93,6.29,4.53,1.74,-2.16, ,6.74, ,0.61,2.54, ,4.91,4.82, , , ,-3.31, , ,2.55, ,-0.43,3.5, ,-0.06,-0.39,2.19,3.03,1.24,1.65,1.16,4.9,4.34,3.23,3.73,-0.37, ,7.38, ,2.4,-1.21, ,4.72,1.71, , , ,-0.89, , ,3.26,0.76,1.31,4.19,4.39,-11.58,-10.83,-10.65,13.97,14.99,15.21,3.49,1.84,4.34,4.41,,,,
324,97056311,11/3/2025,19:05:27,,,-1.2,0.09,-0.68,-1.3,5.33,4.34,5.16,4.91,-1.15,-0.19,0.03,0.91,3.65,2.32,2.84,4.49, , , , , , , , ,-2.2,-1.73,0.56,3.72,0.45,2.54,0.33,4.45,6.45,4.17,2.33,-1.04, ,5.28, ,0.93,1.18, ,4.46,4.42, , , ,-4.42, , ,1.85, ,-0.53,3.84, ,-1.84,-0.9,2.69,3.13,1.34,1.27,0.85,4.71,4.25,3.37,2.3,-1.8, ,4.84, ,1.66,-0.73, ,4.09,3.92, , , ,-0.12, , ,1.24,1.26,1.77,3.81,4.84,-11.36,-10.76,-10.53,14.38,15.08,15.45,3.53,1.17,4.28,4.04,,,,
325,97056287,11/3/2025,19:06:17,,,-1.85,-0.22,-0.64,-1.97,4.81,4.73,5.27,5.33,-1.49,-1.02,-0.4,-0.28,4.11,2.49,3.07,5.21, , , , , , , , ,-3.04,-1.99,0.06,3.77,0.2,2.32,0.62,4.42,6.24,4.79,2.95,-1.76, ,5.62, ,0.87,1.69, ,4.21,4.04, , , ,-4.78, , ,1.68, ,-1.3,3.78, ,-1.72,-1.09,3.32,3.03,1.64,0.65,0.77,4.6,4.18,3.38,1.95,-0.4, ,4.97, ,1.83,-1.04, ,4.48,4.68, , , ,-0.86, , ,1.37,1.08,1.41,3.71,4.67,-11.1,-10.75,-10.33,14.98,15.24,15.68,3.67,1.66,4.3,4.2,,,,
326,97055743,11/3/2025,19:07:08,,,-2.12,-0.72,-0.73,-2.41,4.72,3.92,4.75,4.82,-0.49,-1.61,-0.3,-1.43,4.34,2.68,3.14,5.01, , , , , , , , ,-1.57,-2.26,0.01,3.45,0.64,2.06,0.44,6.12,6.8,4.1,3.86,-0.89, ,6.27, ,1.17,0.97, ,5.24,4.2, , , ,-3.94, , ,2.19, ,-0.88,3.33, ,0.5,-0.3,1.37,3.09,1.21,1.67,1.09,4.52,3.81,3.01,4.42,0.84, ,6.85, ,2.62,-2.15, ,4.65,2.51, , , ,-0.04, , ,1.73,1.11,1.72,3.88,4.7,-11.2,-11.01,-10.56,14.24,14.51,15.1,3.86,1.47,4.28,4.29,,,,
327,97056261,11/3/2025,19:08:08,,,-1.65,-0.35,-0.64,-2.07,4.54,4.37,5.05,4.82,-0.77,-0.09,0.42,0.43,4.3,2.92,3.27,5.3, , , , , , , , ,-1.67,-1.98,0.01,3.45,0.08,2.17,0.31,4.69,6.32,4.6,3.58,-1.46, ,6.69, ,0.94,0.74, ,5.16,3.48, , , ,-4.23, , ,3.15, ,-0.62,3.93, ,-0.81,-1.06,2.86,3.02,1.17,1.29,0.51,4.74,4.36,3.26,3.03,-0.28, ,8.01, ,1.94,-1.27, ,5.45,3.27, , , ,-1.66, , ,3.2,0.84,1.08,3.69,3.73,-11.15,-10.32,-10.11,14.88,15.12,15.55,3.56,1.79,3.93,4.55,,,,
328,97056295,11/3/2025,19:08:58,,,-1.64,-0.71,-1.68,-1.9,4.63,3.96,5.21,4.25,-1.29,-0.7,-0.28,0.03,4.59,3.55,3.53,5.34, , , , , , , , ,-1.89,-1.79,0.86,3.86,0.73,1.97,0.37,4.61,6.6,4.74,2.01,-0.76, ,5.2, ,0.82,0.87, ,4.76,5.17, , , ,-3.38, , ,1.27, ,-0.12,3.49, ,-2.96,-0.99,2.55,3.92,1.41,1.44,0.63,4.57,4.6,3.73,2.09,-2.68, ,5.39, ,1.37,-0.52, ,4.01,2.91, , , ,-0.56, , ,2.28,0.94,1.34,3.79,4.71,-11.33,-10.62,-10.38,14.18,15.58,15.48,3.86,1.71,5.06,3.88,,,,
329,97056279,11/3/2025,19:09:56,,,-1.63,-0.33,-0.93,-3.53,4.88,4.46,4.54,7.26,-2.03,-1.08,0.05,-1.18,4.24,4.19,3.43,7.76, , , , , , , , ,-1.65,-1.69,0.33,3.7,0.38,1.61,0.39,4.48,6.07,4.38,2.92,-0.96, ,6.11, ,0.98,1.64, ,5.33,4.16, , , ,-4.02, , ,2.23, ,-0.52,3.43, ,-0.01,-0.12,1.73,2.69,1.24,1.24,1.2,4.78,4.03,3.06,3.93,0.12, ,7.87, ,2.09,-2.14, ,5.14,2.55, , , ,-0.59, , ,2.48,1.06,1.36,4.02,4.37,-11.28,-10.33,-10.33,14.29,14.86,15.37,3.85,1.97,4.31,4.72,,,,
330,97052492,11/3/2025,19:12:30,,,-2.05,-0.21,-0.55,-1.65,4.83,4.69,4.74,5.26,-1.46,-0.73,-0.18,-0.31,3.79,2.83,2.95,5.1, , , , , , , , ,-1.82,-2.09,0.09,3.64,0.17,1.99,-0.25,4.23,5.8,4.4,2.67,-1.48, ,5.5, ,0.92,1.86, ,4.4,3.89, , , ,-3.92, , ,1.76, ,-0.22,4.08, ,-1.85,-1.22,2.59,3.36,1.34,1.35,0.65,4.75,4.88,3.73,2.26,-2.26, ,5.79, ,1.5,-0.6, ,4.49,3.4, , , ,0.34, , ,2.37,1.12,1.81,3.9,4.39,-11.2,-10.51,-10.3,14.41,14.73,15.26,4.17,2.02,4.51,4.16,,,,
331,97052476,11/3/2025,19:13:21,,,-1.41,-0.72,-0.76,-3.95,4.56,4.55,3.97,7.26,-1.42,-1.14,-0.23,-1.14,4.7,4.09,2.87,6.85, , , , , , , , ,-3.07,-2.22,0.41,4.11,0.48,1.89,0.3,4.72,6.29,5.02,2.12,-2.63, ,7.21, ,0.84,2.31, ,4.72,4.19, , , ,-3.5, , ,2.56, ,-0.64,3.69, ,-2.47,-0.98,2.25,3.41,1.23,1.57,0.94,4.81,4.5,3.76,2.44,-2.12, ,4.39, ,1.85,-0.63, ,4.17,3.43, , , ,0.0, , ,0.89,1.53,1.97,3.79,5.09,-11.03,-10.55,-10.24,13.48,15.18,14.9,3.79,1.57,4.88,3.89,,,,
332,97052484,11/3/2025,19:15:11,,,-1.53,-0.24,-0.41,-3.33,4.26,4.25,3.73,7.32,-1.02,-1.38,-0.35,-0.92,4.7,4.25,3.61,7.72, , , , , , , , ,-1.07,-1.56,0.06,3.93,0.46,1.59,0.53,5.52,6.38,4.85,3.25,-0.62, ,6.26, ,1.2,1.16, ,4.89,4.77, , , ,-3.5, , ,1.72, ,0.38,3.46, ,-1.96,-1.17,1.07,3.35,0.67,1.76,0.2,4.7,4.2,3.54,1.95,-1.68, ,3.88, ,1.6,-1.0, ,3.66,3.97, , , ,-0.01, , ,1.52,1.16,1.51,3.82,4.92,-11.11,-10.8,-10.54,14.07,15.32,15.44,3.86,1.79,4.91,3.85,,,,
333,97056782,11/3/2025,19:16:59,,,-1.5,-0.67,-0.66,-1.87,4.58,4.39,4.74,4.58,0.1,-0.38,-0.02,0.54,3.87,2.89,3.03,4.55, , , , , , , , ,-3.94,-2.17,1.61,4.3,0.16,2.66,-0.05,4.13,6.57,5.27,1.2,-3.18, ,7.01, ,0.7,3.19, ,4.65,4.68, , , ,-3.53, , ,3.05, ,-0.88,3.31, ,-3.19,-0.78,2.87,3.69,0.96,1.29,0.89,4.73,4.77,4.24,2.12,-2.35, ,5.57, ,1.61,-0.74, ,4.04,3.25, , , ,-0.68, , ,1.62,1.37,1.58,3.69,4.41,-11.4,-10.55,-10.34,14.23,15.57,15.65,3.23,1.36,4.7,3.92,,,,
334,97056790,11/3/2025,19:18:44,,,-0.84,-0.13,-0.7,-2.76,4.79,4.11,3.99,7.0,-0.94,-0.87,0.07,-0.93,4.35,4.31,3.11,7.73, , , , , , , , ,-2.87,-2.13,1.07,3.98,-0.1,1.78,0.02,4.34,5.6,4.33,1.74,-2.21, ,7.11, ,0.8,2.52, ,4.9,4.47, , , ,-4.73, , ,2.74, ,-0.86,3.62, ,-1.44,-0.66,2.32,2.63,0.85,1.29,0.48,4.71,4.42,3.17,2.79,-1.97, ,5.76, ,1.77,-0.53, ,4.65,3.79, , , ,-0.18, , ,1.99,1.36,1.97,3.8,4.7,-11.03,-10.52,-10.24,13.9,15.38,15.28,3.42,1.32,4.63,3.72,,,,
335,97056766,11/3/2025,19:19:35,,,-1.18,-0.47,-0.78,-1.58,4.99,3.68,5.15,4.02,0.16,-0.27,0.01,0.72,3.98,2.46,3.15,4.97, , , , , , , , ,-3.33,-1.97,1.85,3.89,0.52,1.94,0.56,4.62,6.57,4.67,1.16,-2.04, ,4.96, ,0.96,2.44, ,4.0,5.39, , , ,-3.4, , ,1.53, ,-0.02,3.76, ,-0.56,-0.67,3.21,3.41,1.05,1.38,0.72,4.72,3.96,3.52,2.95,0.18, ,6.19, ,2.09,-1.5, ,4.75,3.24, , , ,-0.95, , ,2.37,1.14,1.5,3.81,4.18,-11.33,-10.54,-10.18,14.76,14.9,15.44,3.48,1.36,4.38,4.32,,,,
336,97056774,11/3/2025,19:20:52,,,-1.16,0.0,-0.38,-3.08,4.98,4.5,4.2,7.14,-1.27,-0.99,0.38,-0.68,4.65,3.76,3.21,7.07, , , , , , , , ,-2.55,-1.91,1.9,4.45,0.88,1.87,0.61,4.35,6.16,4.69,1.45,-1.7, ,6.06, ,0.96,2.51, ,4.22,4.57, , , ,-3.35, , ,2.17, ,-0.58,3.96, ,-1.24,-1.14,2.77,3.48,0.86,1.38,0.64,4.68,4.28,3.3,2.62,-1.5, ,5.29, ,1.75,-0.87, ,4.55,3.58, , , ,-0.05, , ,1.81,1.25,2.01,3.66,4.45,-11.05,-10.64,-10.38,12.97,15.19,14.84,3.8,1.64,4.89,3.77,,,,
337,97056402,11/3/2025,19:21:42,,,-1.52,-1.28,-1.58,-2.29,5.29,4.17,5.26,4.65,0.06,-0.35,-0.12,0.52,3.92,2.86,2.92,5.17, , , , , , , , ,-2.51,-2.15,0.94,3.86,0.57,2.38,0.35,5.12,6.22,3.84,1.92,-1.77, ,6.72, ,0.94,2.18, ,4.67,4.16, , , ,-3.49, , ,2.92, ,-0.53,3.82, ,-0.95,-0.64,3.48,3.26,0.82,1.24,0.62,4.62,4.75,4.09,2.29,-1.24, ,3.99, ,1.84,-0.45, ,3.93,3.44, , , ,0.57, , ,1.59,1.4,2.24,3.97,5.1,-11.22,-10.87,-10.44,14.16,14.69,15.16,4.4,1.65,4.47,3.93,,,,
338,97056758,11/3/2025,19:22:41,,,-1.37,0.24,-0.76,-0.76,5.1,4.74,5.38,4.56,-0.05,-0.04,0.22,1.03,3.96,2.77,2.9,5.6, , , , , , , , ,-3.54,-2.28,1.74,4.16,0.48,2.03,0.31,4.17,6.25,5.19,0.98,-2.83, ,4.75, ,0.86,3.13, ,3.98,5.46, , , ,-2.13, , ,0.88, ,0.48,3.81, ,-2.41,-1.03,1.57,3.71,0.85,1.26,0.55,5.0,4.85,3.77,0.5,-2.15, ,4.34, ,1.43,0.55, ,4.25,4.51, , , ,-0.25, , ,2.34,1.03,1.67,3.82,4.73,-11.97,-11.03,-10.85,14.17,15.48,15.57,3.99,1.47,4.75,3.69,,,,
339,97056725,11/3/2025,19:23:54,,,-2.14,-1.13,-1.1,-2.34,4.94,4.0,4.73,4.41,-0.17,-0.06,0.13,0.86,4.01,2.98,3.32,4.47, , , , , , , , ,-2.59,-1.63,1.93,4.1,0.96,1.92,0.9,4.57,6.8,4.62,1.34,-1.54, ,5.96, ,0.94,1.99, ,4.68,5.02, , , ,-3.43, , ,1.88, ,-0.35,3.41, ,-2.14,-1.08,1.73,3.37,0.82,1.42,0.06,4.38,4.61,3.77,3.2,-0.74, ,6.88, ,1.9,-1.11, ,4.74,2.7, , , ,-1.61, , ,1.83,0.84,1.06,3.56,4.07,-11.36,-10.49,-10.22,14.1,15.03,15.11,3.78,1.51,4.18,4.0,,,,
340,97056733,11/3/2025,19:25:06,,,-2.8,-0.03,-0.77,-0.87,4.9,4.11,4.8,4.18,-0.47,-0.43,0.17,-0.12,3.99,3.52,3.54,5.79, , , , , , , , ,-2.6,-2.04,1.2,3.9,0.23,1.69,0.38,4.31,6.01,4.69,1.88,-1.52, ,5.03, ,1.08,2.05, ,3.96,4.33, , , ,-3.19, , ,1.96, ,0.0,4.2, ,-0.37,-0.92,2.03,3.51,0.79,1.64,0.32,4.3,4.57,3.69,3.74,-0.33, ,6.81, ,2.37,-0.95, ,4.55,2.62, , , ,-0.37, , ,2.34,1.07,1.53,3.64,4.28,-11.63,-10.29,-10.39,14.27,15.41,15.47,3.33,1.51,3.97,3.91,,,,
341,97056410,11/3/2025,19:25:57,,,-2.58,-1.19,-1.53,-2.46,4.74,5.18,5.46,5.28,-0.01,0.22,0.15,1.77,3.99,2.84,2.83,4.84, , , , , , , , ,-2.5,-1.9,0.87,3.77,0.28,1.57,0.44,4.2,6.66,4.81,1.76,-1.9, ,5.71, ,0.79,2.2, ,4.68,4.32, , , ,-3.1, , ,2.04, ,-0.2,4.01, ,-1.32,-0.8,3.87,3.61,0.94,1.22,0.58,4.62,4.46,3.84,1.07,-1.7, ,4.59, ,1.56,-0.05, ,4.21,4.68, , , ,0.23, , ,1.14,1.43,2.23,3.8,4.89,-11.49,-10.6,-10.36,14.01,15.67,15.56,4.05,1.59,4.82,3.78,,,,
342,97056709,11/3/2025,19:28:47,,,-1.3,-0.24,-0.74,-2.83,5.18,4.06,4.37,6.39,-0.76,-0.75,0.42,-0.79,4.77,4.45,3.04,7.64, , , , , , , , ,-3.14,-2.22,1.21,4.06,0.12,1.94,0.43,4.3,5.98,4.29,1.45,-2.22, ,5.2, ,0.85,2.27, ,4.16,4.77, , , ,-2.86, , ,1.68, ,-0.26,3.79, ,-3.36,-0.62,3.67,3.27,1.12,1.15,1.01,4.92,4.26,3.48,1.47,-2.6, ,6.17, ,1.44,-0.16, ,4.57,4.58, , , ,-0.63, , ,1.89,1.09,1.64,3.7,4.2,-11.21,-11.29,-10.54,13.59,15.74,15.56,4.09,1.62,5.36,3.57,,,,
343,97056717,11/3/2025,19:29:38,,,-1.53,-0.76,-0.74,-3.93,5.06,4.49,4.39,7.13,-0.66,-0.53,0.27,0.07,4.24,3.76,2.97,7.26, , , , , , , , ,-2.05,-1.83,0.2,3.59,0.19,1.96,0.55,4.77,6.64,4.54,3.06,-1.49, ,5.52, ,1.03,1.85, ,4.65,3.48, , , ,-3.4, , ,2.14, ,-0.33,3.97, ,-1.97,-0.8,3.0,3.15,0.84,1.6,-0.02,5.09,4.15,3.07,2.55,-1.46, ,7.55, ,1.65,-1.01, ,5.75,4.39, , , ,-0.99, , ,3.01,0.84,1.04,3.87,3.89,-11.3,-10.74,-10.43,12.64,15.92,14.97,3.39,1.83,5.91,4.41,,,,
344,97056519,11/3/2025,19:37:27,,,-1.35,0.07,-0.52,-2.89,4.88,4.51,4.21,6.99,-1.23,-1.12,-0.02,-1.18,4.42,4.09,3.37,7.99, , , , , , , , ,-3.83,-2.18,1.78,4.07,0.35,2.04,0.49,4.01,6.17,4.81,1.01,-2.51, ,6.22, ,0.84,2.85, ,4.26,4.85, , , ,-4.12, , ,2.18, ,-0.42,3.68, ,-1.28,-0.61,3.45,3.41,0.96,1.3,0.76,4.41,4.26,3.42,2.16,-1.06, ,6.03, ,1.89,-0.74, ,4.62,4.09, , , ,-0.45, , ,2.44,1.02,1.67,4.1,4.49,-11.3,-10.6,-10.23,14.05,15.49,15.78,3.72,1.91,4.64,4.0,,,,
345,97056527,11/3/2025,19:38:18,,,-1.21,-0.29,-0.52,-2.08,4.73,4.98,5.23,5.24,-0.35, ,0.3,-0.05,3.83, ,2.62,5.19, , , , , , , , ,-2.97,-2.06,1.17,3.89,0.47,2.22,0.09,4.57,6.47,4.89,1.79,-1.92, ,5.53, ,1.01,2.24, ,4.23,4.41, , , ,-3.04, , ,2.29, ,-0.09,4.1, ,0.93,-0.19,2.53,2.44,1.04,1.2,0.89,4.97,4.34,3.38,3.32,0.64, ,4.84, ,2.07,-2.01, ,4.11,3.59, , , ,0.58, , ,0.87,1.4,2.17,3.89,5.01,-11.44,-11.0,-10.62,14.51,15.58,15.7,3.58,1.15,4.4,4.09,,,,
346,97056493,11/3/2025,19:46:20,,,-1.42,-0.21,-0.74,-2.95,5.36,4.68,4.57,7.24,-0.98,-0.73,0.19,-0.63,4.48,4,2.94,7.5, , , , , , , , ,-2.6,-1.97,0.24,3.64,0.37,1.57,0.22,4.34,6,4.15,2.88,-2.08, ,5.61, ,0.88,1.69, ,5.08,4.54, , , ,-4.01, , ,2.09, ,0.04,3.64, ,-1.59,-0.68,3.71,3.79,0.42,1.6,0.51,4.64,4.3,3.65,2.41,-0.61, ,5.11, ,1.7,-1.38, ,4.18,3.94, , , ,-1.33, , ,2.04,1.01,1.27,3.96,4.51,-12.01,-10.39,-10.58,14.62,15.52,15.86,3.08,2.17,4.14,4.91,,,,
347,97056501,11/3/2025,19:48:09,,,-1.12,0.13,-0.61,-1.07,4.93,3.78,4.97,4.18,-1.33,-1.42,-0.41,-1.01,4.39,3.36,3.57,5.24, , , , , , , , ,-3.71,-1.98,2.35,4.25,0.62,2.13,0.53,4.23,6.18,4.59,0.76,-2.18, ,6.47, ,0.82,2.74, ,4.54,5.18, , , ,-5.99, , ,2.8, ,-1.0,3.96, ,-2.01,-0.79,2.73,3.26,1.08,0.69,1.18,4.74,4.23,3.46,2.29,-2.17, ,4.97, ,1.7,-0.58, ,4.41,4.02, , , ,0.1, , ,1.68,1.26,1.93,4.02,5.07,-11.39,-11.2,-10.51,14.38,15.52,15.8,3.63,1.63,4.65,4.4,,,,
348,97056477,11/3/2025,19:49:05,,,-1.71,-0.99,-1.1,-2.22,4.56,4.02,4.77,4.51,-0.79,-0.77,0.04,-0.39,4.22,3.14,3.18,4.94, , , , , , , , ,-3.02,-2.13,0.82,3.74,0.67,1.99,0.22,4.33,6.64,4.6,2.22,-2.42, ,6.16, ,0.75,2.33, ,5.23,4.9, , , ,-3.88, , ,2.37, ,-0.41,3.4, ,-1.71,-0.74,2.77,3.49,1.24,0.67,1.18,4.78,3.72,3.68,2.56,-1.79, ,5.51, ,1.59,-0.66, ,4.57,4.25, , , ,0.5, , ,1.18,1.44,2.36,3.72,4.64,-11.64,-10.57,-10.58,14.53,14.7,15.24,3.32,1.77,3.63,5.32,,,,
349,97056485,11/3/2025,19:49:55,,,-1.22,-0.23,-1.47,-1.15,4.69,3.99,5.05,4.02,-1.15,-0.78,-0.22,0.17,4.12,3.16,3.33,4.63, , , , , , , , ,-2.65,-1.99,0.59,3.73,-0.11,2.18,0.16,4.2,6.22,4.55,2.4,-1.49, ,5.12, ,0.95,1.77, ,4.3,4.64, , , ,-4.04, , ,1.7, ,-0.32,4.02, ,0.43,-0.72,1.63,2.89,0.91,1.45,0.84,4.93,4.42,3.56,3.89,-0.14, ,7.32, ,2.05,-1.66, ,4.79,2.89, , , ,0.88, , ,1.48,1.16,2.03,3.78,4.65,-11.92,-10.88,-10.72,14.47,14.92,15.44,3.45,1.62,4.49,4.27,,,,
350,97056451,11/3/2025,19:50:46,,,-1.44,0.74,-0.7,0.6,5.01,3.38,5.11,3.19,-1.02,-0.87,-0.35,-0.32,4.17,3.05,3.08,5.08, , , , , , , , ,-2.42,-1.72,0.66,3.78,0.19,2.39,0.29,4.54,6.72,4.78,2.28,-1.66, ,6.61, ,0.9,1.94, ,5.0,4.36, , , ,-3.7, , ,2.13, ,-0.89,3.26, ,-2.56,-0.73,2.67,3.88,1.4,1.37,0.86,4.58,4.73,4.12,2.36,-2.66, ,5.89, ,1.45,-0.87, ,4.24,3.25, , , ,0.12, , ,1.71,1.36,2.03,3.64,4.6,-11.51,-11.04,-10.79,14.75,15.06,15.59,4.0,1.17,4.32,4.63,,,,
351,97056469,11/3/2025,19:51:45,,,-1.43,-0.26,-0.24,-3.81,4.8,4.44,2.96,7.34,-1.43,-0.98,0.13,-1.36,4.37,4.37,3.5,8.02, , , , , , , , ,-2.6,-2.28,0.12,3.39,0.26,0.96,0.49,5.04,3.19,3.86,3.12,-1.69, ,5.48, ,0.84,1.74, ,5.4,4.56, , , ,-4.31, , ,1.85, ,-0.32,3.47, ,-1.66,-0.89,1.69,2.63,1.02,1.39,0.77,4.73,4.03,3.11,2.04,-2.35, ,5.33, ,1.35,-0.62, ,4.61,4.32, , , ,0.49, , ,1.95,1.24,2.03,4.06,4.89,-11.66,-11.44,-11.11,14.15,15.41,15.58,4.08,0.81,5.02,3.8,,,,
352,97056444,11/3/2025,19:52:38,,,-1.02,-0.27,-0.71,-1.28,5.14,4.18,4.72,4.94,-0.8,-0.4,0.13,0.07,4.19,3.12,3.15,4.64, , , , , , , , ,-3.07,-2.22,0.49,3.95,0.89,2.27,-0.69,4.57,6.15,4.61,2.48,-2.35, ,6.54, ,0.78,2.39, ,4.87,3.95, , , ,-4.66, , ,2.84, ,-0.77,3.76, ,-2.37,-0.47,2.77,3.69,1.24,1.21,1.15,4.9,4.8,4.19,2.02,-3.31, ,5.64, ,1.4,0.24, ,4.15,3.25, , , ,0.55, , ,1.46,1.28,2.08,3.61,4.66,-11.66,-10.97,-10.75,14.63,14.77,15.33,3.87,1.4,4.07,4.52,,,,
353,97055552,11/3/2025,19:53:32,,,-1.57,-0.41,-1.21,-1.38,5.12,4.22,5.08,4.54,-0.87,-0.31,0.1,0.2,4.05,3.08,3.47,5.3, , , , , , , , ,-2.83,-1.84,0.6,3.9,0.13,2.25,0.31,5.0,6.34,4.7,2.59,-2.24, ,5.66, ,0.91,2.16, ,4.54,4.36, , , ,-4.06, , ,2.03, ,-0.7,3.54, ,-2.07,-1.1,3.24,3.15,1.14,1.32,1.02,5.12,4.36,3.57,2.35,-1.71, ,5.39, ,1.58,-0.86, ,4.8,3.85, , , ,-0.88, , ,2.65,0.9,1.31,3.83,4.23,-11.65,-10.83,-10.68,14.92,15.29,15.68,3.72,1.15,4.07,4.57,,,,
354,97055545,11/3/2025,20:02:16,,,-0.71,0.05,-0.01,-3.74,5.07,4.13,3.17,6.64,-0.87,-0.8,-0.25,-0.34,4.4,3.82,3.62,7.67, , , , , , , , ,-2.13,-1.81,0.82,3.81,-0.01,2.07,0.11,4.61,6.22,4.8,2.3,-1.24, ,5.64, ,0.9,1.63, ,4.49,4.37, , , ,-4.0, , ,1.86, ,-0.62,3.54, ,-0.56,-0.74,2.09,3.65,0.32,1.38,0.69,5.25,4.17,2.93,3.81,0.06, ,8.11, ,2.28,-1.82, ,5.56,3.13, , , ,-0.97, , ,2.51,0.94,1.26,3.55,3.91,-11.76,-10.87,-10.74,14.33,15.35,15.65,3.24,1.56,4.6,4.41,,,,
355,97055693,11/3/2025,20:03:47,,,-1.11,-0.12,-0.61,-1.69,4.93,4.21,4.77,4.74,-0.53,-1.14,-0.34,-0.35,4.2,3.05,2.97,4.71, , , , , , , , ,0.15,-1.21,-0.05,3.39,0.47,1.64,0.5,5.13,6.25,4.92,3.29,0.57, ,5.62, ,1.3,0.33, ,4.46,3.88, , , ,-4.18, , ,1.91, ,-0.68,3.83, ,-2.7,-0.79,3.78,3.03,1.2,1.2,0.94,4.52,4.35,3.74,1.6,-1.82, ,4.77, ,1.63,-0.99, ,4.35,4.71, , , ,-0.72, , ,1.66,1.01,1.47,3.89,4.75,-11.51,-10.43,-10.27,13.85,14.72,14.85,3.29,1.54,4.0,4.66,,,,
356,97055685,11/3/2025,20:05:19,,,-0.93,0.18,-0.29,-1.41,4.55,4.31,4.62,4.68,-1.44,-1.13,-0.27,-0.56,4.37,3.13,3.22,5.03, , , , , , , , ,-3.01,-1.76,1.17,3.97,0.65,2.12,0.42,4.03,6.19,5.25,1.47,-2.0, ,4.48, ,0.86,3.51, ,4.06,1.22, , , ,-3.41, , ,0.44, ,-0.14,3.36, ,-0.89,-0.73,3.04,3.55,1.1,1.1,1.28,4.54,4.6,3.29,2.22,-0.06, ,5.44, ,1.96,-1.38, ,4.15,3.86, , , ,-0.94, , ,1.97,1.08,1.35,3.57,4.46,-11.22,-10.88,-10.53,14.42,14.88,15.31,3.86,1.04,4.15,4.12,,,,
357,97055602,11/3/2025,20:06:44,,,-1.28,-0.9,-0.65,-2.57,5.3,4.69,4.68,4.78,-0.6,-0.31,-0.23,0.52,3.8,2.59,3.08,4.17, , , , , , , , ,-1.92,-1.79,1.65,3.89,0.23,2.27,0.03,4.27,6.5,4.91,1.46,-1.66, ,5.71, ,0.79,1.86, ,4.62,4.81, , , ,-3.85, , ,2.01, ,-0.65,3.78, ,0.2,-0.56,2.14,2.64,0.93,1.26,0.87,5.23,4.31,3.56,3.52,-0.66, ,7.2, ,1.95,-1.47, ,5.15,2.81, , , ,-0.17, , ,2.49,1.22,1.96,4.2,4.46,-11.33,-10.76,-10.38,14.23,14.74,14.88,3.82,1.03,4.09,4.09,,,,
358,97055594,11/3/2025,20:08:20,,,-1.09,-1.04,-0.96,-2.18,5.2,4.42,5.06,4.98,-0.67,-0.87,-0.32,-0.42,3.99,3.17,3.3,5.55, , , , , , , , ,-0.53,-2.04,-0.34,2.9,-0.32,1.75,0.08,4.38,5.84,3.96,4.39,0.0, ,5.97, ,1.6,1.17, ,5.25,4.55, , , ,-3.36, , ,1.46, ,-0.31,3.66, ,0.12,-0.57,2.37,3.15,1.36,1.12,1.17,4.7,4.31,3.56,3.23,-0.29, ,6.29, ,1.95,-1.45, ,4.69,3.3, , , ,0.37, , ,2.13,1.24,2.19,3.98,4.54,-11.14,-10.99,-10.47,13.82,14.6,14.8,4.27,0.91,4.37,4.08,,,,
359,97055586,11/3/2025,20:09:05,,,-0.92,-0.65,-0.24,-4.49,5.04,4.57,4.63,7.16,-1.53,-1.17,-0.15,-0.99,3.97,3.61,3.57,7.68, , , , , , , , ,-2.11,-1.3,2.06,4.04,0.4,1.64,0.79,4.34,6.23,4.84,0.93,-1.32, ,5.83, ,0.88,2.28, ,4.3,5.29, , , ,-4.23, , ,1.87, ,-0.47,3.76, ,-0.97,-0.96,3.25,3.46,1.13,1.5,0.63,4.67,4.36,3.34,1.96,-0.87, ,5.36, ,1.59,-1.52, ,4.38,3.53, , , ,-0.12, , ,1.88,1.05,1.76,3.86,4.51,-11.07,-10.54,-10.17,13.9,15.17,15.2,3.71,1.09,4.63,4.21,,,,
360,97047658,11/3/2025,20:12:23,,,-1.18,-0.77,-1.06,-2.84,5.3,5.31,5.24,5.7,-1.35,-1.56,-0.42,-1.24,3.84,2.18,2.88,5.18, , , , , , , , ,-0.88,-1.51,-0.18,3.22,0.03,2.16,0.26,4.4,6.34,4.17,3.52,-0.21, ,5.39, ,1.17,0.66, ,4.64,3.29, , , ,-4.33, , ,1.73, ,-0.61,3.88, ,-1.6,-1.05,3.06,3.14,1.49,1.29,0.99,4.29,4.8,3.43,2.4,-1.79, ,3.92, ,1.46,-0.9, ,3.83,4.31, , , ,0.33, , ,1.16,1.27,2.1,4.04,4.97,-11.89,-11.28,-11.01,14.71,14.69,15.15,3.98,1.41,3.67,4.73,,,,
361,97056741,11/3/2025,20:13:46,,,-1.58,-1.19,-1.31,-2.56,5.37,4.87,4.85,5.13,-0.81,-0.03,0.27,0.86,3.95,2.65,2.96,4.27, , , , , , , , ,-1.59,-1.45,0.65,3.31,0.46,1.74,0.85,5.16,6.25,4.45,2.58,-1.08, ,5.86, ,0.92,1.38, ,4.79,4.68, , , ,-2.83, , ,1.83, ,0.33,3.59, ,-2.58,-0.69,4.36,4.06,1.29,1.06,0.79,4.84,4.66,4.82,1.29,-1.35, ,4.62, ,1.6,-1.2, ,3.53,4.02, , , ,-1.5, , ,2.36,1.06,1.13,3.97,4.46,-11.73,-10.58,-10.55,13.99,15.9,15.5,3.43,1.83,4.69,4.11,,,,
362,97055560,11/3/2025,20:14:27,,,-0.85,0.04,-0.31,-2.8,4.56,4.74,4.24,7.61,-2.14,-1.41,-0.07,-1.93,4.36,3.91,3.39,7.55, , , , , , , , ,-2.63,-1.99,0.98,3.24,0.75,1.81,0.33,4.21,6.36,4.63,1.7,-1.6, ,4.71, ,0.73,2.17, ,4.74,5.78, , , ,-3.77, , ,0.71, ,-0.16,3.21, ,-2.69,-1.0,4.5,4.32,1.33,1.65,0.51,4.58,4.86,4.36,0.95,-2.82, ,4.54, ,1.32,-0.16, ,3.76,3.8, , , ,-0.4, , ,2.7,1.12,1.68,3.84,4.19,-11.39,-11.42,-10.71,13.64,14.63,14.85,4.08,1.1,5.15,3.69,,,,
363,97055610,11/3/2025,20:15:50,,,-1.53,-1.09,-1.27,-2.27,4.82,4.71,5.17,5.36,-0.17,-0.07,-0.25,1.02,3.59,2.53,2.96,4.82, , , , , , , , ,-3.5,-2.21,0.8,3.67,0.48,1.63,0.26,4.57,6.49,4.98,1.98,-2.78, ,5.42, ,0.76,2.64, ,4.67,5.14, , , ,-4.6, , ,1.62, ,-0.71,3.52, ,-2.91,-0.93,2.53,3.57,1.21,1.61,0.64,4.55,4.81,4.29,2.65,-2.2, ,6.4, ,1.68,-0.91, ,4.46,3.09, , , ,-1.13, , ,2.58,1.07,1.16,3.84,3.93,-12.0,-10.61,-10.71,14.99,14.88,15.39,4.0,1.37,3.88,4.62,,,,
364,97055537,11/3/2025,20:16:33,,,-0.87,-0.46,-0.54,-3.25,5.18,4.55,4.01,7.49,-0.96,-1.33,-0.03,-2.05,4.37,4.11,3.1,7.51, , , , , , , , ,-3.1,-1.87,1.29,3.68,0.72,1.72,0.6,4.11,6.17,4.18,1.31,-1.14, ,5.3, ,0.9,1.75, ,4.49,5.12, , , ,-5.16, , ,1.0, ,-1.04,3.77, ,-2.72,-1.02,3.65,3.59,1.01,1.75,0.38,4.22,4.55,3.28,1.7,-1.98, ,5.97, ,1.49,-0.43, ,4.07,2.65, , , ,-1.38, , ,2.88,0.96,1.12,4.34,4.21,-11.88,-10.61,-10.52,14.16,15.07,15.22,3.97,0.7,3.99,4.37,,,,
365,97052807,11/3/2025,20:17:54,,,-0.75,0.18,-0.26,-2.81,4.97,4.25,4.43,6.94,-0.8,-0.74,-0.2,-0.35,4.36,3.74,3.57,7.69, , , , , , , , ,-2.1,-2.03,0.21,3.43,0.62,1.51,0.23,5.08,6.33,4.29,2.95,-0.99, ,5.59, ,0.97,1.28, ,4.75,4.47, , , ,-4.21, , ,0.83, ,-0.99,3.58, ,-2.58,-0.91,2.82,2.84,0.98,1.82,0.66,4.54,4.0,2.41,2.29,-1.61, ,6.21, ,1.77,-0.63, ,4.86,4.14, , , ,-0.43, , ,2.02,1.5,1.94,4.04,4.69,-11.17,-10.76,-10.2,13.94,15.12,15.3,3.82,1.37,4.54,4.06,,,,
366,97052799,11/3/2025,20:19:05,,,-0.87,-0.8,-1.26,-1.96,4.97,4.36,5.06,4.67,-0.41,-0.12,-0.46,0.97,3.6,2.42,2.93,4.78, , , , , , , , ,-1.73,-1.49,0.74,3.47,0.55,1.6,0.69,4.0,6.32,4.22,2.46,-0.87, ,5.1, ,1.03,1.23, ,4.79,5.05, , , ,-3.74, , ,1.37, ,-0.65,3.61, ,-1.38,-0.87,2.36,3.15,1.24,1.42,0.86,4.52,4.34,2.87,3.26,-0.62, ,6.95, ,2.0,-1.55, ,4.79,3.09, , , ,-0.76, , ,2.39,1.6,2.12,4.24,4.8,-10.95,-11.27,-10.35,14.67,15.23,15.4,4.28,0.85,4.63,3.7,,,,
367,97052781,11/3/2025,20:23:34,,,-1.33,-0.9,-0.85,-2.55,5.21,4.55,5.15,4.54,-0.08,-0.36,-0.21,0.36,4.12,2.45,3.14,5.19, , , , , , , , ,-3.39,-2.11,1.09,3.48,0.35,1.57,0.33,4.07,6.24,4.65,1.79,-2.83, ,6.58, ,0.63,2.75, ,4.78,4.22, , , ,-3.93, , ,2.57, ,-0.93,3.87, ,-2.91,-0.75,3.38,4.08,0.91,1.06,0.45,4.55,4.9,4.04,2.09,-1.78, ,5.84, ,1.65,-1.14, ,4.13,2.86, , , ,-1.3, , ,2.81,1.15,1.36,4.08,4.31,-11.53,-11.23,-10.94,13.75,15.15,15.41,3.5,1.12,4.88,3.6,,,,
368,97055677,11/3/2025,20:24:58,,,-1.08,-0.46,-1.24,-1.36,5.05,4.18,4.77,5.12,-0.16,-0.47,-0.03,0.31,3.38,2.69,2.83,4.98, , , , , , , , ,-1.51,-1.69,1.5,3.5,1.62,2.8,0.3,4.34,6.28,4.35,1.94,0.15, ,4.77, ,1.15,0.89, ,4.27,4.65, , , ,-5.53, , ,1.58, ,-1.4,3.74, ,0.2,-0.36,1.81,2.39,0.92,1.12,0.87,4.95,4.41,3.43,4.14,0.21, ,7.61, ,2.22,-2.45, ,4.97,2.21, , , ,-0.29, , ,2.46,1.18,1.76,4.32,4.64,-11.74,-11.41,-11.23,13.97,15.07,15.45,3.74,1.21,4.56,4.0,,,,
369,97055669,11/3/2025,20:25:39,,,-1.4,-0.11,-0.35,-3.3,3.82,4.14,4.07,6.73,-0.88,-1.28,-0.53,-1.22,4.72,4.89,3.82,7.97, , , , , , , , ,-1.36,-1.69,1.15,3.61,0.81,1.63,0.63,4.68,6.07,4.39,1.88,-0.86, ,4.85, ,0.99,1.08, ,4.04,4.66, , , ,-3.15, , ,1.48, ,0.05,4.18, ,0.41,-0.43,1.79,2.97,0.38,1.58,0.69,4.5,4.0,2.43,3.99,-0.14, ,6.02, ,2.15,-2.06, ,4.5,2.92, , , ,1.0, , ,1.62,1.54,2.3,3.97,5.12,-11.66,-11.23,-10.82,14.07,14.95,15.14,3.77,1.55,4.66,3.59,,,,
370,97055651,11/3/2025,20:26:21,,,-1.21,0.3,-0.64,-2.28,4.84,3.8,4.09,6.43,-1.56,-1.16,-0.4,-1.29,4.21,4.71,3.33,8.06, , , , , , , , ,-1.54,-1.6,0.55,3.33,0.19,1.54,0.39,4.24,6,4.19,2.69,-1.26, ,6.41, ,0.81,1.26, ,5.24,3.8, , , ,-3.97, , ,2.91, ,-0.49,3.86, ,-1.71,-1.04,2.3,3.5,0.82,1.51,0.39,4.87,4.24,3.58,1.69,-2.59, ,5.23, ,1.48,-0.37, ,4.09,4.13, , , ,1.47, , ,2.1,1.32,2.2,3.82,4.5,-11.64,-11.23,-10.73,13.98,15.58,15.54,3.59,1.76,4.65,3.71,,,,
371,97055644,11/3/2025,20:27:03,,,-2.17,-1.54,-1.57,-2.84,4.77,4.76,5,4.65,-0.1,-0.16,0.32,0.76,4.14,2.57,2.92,4.55, , , , , , , , ,-0.67,-2.08,-0.61,2.88,0.02,1.84,0.19,5.12,6.28,4.08,3.63,-0.26, ,5.42, ,1.27,1.04, ,5.15,4.46, , , ,-2.94, , ,1.0, ,0.1,3.79, ,-0.59,-0.55,2.07,2.79,0.72,1.11,0.85,4.7,4.03,3.12,3.27,-1.26, ,6.19, ,1.78,-1.23, ,4.84,3.94, , , ,0.42, , ,1.91,1.37,2.12,3.94,4.75,-11.85,-10.93,-10.8,14.38,14.01,15.1,4.45,1.94,3.9,5.52,,,,
372,97055628,11/3/2025,20:27:45,,,-1,-1.11,-1.08,-2.66,5.17,4.57,5.12,5.08,-0.7,-1.06,-0.08,-0.33,3.79,3.01,2.81,5.24, , , , , , , , ,-3.18,-1.58,2.24,3.7,1.13,1.61,0.66,4.22,6.64,4.6,0.51,-2.15, ,6.09, ,0.62,2.67, ,4.57,5.03, , , ,-4.1, , ,2.25, ,-0.6,3.92, ,-1.9,-0.79,2.55,3.33,0.97,1.08,0.91,5.22,4.29,3.76,1.32,-1.99, ,5.88, ,1.36,-0.27, ,4.52,4.52, , , ,0.26, , ,2.91,0.93,1.74,4.06,4.26,-11.74,-10.71,-10.65,13.75,15.34,15.31,3.72,1.32,4.71,3.43,,,,
373,97052815,11/3/2025,20:28:28,,,-1.01,-0.39,-0.39,-3.72,5.09,4.97,4.55,7.57,-0.91,-0.52,0.24,-0.13,4.07,4.32,3.22,7.46, , , , , , , , ,-2.88,-1.92,1.54,3.91,0.65,1.4,0.79,4.13,5.66,4.47,1.37,-2.65, ,6.55, ,0.73,2.63, ,4.51,4.59, , , ,-3.91, , ,2.44, ,-0.6,3.86, ,-1.69,-0.67,2.49,3.88,0.67,1.29,0.37,5.26,4.01,3.87,2.86,-1.85, ,5.75, ,1.77,-1.09, ,4.43,3.45, , , ,0.27, , ,1.9,1.3,2.26,4.05,4.69,-11.3,-10.75,-10.32,14.65,14.75,15.43,3.4,1.65,3.78,4.66,,,,
374,97052773,11/3/2025,20:31:22,,,-0.89,-0.63,-1,-3.26,3.61,3.45,3.69,5.96,-0.39,-1.14,-0.73,-2.08,4.85,5.63,4.4,8.47, , , , , , , , ,-4.03,-2.25,1.17,3.44,0.88,1.65,0.82,4.21,6.29,4.41,1.8,-3.51, ,5.7, ,0.51,2.72, ,4.95,5.23, , , ,-3.62, , ,2.06, ,-0.29,3.66, ,-1.38,-1.1,2.42,3.65,0.52,1.76,0.12,4.76,3.81,3.44,3.73,-0.26, ,7.49, ,2.44,-1.01, ,4.69,2.37, , , ,-1.18, , ,2.25,0.87,1.14,3.74,4.25,-11.15,-10.57,-10.18,14.31,15.05,15.14,3.55,1.21,4.04,4.73,,,,
375,97052757,11/3/2025,20:32:05,,,-0.73,-1.0,-0.62,-2.74,5.05,4.9,4.97,5.7,-0.56,-0.75,0.04,0.25,3.9,2.24,2.72,4.1, , , , , , , , ,-2.12,-1.72,0.69,3.68,0.61,1.78,0.22,4.75,6.53,4.25,2.25,-0.83, ,4.48, ,0.98,0.89, ,4.59,5.25, , , ,-4.94, , ,0.85, ,-0.73,3.15, ,-1.33,-0.84,3.15,3.46,1.3,1.29,0.75,4.69,4.68,3.87,2.92,-0.43, ,5.76, ,2.11,-1.09, ,4.37,3.38, , , ,-1.15, , ,2.41,1.18,1.48,4.31,4.62,-11.65,-10.49,-10.5,13.08,14.61,14.69,3.33,1.36,4.46,3.61,,,,
376,97052732,11/3/2025,20:32:47,,,-0.72,0.27,-0.92,-2.35,5.12,4.73,4.54,7.96,-2.04,-1.68,-0.43,-2.03,4.76,4.55,3.64,7.67, , , , , , , , ,-1.71,-1.55,0.57,3.39,1.33,2.19,0.48,4.1,5.75,3.6,2.47,-1.45, ,5.53, ,1.0,1.73, ,5.09,4.92, , , ,-3.96, , ,1.82, ,-0.55,3.39, ,-1.76,-1.07,2.79,2.6,1.11,1.25,0.71,5.02,4.34,3.16,3,-0.53, ,8.33, ,2.13,-1.27, ,5.78,3.31, , , ,-2.66, , ,3.67,0.77,0.52,3.99,3.67,-11.66,-10.62,-10.66,13.8,15.5,15.26,3.24,1.33,4.78,3.88,,,,
377,97052765,11/3/2025,20:33:29,,,-1.2,0.05,-0.29,-3.32,3.86,4.06,3.72,6.93,-1.58,-1.25,-0.22,-1.1,4.54,4.66,3.87,8.08, , , , , , , , ,-1.87, ,0.9, ,0.39,1.75,0.34,4.31,6.03,4.86,2.14,-0.93, ,5.33, ,0.86,1.25, ,4.76,4.5, , , ,-4.46, , ,1.95, ,-0.55,3.87, ,-0.97,-0.69,2.07,2.9,1.08,1.46,0.81,4.7,4.11,2.77,3.4,-0.71, ,6.95, ,1.95,-1.42, ,5.16,3.61, , , ,-0.67, , ,2.77,1.09,1.4,3.94,4.45,-11.73,-10.64,-10.42,14.28,15.16,15.27,3.6,1.84,4.49,4.14,,,,
378,97060149,11/3/2025,20:56:54,,,-1.29,-0.72,-0.88,-2.12,5.02,5.14,5.24,5.39,-1.78,-0.28,0.17,0.38,3.94,2.84,3.4,5.3, , , , , , , , ,-2,-1.74,0.41,3.45,0.77,1.47,0.63,4.13,6.22,5.0,2.66,-1.0, ,6.39, ,0.84,1.46, ,5.15,4.88, , , ,-4.59, , ,1.72, ,-1.06,3.38, ,-1.86,-1.2,3.19,2.88,1.11,1.02,0.41,4.66,4.47,3.8,2.09,-0.56, ,6.5, ,1.86,-1.06, ,4.63,3.95, , , ,-1.8, , ,2.07,0.88,1.04,3.61,4.33,-11.26,-10.82,-10.58,13.7,14.9,15.32,3.43,1.2,4.16,3.78,,,,
379,97052740,11/3/2025,20:58:58,,,-1.21,-0.79,-0.54,-4.67,4.25,4.04,4.2,7.41,-2.06,-2.34,-0.76,-2.94,4.71,4.79,3.94,8.08, , , , , , , , ,-1.27,-1.2,1.76,3.96,1.03,1.22,0.95,5.24,6.62,4.79,1.72,-0.94, ,6.86, ,0.82,1.86, ,4.81,4.38, , , ,-5.71, , ,3.13, ,-1.41,3.91, ,-0.18,-0.68,1.97,2.52,1.18,1.46,0.72,4.97,4.33,2.98,3.61,-0.03, ,7.31, ,2.16,-1.47, ,4.91,3.14, , , ,-0.39, , ,1.91,1.12,1.57,3.92,4.46,-11.89,-10.72,-10.75,14.05,14.73,14.99,3.31,1.21,4.27,4.32,,,,
380,97060198,11/3/2025,21:01:03,,,-1.83,-1.05,-1.39,-2.44,4.96,4.8,5.02,5.1,-0.38,-0.37,-0.08,0.6,3.77,2.67,2.71,4.77, , , , , , , , ,-2.76,-1.65,1.21,3.73,1.12,1.79,0.61,4.09,6.64,5.17,1.46,-1.57, ,4.44, ,0.91,2.69, ,4.2,3, , , ,-3.66, , ,0.61, ,-0.08,3.32, ,-2.25,-1.09,3.37,3.09,1.17,1.3,0.63,4.64,4.43,3.68,2.01,-1.93, ,6.8, ,1.48,-0.6, ,5.18,4.28, , , ,-1.13, , ,2.63,0.78,1.43,3.93,4.08,-11.88,-10.65,-10.62,13.89,14.06,14.66,3.48,1.03,3.35,4.56,,,,
381,97060081,11/3/2025,21:33:02,,,-0.71,-0.46,-0.58,-3.59,4.83,4.58,4.33,7.22,-1.54,-0.58,-0.13,-0.16,4.51,4.16,3.48,7.32, , , , , , , , ,-3.51,-2.03,0.81,3.54,0.84,1.38,0.64,4.32,6.23,4.19,1.9,-1.72, ,5.21, ,0.62,1.85, ,4.7,5.03, , , ,-4.79, , ,1.12, ,-0.92,3.3, ,-0.13,-0.5,2.56,3.16,0.97,1.41,0.96,4.6,4.07,2.65,3.59,1.46, ,7.37, ,2.27,-2.31, ,4.82,3.45, , , ,-1.94, , ,2.35,0.82,1.11,3.84,4.34,-11.33,-11.04,-10.64,13.82,14.86,14.73,3.48,1.28,4.72,4.39,,,,
382,97060131,11/3/2025,21:33:44,,,-1.41,-0.93,-0.76,-2.77,4.93,4.52,4.73,4.7,-0.76,-0.72,-0.46,-0.29,4.28,2.87,3.24,5.31, , , , , , , , ,-1.88,-1.81,1.29,3.84,0.53,1.73,0.49,4.18,6.2,4.48,1.52,-1.27, ,5.62, ,0.76,2.05, ,4.3,4.53, , , ,-4.39, , ,1.75, ,-0.49,4.04, ,0.18,-0.82,1.95,2.7,1.08,1.57,0.77,4.4,4.47,3.19,3.91,0.16, ,7.3, ,2.25,-1.81, ,4.96,2.53, , , ,-0.22, , ,2.38,1.03,1.89,4.2,4.66,-11.49,-11.62,-10.85,12.73,14.05,14.21,4.16,0.95,5.18,3.19,,,,
383,97060073,11/3/2025,21:35:09,,,-0.53,0.3,-0.4,-2.66,4.03,3.95,4.05,6.54,-1.3,-1.65,-0.66,-1.73,3.99,5.22,3.99,8.69, , , , , , , , ,-1.8, ,0.77, ,0.37,1.09,0.53,4.38,5.66,4.27,2.51,-1.31, ,6.87, ,0.83,1.73, ,4.87,4.09, , , ,-4.78, , ,2.8, ,-0.73,3.79, ,-1.97,-0.95,1.09,3.49,0.58,1.9,0.62,4.65,4.78,3.61,1.58,-1.51, ,5.27, ,1.54,-1.11, ,4.24,4.47, , , ,-0.51, , ,2.71,0.92,1.58,3.85,4.44,-11.47,-11.93,-11.24,13.64,15.06,14.96,4.19,0.97,4.58,3.85,,,,
384,97060065,11/3/2025,21:35:51,,,-0.96,0.0,-0.04,-3.27,3.89,4.43,4.16,7.5,-0.84,-1.04,-0.2,-0.84,4.16,4.41,3.29,7.7, , , , , , , , ,-0.78,-1.34,-0.34,2.7,0.58,0.99,0.9,4.96,3.53,4.27,3.78,-0.23, ,6.51, ,1.05,0.4, ,5.66,3.75, , , ,-5.03, , ,2.17, ,-0.83,3.59, ,-0.35,-1.02,2.31,3.37,0.36,2.04,-0.03,4.72,4.13,3.24,2.75,-1.55, ,5.4, ,1.72,-1.03, ,4.45,3.79, , , ,1.99, , ,0.9,1.48,2.75,3.93,5.21,-11.15,-10.69,-10.4,13.87,15.12,15.15,3.6,2.16,4.89,4.05,,,,
385,97055636,11/3/2025,21:36:33,,,-0.76,-0.25,-0.57,-3.05,3.76,3.93,4.28,6.67,-1.7,-1.35,-0.18,-1.67,4.59,4.71,3.66,8.35, , , , , , , , ,-2.22,-1.97,0.38,3.61,0.07,1.82,0.2,4.97,5.88,4.39,2.24,-1.03, ,5.48, ,1.0,1.43, ,4.6,5.01, , , ,-4.86, , ,0.71, ,-0.93,3.03, ,-2.49,-1.17,4.63,3.86,1.45,1.8,0.46,4.47,4.64,4.13,0.99,-2.0, ,5.25, ,1.5,-0.13, ,4.21,4.21, , , ,-0.42, , ,2.64,0.92,1.62,4.14,4.19,-11.38,-10.67,-10.35,14.29,15.41,15.34,3.62,1.8,4.49,4.41,,,,
386,97060040,11/3/2025,21:37:15,,,-1.39,-0.85,-0.31,-2.49,4.88,4.7,4.39,5.14,-0.54,-0.45,-0.06,0.18,4.04,3.09,3.23,5.02, , , , , , , , ,-1.22,-1.63,0.97,3.69,0.41,1.93,0.34,4.05,6.16,4.75,2.04,-0.42, ,6.34, ,0.95,1.2, ,4.8,4.53, , , ,-4.82, , ,1.93, ,-0.85,3.59, ,-0.23,-1.06,2.12,2.86,0.79,1.93,0.32,4.28,4.19,3.16,3.41,-0.71, ,7.19, ,2.01,-1.16, ,4.74,2.77, , , ,0.16, , ,2.41,0.98,1.78,4.11,4.59,-11.11,-10.44,-10.21,13.52,14.6,14.63,3.33,1.83,3.96,4.51,,,,
387,97055578,11/3/2025,21:37:57,,,-1.03,-0.77,-0.8,-2.53,5.19,4.49,4.76,5.19,-0.54,-0.33,0.28,0.45,3.83,2.75,2.99,5.06, , , , , , , , ,-4.3,-1.95,1.22,3.53,1.2,1.8,0.69,4.21,6.49,4.47,1.26,-3.19, ,5.31, ,0.62,2.91, ,4.57,5.82, , , ,-2.93, , ,1.29, ,0.16,3.33, ,-3.3,-0.99,3.12,2.35,1.08,1.35,0.91,4.61,4.59,3.68,1.84,-2.52, ,5.73, ,1.46,-0.08, ,4.66,4.34, , , ,-0.96, , ,1.66,1.04,1.51,3.75,4.51,-11.71,-10.94,-10.64,13.83,14.27,14.62,4.19,1.53,3.97,4.6,,,,
388,97060032,11/3/2025,21:38:39,,,-1.41,-0.18,-0.69,-3.39,4.93,4.65,4.79,7.61,-1.44,-1.06,-0.32,-0.84,4.68,4.46,3.97,8.65, , , , , , , , ,-1.72,-1.43,1.54,3.85,0.74,1.39,0.75,4.42,5.84,4.87,1.17,-1.08, ,4.33, ,0.75,1.74, ,4.15,4.86, , , ,-3.92, , ,1.11, ,-0.15,3.53, ,-1.61,-0.98,2.51,3.91,0.94,1.89,0.85,4.76,4.29,2.88,1.57,-1.4, ,4.23, ,1.57,-0.69, ,3.82,4.17, , , ,0.69, , ,1.46,1.16,2.08,4.18,4.9,-11.66,-10.65,-10.64,14.52,14.55,15.19,3.34,1.3,3.27,4.88,,,,
389,97060024,11/3/2025,21:39:22,,,-1.24,-0.74,-0.63,-4.04,4.53,4.2,4.13,7.42,-1.31,-0.93,-0.18,-0.66,4.14,4.28,3.45,7.73, , , , , , , , ,-3.61,-1.78,2.36,3.69,1.69,0.42,0.78,4.34,1.97,4.73,0.24,-2.64, ,4.5, ,0.58,2.85, ,3.99,6.05, , , ,-3.77, , ,0.84, ,-0.45,3.75, ,-1.82,-0.71,2.89,2.94,0.7,1.65,1.02,4.84,4.22,2.85,2.7,-1.42, ,7.23, ,1.69,-1.31, ,5.16,3.69, , , ,-0.37, , ,2.58,1.04,1.61,3.88,4.41,-11.74,-10.97,-10.81,14.16,15.1,15.22,3.91,1.45,4.58,4.49,,,,
390,97060016,11/3/2025,21:41:28,,,-1.17,-0.22,-0.21,-3.68,4.61,5.06,4.48,7.94,-1.68,-1.86,-0.5,-1.6,4.57,4.08,3.41,7.49, , , , , , , , ,-1.99,-1.79,0.02,3.2,0.38,1.61,0.28,4.34,6.1,4.52,3.28,-1.41, ,5.76, ,0.9,1.29, ,5.15,4.19, , , ,-4.17, , ,1.7, ,-0.71,3.69, ,0.12,-0.41,1.9,2.49,1.14,1.77,1.27,4.9,3.91,2.33,3.99,-0.06, ,6.04, ,2.19,-1.98, ,4.74,3.14, , , ,-0.08, , ,2.01,1.17,1.67,4.12,4.84,-11.3,-10.73,-10.43,14.21,15.1,15.13,3.83,0.76,4.31,4.48,,,,
391,97060008,11/3/2025,21:42:52,,,-1.1,-0.34,-0.35,-3.84,4.74,4.63,4.98,7.25,-0.95,-1.77,-0.22,-1.77,4.34,4.04,3.78,8.07, , , , , , , , ,-1.07, ,-0.08, ,0.48,1.76,0.45,5.38,6.41,4.41,3.15,-0.52, ,6.7, ,0.97,0.56, ,5.32,4.08, , , ,-5.22, , ,1.72, ,-1.04,3.13, ,-0.62,-1.11,2.18,2.59,0.46,1.86,-0.12,4.35,3.99,3.03,3.74,-0.26, ,6.05, ,2.1,-2.1, ,4.84,3.22, , , ,0.26, , ,1.63,1.2,1.95,3.86,4.91,-11.52,-10.8,-10.52,14.01,15.26,15.08,3.35,1.12,4.29,3.94,,,,
392,97059984,11/3/2025,21:43:35,,,-0.85,-0.06,-0.28,-3.28,4.53,4.48,3.99,7.61,-1.01,-1.2,-0.23,-0.67,4.1,3.99,3.36,7.24, , , , , , , , ,-2.11,-1.58,0.36,3.93,0.3,1.65,0.3,4.29,5.91,4.44,2.31,-1.36, ,7.13, ,0.82,1.53, ,4.93,3.32, , , ,-6.05, , ,2.87, ,-1.96,3.58, ,-1.04,-1.02,2.21,2.84,0.48,1.6,0.47,4.77,4.37,2.97,3.26,-0.68, ,5.29, ,1.99,-1.14, ,4.52,4.3, , , ,0.43, , ,0.53,1.43,2.15,3.71,4.98,-11.47,-10.97,-10.5,14.38,15.29,15.31,3.7,1.95,4.91,3.74,,,,
393,97059992,11/3/2025,21:45:41,,,-0.72,-0.31,-0.57,-3.66,3.81,4.43,3.97,7.64,-1.05,-3.02,-1.97,-3.26,4.5,5.13,4.53,8.39, , , , , , , , ,-2.6,-1.98,0.18,3.28,0.43,1.19,0.4,4.81,6.08,4.27,2.93,-2.26, ,6.53, ,0.79,1.43, ,5.05,3.44, , , ,-4.55, , ,2.6, ,-0.96,3.64, ,-0.54,-0.59,3.04,3.01,0.83,1.54,0.38,5.31,4.39,3.15,2.69,-0.49, ,5.85, ,1.79,-1.04, ,4.88,3.87, , , ,-0.96, , ,2.23,0.95,1.35,3.94,4.55,-11.36,-11.17,-10.75,14.09,14.97,15.11,3.74,1.39,4.8,4.1,,,,
394,97059976,11/3/2025,21:51:35,,,-0.71,-0.22,-0.75,-3.64,3.36,3.28,4,6.9,-0.04,-1.63,-0.03,-1.53,4.62,5.56,4.17,8.8, , , , , , , , ,-2.63, ,1.08, ,0.75,0.36,0.15,4.51,2.73,4.32,1.6,-1.61, ,5.65, ,0.78,1.99, ,4.9,5.15, , , ,-4.53, , ,1.45, ,-0.88,3.41, ,-0.31,-0.88,2.24,2.75,0.76,1.49,0.39,4.66,3.98,3.49,3.5,-0.37, ,6.04, ,1.89,-1.98, ,4.59,3.48, , , ,0.36, , ,2.03,1.06,1.85,4.17,4.9,-11.58,-11.22,-10.97,13.83,15.07,15.26,3.88,1.15,4.08,4.48,,,,
395,97059950,11/3/2025,21:52:17,,,-1.46,-1.2,-0.68,-2.89,4.52,4.63,4.41,5.3,0.21,-0.13,0.3,0.66,3.72,2.98,3.22,4.82, , , , , , , , ,-2.15,-1.4,1.19,3.41,0.38,1.49,0.65,4.42,6.36,4.67,1.49,-1.43, ,5.14, ,0.79,1.81, ,4.96,6.3, , , ,-3.09, , ,-0.01, ,-0.29,2.7, ,-2.53,-0.82,3.15,3.81,0.83,1.2,0.52,4.48,4.83,4.46,1.91,-1.75, ,5.41, ,1.59,-1.19, ,4.1,3.88, , , ,-0.37, , ,1.34,1.1,1.51,3.43,4.58,-11.94,-10.74,-10.78,14.44,13.94,14.78,3.82,1.6,3.8,4.72,,,,
396,97060271,11/3/2025,21:53:00,,,-1.04,-1.02,-0.73,-2.86,5.33,5.17,5.1,5.85,0.02, ,0.11,0.0,3.97, ,2.83,5.09, , , , , , , , ,-0.89,-1.4,0.31,3.47,0.31,1.33,0.43,4.55,6.49,4.16,2.87,0.47, ,6.15, ,1.03,0.73, ,5.11,3.94, , , ,-5.6, , ,1.96, ,-1.62,3.12, ,-3.35,-0.84,3.79,4.04,1.1,1.16,0.88,4.56,4.98,4.5,1.56,-2.8, ,5.49, ,1.38,-0.69, ,4.18,3.34, , , ,-1.2, , ,2.58,0.95,1.4,3.81,4.05,-11.27,-11.2,-10.45,13.91,14.53,14.73,4.1,1.23,4.74,3.8,,,,
397,97059968,11/3/2025,21:54:28,,,-1.05,-1.25,-1.17,-2.74,5.42,4.89,4.88,5.58,-0.06,-0.74,-0.64,-0.16,4.13,2.29,3.09,4.71, , , , , , , , ,-1.07,-1.21,-0.34,3.25,0.35,1.6,0.67,4.93,6.46,4.3,3.36,0.1, ,5.95, ,1.13,0.32, ,5.02,3.9, , , ,-5.21, , ,1.61, ,-1.26,3.2, ,-2.56,-0.58,4.57,3.18,1.41,0.95,1.24,4.59,4.54,4.36,0.92,-1.61, ,3.23, ,1.54,-0.32, ,4.23,5.63, , , ,-0.77, , ,1.05,1.1,1.41,3.74,4.88,-11.33,-11.3,-10.85,14.94,14.34,15.21,3.72,1.42,4.21,4.46,,,,
398,97060099,11/3/2025,21:55:30,,,-1.73,-0.94,-0.94,-4.0,5.22,4.78,4.65,7.34,-1.01,-0.96,-0.22,-0.67,3.8,3.71,3.58,7.62, , , , , , , , ,-2.77,-1.7,1.48,3.9,0.66,1.55,0.83,4.42,6.22,4.07,1.61,-1.42, ,5.39, ,0.77,1.62, ,4.36,4.63, , , ,-5.14, , ,1.75, ,-1.08,3.88, ,-1.84,-0.93,1.9,2.92,0.53,1.42,0.05,4.65,4.35,3.59,2.82,-1.28, ,5.02, ,1.68,-1.08, ,4.47,4.18, , , ,0.26, , ,1.29,1.39,2.01,3.99,4.81,-11.66,-10.7,-10.66,14.54,14.77,15.18,4.04,1.53,4.25,4.14,,,,
399,97060289,11/3/2025,21:56:36,,,-1.06,-0.46,-0.58,-2.76,5.25,5.07,5.19,5.41,-0.35,-0.72,-0.16,0.0,3.99,2.43,3.06,5.32, , , , , , , , ,-2.05,-1.89,0.93,3.43,0.41,1.97,0.48,4.24,6.52,4.3,1.88,-1.61, ,4.78, ,0.59,1.55, ,4.86,5.36, , , ,-4.03, , ,1.09, ,-0.34,3.29, ,-0.38,-0.52,1.84,2.99,1.07,1.13,0.74,4.74,4.41,3.17,3.55,-1.07, ,5.7, ,2.07,-0.74, ,4.58,3.21, , , ,0.62, , ,1.75,1.32,2.02,3.85,4.67,-11.77,-11.47,-11.06,13.39,14.0,14.42,4.26,1.3,4.25,3.92,,,,
400,97060263,11/3/2025,21:57:19,,,-1.25,-1.04,-0.39,-2.98,5.08,4.21,4.62,4.97,-0.37,-0.2,-0.31,0.48,3.62,2.78,3.08,5.19, , , , , , , , ,-1.7,-2.12,-0.03,3.25,0.3,1.54,0.41,5.03,6.27,4.09,3.31,-1.08, ,5.06, ,1.04,1.32, ,4.6,4.2, , , ,-3.48, , ,1.35, ,-0.33,3.95, ,-1.02,-0.47,2.52,3.09,0.88,1.28,0.66,4.79,4.61,3.47,3.14,-0.94, ,5.21, ,1.72,-1.18, ,4.58,4.05, , , ,0.25, , ,1.21,1.22,1.94,3.69,4.6,-11.4,-11.25,-10.77,14.83,14.63,15.42,4.13,1.49,4.24,4.44,,,,
401,97060248,11/3/2025,21:58:02,,,-0.59,-1.01,-0.88,-4.31,4.99,4.71,4.76,7.26,-0.92,-1.46,-0.13,-1.41,4.02,4.12,3.25,8.29, , , , , , , , ,-2.53,-2.03,0.26,2.99,0.35,1.97,0.5,5.03,6.43,4.01,2.95,-0.84, ,5.43, ,0.99,1.07, ,5.07,4.42, , , ,-4.77, , ,1.39, ,-1.21,3.39, ,-0.84,-0.59,2.1,2.82,0.36,1.31,0.6,4.83,4.29,3.33,3.56,-0.35, ,5.4, ,2.11,-1.58, ,4.36,3.79, , , ,0.33, , ,0.79,1.33,1.97,3.84,4.9,-11.6,-10.78,-10.69,14.87,15.0,15.57,3.68,1.74,4.4,4.57,,,,
402,97060255,11/3/2025,21:58:49,,,-0.79,-0.71,-0.51,-2.63,5.04,4.33,4.75,4.66,-0.27,-0.66,-0.27,0.01,3.86,2.86,3.15,4.94, , , , , , , , ,-2.47,-1.9,0.45,3.62,0.95,1.65,0.66,5.04,6.49,4.6,2.71,-0.66, ,5.52, ,0.99,0.47, ,4.61,4.11, , , ,-5.03, , ,1.61, ,-1.04,3.88, ,-1.99,-0.6,3.63,3.52,1.1,1.28,0.74,4.73,4.66,4.25,1.61,-2.09, ,5.66, ,1.54,-0.5, ,4.52,4.0, , , ,-0.7, , ,2.36,1.04,1.61,3.81,4.21,-11.39,-10.97,-10.64,13.82,15.12,14.9,4.23,1.15,4.92,3.64,,,,
403,97060222,11/3/2025,22:10:04,,,-0.91,-0.9,-0.38,-2.77,4.7,4.31,4.34,5.35,-0.83,-0.79,-0.32,-0.73,4.42,3.13,3.57,5.34, , , , , , , , ,-3.17,-1.81,1.86,3.57,0.66,1.75,0.65,4.37,6.29,4.57,1.19,-1.6, ,5.48, ,0.83,1.65, ,4.33,4.98, , , ,-4.39, , ,2.02, ,-1.04,3.93, ,-1.77,-0.77,3.5,3.52,1.21,1.13,0.66,4.66,4.5,3.87,2.14,-0.58, ,5.0, ,1.77,-1.0, ,4.35,4.0, , , ,-0.81, , ,1.77,1.06,1.57,4.06,4.89,-11.74,-10.31,-10.64,13.98,14.77,14.98,3.66,1.01,4.59,4.05,,,,
404,97060230,11/3/2025,22:10:47,,,-1.4,-1.24,-1,-2.35,5.12,4.67,4.99,5.06,-0.22,0.18,0.17,1.06,4.31,2.94,3.27,5.02, , , , , , , , ,-2.41,-2.12,0.51,3.73,0.17,1.93,0.17,4.22,6.37,4.69,2.39,-1.55, ,6.03, ,0.69,1.01, ,5.02,4.05, , , ,-4.2, , ,2.07, ,-0.96,3.56, ,0.04,-0.51,1.91,3.12,1.12,1.19,0.92,4.11,4.46,3.77,3.98,0.59, ,7.13, ,2.57,-1.49, ,4.83,2.57, , , ,-1.16, , ,2.23,0.79,1.19,3.71,4.11,-11.76,-10.27,-10.54,14.38,14.97,15.19,3.39,1.61,4.1,4.32,,,,
405,97060206,11/3/2025,22:11:28,,,-1.33,-0.53,-0.58,-3.81,4.5,4.44,4.32,7.15,-1.33,-1.55,-0.28,-1.31,4.26,4.3,3.89,7.78, , , , , , , , ,-2.56,-1.6,1.16,3.77,0.49,1.44,0.92,4.28,6.21,4.84,2.12,-1.22, ,6.39, ,0.82,0.73, ,4.62,3.8, , , ,-4.9, , ,2.73, ,-1.39,3.7, ,-0.85,-0.86,2.36,2.69,1.01,1.44,0.65,4.36,4.01,2.6,3.6,0.11, ,6.22, ,2.03,-2.33, ,4.72,3.61, , , ,-1.01, , ,1.22,1.25,1.81,3.95,4.95,-10.86,-10.49,-10.38,14.39,14.71,15.11,3.8,1.7,4.53,4.42,,,,
406,97060214,11/3/2025,22:12:10,,,-0.92,-0.57,-1.01,-3.55,5.11,4.57,4.55,7.06,-2.24,-1.05,-0.01,-1.05,4.29,4.24,3.82,7.68, , , , , , , , ,-1.9,-1.5,1.9,3.94,0.33,1.71,0.6,4.19,5.92,4.26,1.51,-0.95, ,5.64, ,0.82,1.19, ,4.6,4.77, , , ,-4.04, , ,2.01, ,-0.56,3.74, ,-2.48,-0.71,2.35,3.09,1.47,1.04,1.08,4.95,4.19,3.39,2.43,-2.06, ,6.63, ,1.58,-0.94, ,4.55,3.12, , , ,-1.31, , ,2.82,0.61,1.07,3.86,4.02,-11.33,-10.59,-10.54,12.95,15.38,14.55,3.55,1.5,5.57,3.96,,,,
407,97056600,11/3/2025,22:13:00,,,-0.45,-0.15,-0.68,-3.02,5.2,4.56,4.36,7.52,-1.79,-0.68,0.03,-0.79,4.39,4.14,3.77,8.32, , , , , , , , ,-2.76,-1.49,1.62,3.56,0.72,1.53,0.36,4.29,5.92,4.86,1.35,-1.17, ,5.21, ,0.92,1.34, ,4.08,4.84, , , ,-4.08, , ,1.33, ,-0.97,3.45, ,-1.7,-0.6,1.99,2.69,1.66,0.91,1.26,4.76,4.17,2.42,2.55,-1.28, ,6.33, ,1.7,-0.79, ,5.09,5.04, , , ,-0.34, , ,2.21,1.24,2.03,3.92,4.56,-10.77,-11.15,-10.49,14.42,14.91,15.37,3.79,1.68,4.97,4.08,,,,
408,97060057,11/3/2025,22:13:43,,,-0.77,-0.31,-1.1,-3.36,5.32,4.63,4.9,7.33,-1.46,-0.95,0.59,-0.9,4.8,4.65,3.92,8.31, , , , , , , , ,-1.51,-1.32,0.78,3.42,0.8,1.58,1.14,4.59,5.76,4.4,2.49,-0.8, ,5.63, ,0.89,0.61, ,4.62,3.78, , , ,-4.8, , ,2.36, ,-1.02,3.65, ,-2.18,-0.85,4.04,3.75,1.06,1.24,1.29,4.73,3.93,3.53,1.72,-1.96, ,3.71, ,1.48,-0.58, ,3.66,4.66, , , ,0.16, , ,1.2,1.4,2.29,3.66,4.63,-10.85,-10.46,-10.18,14.16,14.72,15.02,3.65,1.21,4.31,3.98,,,,
409,97056592,11/3/2025,22:14:26,,,-0.29,-0.96,-0.74,-2.68,5.29,5.08,5.35,5.56,-1.63,-0.23,0.16,0.57,4.31,2.7,3.08,5.12, , , , , , , , ,-1.33,-1.53,0.19,3.63,0.36,1.83,0.34,4.69,6.35,4.47,2.84,-0.48, ,5.28, ,0.94,0.02, ,4.7,4.38, , , ,-3.83, , ,1.29, ,-0.62,3.39, ,-3.21,-0.88,3.32,3.66,1.38,0.93,1.19,4.81,4.82,3.91,1.93,-1.99, ,5.02, ,1.48,-0.63, ,4.14,3.8, , , ,-0.65, , ,1.76,1.31,1.72,3.89,4.69,-11.18,-10.5,-10.29,14.67,14.73,15.23,3.61,1.96,4.28,4.98,,,,
410,97056576,11/3/2025,22:17:06,,,-0.62,-0.15,-0.52,-3.04,5.13,4.03,3.49,7.07,-0.97,-0.69,0.79,-0.96,5.22,4.96,3.4,8.02, , , , , , , , ,-1.9,-1.6,0.24,3.4,0.22,0.53,0.25,4.36,2.03,4.4,2.57,-1.76, ,5.38, ,0.78,1.14, ,5.19,3.89, , , ,-4.2, , ,2.41, ,-0.72,3.45, ,-1.96,-0.67,2.62,3.45,1.19,1.17,0.89,4.72,4.42,3.58,3.31,-0.69, ,6.65, ,1.9,-1.64, ,4.87,3.5, , , ,-1.48, , ,1.5,1.06,1.37,3.68,4.35,-11.11,-10.64,-10.48,14.47,15.11,15.26,3.45,1.35,4.81,4.35,,,,
411,97056550,11/3/2025,22:21:16,,,-0.66,-0.84,-1.09,-4.48,4.62,4.47,4.29,7.59,-1.13,-0.73,0.73,-1.02,4.71,4.43,3.13,7.56, , , , , , , , ,-2.87,-1.75,0.24,3.48,0.39,1.97,0.23,4.91,6.62,4.22,2.64,-2.42, ,4.78, ,0.7,1.3, ,4.63,3.94, , , ,-3.95, , ,2.3, ,-0.29,3.61, ,0.38,-0.22,1.58,2.67,1.21,1.09,0.74,5.1,4.29,3.49,4.1,0.13, ,7.04, ,2.23,-2.11, ,5.31,3.56, , , ,0.07, , ,0.97,1.31,1.99,3.49,4.38,-11.33,-10.8,-10.45,14.18,15.13,15.2,3.28,1.97,4.7,4.07,,,,
412,97056568,11/3/2025,22:21:58,,,-1.27,-1.26,-1.82,-2.86,5.11,4.97,5.51,5.54,-1.45,0.76,0.13,1.99,4.48,2.29,3.45,4.34, , , , , , , , ,-4.72,-1.93,2.25,3.82,1.77,0.64,0.54,4.79,2.52,4.45,0.22,-3.76, ,5.19, ,0.43,2.83, ,4.2,5.79, , , ,-3.54, , ,2.19, ,-0.1,3.99, ,0.23,-0.6,1.84,3.34,1.34,1.19,0.86,4.67,4.41,3.4,4.19,0.25, ,7.44, ,2.2,-2.35, ,4.69,2.25, , , ,-0.43, , ,2.55,0.9,1.69,4.12,4.72,-11.51,-11.33,-11.0,14.6,15.15,15.54,4.08,1.56,5.02,3.93,,,,
413,97056535,11/3/2025,22:22:39,,,-1.57,0.35,-1.56,-1.61,5.04,4.92,5.44,5.18,-0.76,-0.62,-0.19,-0.07,3.91,2.43,2.69,4.56, , , , , , , , ,-1.63,-1.55,0.17,3.39,0.56,1.88,0.49,4.28,5.93,5.13,3.08,-1.9, ,5.95, ,0.88,0.29, ,4.93,4.84, , , ,-3.37, , ,2.15, ,-0.22,3.38, ,-2.47,-1.02,3.76,3.66,1.19,1.15,0.83,4.5,4.69,4.11,1.75,-2.08, ,5.0, ,1.48,-0.46, ,4.1,4.9, , , ,-0.84, , ,1.55,1.07,1.5,3.73,4.5,-11.01,-10.81,-10.43,14.85,15.06,15.42,4.01,1.34,4.25,4.14,,,,
414,97056543,11/3/2025,22:23:21,,,-1.17,-0.58,-0.86,-3.87,4.96,4.39,4.22,7.23,-1.38,-0.63,0.71,-0.82,4.84,4.44,3.91,7.71, , , , , , , , ,-2.98,-1.51,2.07,3.63,1.3,0.49,0.99,5.04,2.71,4.12,0.54,-2.86, ,5.31, ,0.4,2, ,5.0,6.12, , , ,-3.88, , ,1.99, ,-0.14,3.26, ,-1.87,-0.8,1.96,3.03,1.56,0.88,0.75,5.16,4.15,3.59,2.85,-1.34, ,6.32, ,1.69,-1.15, ,4.88,4.39, , , ,-0.77, , ,2.33,0.88,1.4,3.95,4.36,-11.03,-10.37,-10.17,13.72,14.78,14.94,3.28,1.42,4.72,4.32,,,,
415,97058473,11/3/2025,22:24:40,,,-1.27,-0.68,-0.85,-3.58,4.95,3.83,4.42,6.51,-1.23,-0.76,0.23,-1.02,4.99,4.21,3.4,8.08, , , , , , , , ,-1.54,-1.28,-0.16,3.06,0.55,1.64,1.08,5.12,6.53,4.27,3.27,-1.08, ,5.75, ,0.92,0.55, ,5.16,4.02, , , ,-3.28, , ,1.72, ,-0.32,3.2, ,-2.45,-0.88,3.67,3.16,1.22,1.33,0.89,4.97,4.42,3.31,1.68,-1.79, ,5.59, ,1.54,-0.77, ,4.69,4.52, , , ,-1.36, , ,1.85,0.85,1.08,3.81,4.27,-11.26,-10.83,-10.6,14.14,15.65,15.43,3.54,1.3,5.03,3.64,,,,
416,97058481,11/3/2025,22:25:22,,,-1.66,-0.21,-1.33,-1.71,4.97,4.53,5.16,4.66,-1.22,-0.78,-0.45,-0.19,4.52,3.02,3.43,4.85, , , , , , , , ,-1.44,-1.26,0.1,3.55,0.46,1.45,0.7,3.98,5.83,4.32,3.21,-0.54, ,5.4, ,0.99,0.24, ,4.68,3.8, , , ,-3.34, , ,1.78, ,-0.19,3.89, ,-2.22,-0.91,2.77,3.32,1.21,1.19,0.81,4.76,4.33,3.64,2.49,-1.91, ,6.23, ,1.73,-0.43, ,4.61,3.58, , , ,-0.66, , ,2.24,0.9,1.41,4.03,4.44,-11.82,-10.49,-10.62,14.87,14.87,15.52,3.66,2.14,3.72,4.58,,,,
417,97058457,11/3/2025,22:28:32,,,-0.92,0.01,-0.73,-2.71,5.27,4.54,4.6,7.0,-1.13,-0.19,0.91,-0.77,4.84,4.76,4.37,8.7, , , , , , , , ,-2.13,-1.89,0.25,3.42,0.16,0.45,0.64,4.52,2.72,4.06,2.67,-1.23, ,4.3, ,1.01,0.69, ,4.97,4.68, , , ,-3.22, , ,0.47, ,-0.51,3.01, ,-1.82,-0.77,2.52,3.15,1.3,1.45,0.63,4.69,4.61,3.78,2.82,-1.29, ,6.35, ,1.63,-1.27, ,4.59,2.75, , , ,-1.22, , ,2.17,0.92,1.18,3.73,4.42,-11.38,-10.69,-10.63,14.29,14.93,15.07,3.73,1.64,3.93,4.14,,,,
418,97058465,11/3/2025,22:29:13,,,-0.27,-0.17,-0.76,-3.56,5.16,4.54,4.21,7.48,-1.35,-1.05,0.27,-1.52,4.38,4.47,3.38,8.24, , , , , , , , ,-1.94,-2.1,0.66,3.4,0.1,1.43,0.3,4.54,5.89,4.21,2.48,-1.52, ,6.66, ,0.85,1.87, ,5.25,4.3, , , ,-4.21, , ,2.85, ,-0.68,3.7, ,-3.78,-1.22,4.72,3.97,1.25,1.55,0.91,4.56,4.26,3.52,0.65,-3.43, ,4.7, ,1.26,1.03, ,3.72,4.51, , , ,-1.15, , ,2.84,0.57,1.17,4.09,4.3,-11.63,-10.56,-10.66,14.23,15.26,15.29,3.6,1.35,4.38,3.97,,,,
419,97058440,11/3/2025,22:29:55,,,-1.98,0.18,-1.4,-1.87,5.25,4.99,5.45,5.36,-1.26,-1.04,-0.08,-0.63,3.58,2.61,2.82,5.15, , , , , , , , ,-3.76,-2,0.36,3.26,0.49,0.4,0.37,4.38,1.98,4.27,2.38,-3.24, ,4.57, ,0.64,2.44, ,4.9,4.78, , , ,-3.28, , ,1.34, ,0.2,3.49, ,-3.92,-1.12,2.96,3.09,1.3,0.81,0.72,4.99,4.49,3.72,2.26,-3.09, ,5.02, ,1.51,0.0, ,4.53,5.01, , , ,-0.59, , ,1.25,1.23,1.69,4.07,4.82,-11.18,-11.17,-10.64,14.5,15.32,15.48,4.18,1.66,4.62,3.78,,,,
420,97058424,11/3/2025,22:30:37,,,-0.97,-0.08,-0.29,-2.73,4.57,4.16,3.8,6.87,-0.5,-0.98,0.17,-1.31,4.44,4.33,3.51,8.16, , , , , , , , ,-2.84,-1.82,1.24,3.39,0.85,1.31,0.89,4.37,6.32,4.26,1.76,-2.41, ,6.51, ,0.74,2.39, ,5.2,5.08, , , ,-3.73, , ,2.55, ,-0.36,3.31, ,-0.56,-0.56,2.04,3.28,0.78,1.5,0.3,5.27,4.13,3.25,4.02,0.46, ,6.57, ,2.14,-2.63, ,4.53,2.92, , , ,-1.39, , ,1.87,0.91,1.25,3.97,4.55,-11.37,-10.44,-10.41,13.71,14.86,15.16,3.31,1.87,4.36,4.01,,,,
421,97058432,11/3/2025,22:31:19,,,-1.22,0.12,-0.63,-3.08,5.14,4.82,4.61,7.38,-0.79,-0.97,0.47,-1.03,4.29,4.19,3.18,8.49, , , , , , , , ,-0.95, ,-0.06, ,0.53,1.03,0.89,4.31,4.2,4.25,3.54,0.17, ,5.21, ,1.18,0.55, ,5.31,4.42, , , ,-4.29, , ,1.21, ,-0.73,3.23, ,0.25,-0.63,1.42,2.6,0.43,1.67,0.52,5.12,3.69,2.81,4.26,-0.54, ,7.8, ,2.0,-1.7, ,5.39,3.34, , , ,0.28, , ,2.2,1.06,1.8,3.85,4.2,-11.45,-10.89,-10.51,13.68,15.22,15.24,3.65,1.27,4.6,4.06,,,,
422,97058416,11/3/2025,22:32:01,,,-1.01,1.12,-0.55,-2.65,4.76,4.25,4.17,6.65,-0.77,-1.09,0.26,-1.37,4.36,4.48,3.6,8.48, , , , , , , , ,-2.01,-1.71,0.7,3.61,0.48,1.66,0.64,4.34,6.21,4.32,1.94,-0.08, ,5.69, ,1.07,1.38, ,4.63,4.3, , , ,-5.36, , ,1.28, ,-0.9,3.62, ,-2.47,-1.05,1.47,3.77,0.55,1.15,0.27,5.13,3.78,3.29,2.19,-2.26, ,6.23, ,1.57,-0.39, ,4.63,3.95, , , ,-0.31, , ,2.5,0.78,1.12,3.76,4.44,-11.49,-10.94,-10.46,14.39,15.11,15.41,4.04,1.58,4.87,4.33,,,,
423,97058408,11/3/2025,22:32:44,,,-1.78,-0.1,-0.62,-3.43,4.84,4.88,4.63,7.31,-0.34,-0.8,0.59,-0.57,4.59,3.48,3.1,7.54, , , , , , , , ,-3.53,-1.83,0.76,3.56,1.1,0.66,0.86,4.2,5.54,3.97,2.22,-2.17, ,5.62, ,0.62,1.81, ,5.25,4.46, , , ,-4.23, , ,2.08, ,-0.58,3.62, ,-0.63,-0.57,2.61,3.05,0.5,1.31,0.03,4.47,4.33,3.72,3.13,0.02, ,6.13, ,1.8,-2.23, ,4.5,3.6, , , ,-0.97, , ,1.56,1.18,1.52,3.83,4.68,-11.28,-10.36,-10.2,14.6,15.67,15.75,3.52,1.66,4.61,4.42,,,,
424,97056584,11/3/2025,22:36:05,,,-0.53,-0.77,-2.54,-1.52,5.51,4.35,6.23,4.92,-0.49,-0.69,-0.51,0.28,3.57,2.47,2.85,5.25, , , , , , , , ,-2.71,-1.91,0.35,3.55,0.58,1.57,0.29,4.82,6.33,4.04,2.49,-2.39, ,6.83, ,0.74,1.89, ,5.22,3.77, , , ,-4.48, , ,3.18, ,-0.85,3.39, ,-2.51,-0.79,4.49,3.96,1.19,1.35,0.53,4.24,4.53,4.27,0.64,-2.52, ,2.95, ,1.23,-0.12, ,3.76,5.16, , , ,-0.01, , ,1.19,1.26,1.98,3.96,5.0,-11.44,-10.65,-10.44,14.98,14.89,15.61,3.36,1.98,4.23,4.83,,,,
425,97056683,11/3/2025,22:36:46,,,-1.4,-0.11,-0.76,-1.59,4.87,4.59,4.88,4.4,-0.11,-0.4,0.17,0.81,3.95,2.68,3.24,4.49, , , , , , , , ,-3.11,-1.72,0.17,3.26,0.58,1.57,0.83,4.3,6.18,4.37,2.95,-2.18, ,4.96, ,0.84,1.61, ,4.73,4.77, , , ,-3.53, , ,1.11, ,-0.33,3.4, ,-1.37,-0.46,2.49,3.35,0.84,1.18,0.61,4.8,4.51,3.56,3.1,-0.86, ,7.11, ,1.95,-1.41, ,4.77,2.41, , , ,-0.85, , ,2.39,0.91,1.47,3.93,4.29,-11.03,-10.62,-10.43,13.9,15.25,14.91,3.3,0.99,4.96,3.54,,,,
426,97056618,11/3/2025,22:39:35,,,-1.74,-0.02,-0.89,-1.87,5.31,4.94,5.26,5.14,-0.86,-1.41,-0.56,-1.24,3.67,3.22,3.37,5.97, , , , , , , , ,-1.59,-1.8,1.35,3.5,0.44,1.84,0.55,4.32,6.09,4.16,1.8,-0.62, ,4.79, ,1.0,1.64, ,4.25,4.89, , , ,-3.88, , ,1.28, ,-0.34,3.96, ,-1.64,-0.36,0.64,3.23,1.32,0.95,1.3,4.62,4.34,3.83,2.29,-1.65, ,4.43, ,1.49,-0.79, ,4.32,4.41, , , ,0.39, , ,2.0,1.21,2.02,4.13,4.73,-11.54,-10.73,-10.64,14.66,14.33,15.13,3.72,1.93,3.98,4.85,,,,
427,97056667,11/3/2025,22:41:13,,,-1.48,-0.48,-0.75,-3.05,4.61,4.27,3.7,6.75,-0.74,-0.88,0.28,-1.07,4.84,4.37,3.62,8.14, , , , , , , , ,-3.1,-2.44,0.6,3.27,0.92,1.64,0.63,4.44,5.81,4.06,2.38,-2.23, ,6.79, ,0.7,0.95, ,5.38,4.24, , , ,-4.22, , ,2.31, ,-0.99,3.42, ,-1.27,-0.33,3.26,3.49,0.8,1.06,0.98,5.29,4.62,3.68,2.58,-0.94, ,4.68, ,1.71,-1.14, ,4.43,3.62, , , ,0.43, , ,1.05,1.28,1.95,3.7,4.6,-11.69,-10.22,-10.37,14.64,15.46,15.75,3.08,1.93,4.16,4.47,,,,
428,97056675,11/3/2025,22:41:56,,,-0.87,-0.35,-0.91,-3.33,5.01,4.7,4.66,7.01,-1.83,-0.9,0.59,-1.04,4.78,4.72,3.55,8.19, , , , , , , , ,-1.93,-1.75,0.15,3.4,0.1,1.04,0.58,4.86,5.83,4.52,3.14,-0.54, ,4.97, ,1.2,1.15, ,4.24,4.15, , , ,-4.22, , ,1.36, ,-0.5,4.11, ,-0.92,-0.64,2.55,2.79,1.23,1.19,0.98,4.82,3.98,3.15,2.52,-1.13, ,6.75, ,1.59,-1.25, ,4.98,3.88, , , ,0.76, , ,1.68,1.21,1.94,3.63,4.54,-11.38,-10.68,-10.64,14.47,15.61,15.64,3.36,1.6,4.5,3.78,,,,
429,97056642,11/3/2025,22:42:38,,,-1.18,-0.5,-1.05,-2.05,5.35,5.11,5.45,5.28,0.32,-1.13,-0.01,-0.82,4.01,2.33,2.88,5.23, , , , , , , , ,-4.21,-1.69,3.42,4.21,0.41,1.35,0.74,4.53,6.44,4.89,-0.45,-2.6, ,7.07, ,0.51,2.74, ,4.51,5.68, , , ,-3.83, , ,3.16, ,-0.77,3.73, ,-2.65,-0.24,5.31,4.27,1.08,0.53,1.26,4.47,4.74,4.64,0.33,-1.99, ,5.25, ,1.53,0.0, ,4.35,4.19, , , ,-0.52, , ,2.78,1.01,1.67,3.93,4.18,-11.21,-10.87,-10.51,14.31,15.91,15.94,3.36,1.59,5.04,3.71,,,,
430,97056659,11/3/2025,22:43:21,,,-1.63,-0.04,-1.04,-2.69,4.82,4.35,4.52,6.54,-0.82,-0.83,0.29,-1.31,4.54,4.18,2.82,7.35, , , , , , , , ,-1.23,-1.37,0.35,3.74,0.51,1.63,0.69,4.52,6.36,4.42,2.9,0.71, ,4.98, ,1.15,-0.41, ,4.57,3.7, , , ,-5.28, , ,1.52, ,-1.03,3.69, ,-0.42,-0.3,3.4,3.55,0.83,1.19,1.01,4.55,4.69,4.24,2.14,-1.72, ,4.89, ,1.59,-0.79, ,4.22,3.32, , , ,1.6, , ,1.89,1.24,2.21,4.24,4.81,-11.32,-10.58,-10.55,14.34,15.03,15.28,3.27,1.4,4.45,4.11,,,,
431,97056634,11/3/2025,22:56:22,,,-1.02,0.03,-0.55,-2.94,5.23,4.49,3.79,6.93,-0.84,-1.52,0.01,-1.66,4.62,4.26,3.11,7.77, , , , , , , , ,-2.16,-1.78,0.89,3.66,0.21,1.26,0.74,4.1,5.49,4.22,2.19,-1.02, ,5.15, ,0.92,1.64, ,4.45,5.11, , , ,-4.01, , ,1.37, ,-0.09,3.66, ,-0.51,-0.27,2.93,2.94,0.47,1.46,0.65,4.62,3.96,3.05,2.56,-1.06, ,6.64, ,1.71,-1.36, ,4.53,2.89, , , ,0.47, , ,2.36,1.46,2.06,4.17,4.86,-10.81,-10.48,-10.11,14.39,15.66,15.76,3.1,1.45,4.83,3.79,,,,
432,97056626,11/3/2025,22:57:04,,,-1.23,-0.2,-0.75,-1.68,5.05,4.86,5.02,5.07,-0.91,-0.66,-0.46,-0.22,4.02,2.48,2.82,4.81, , , , , , , , ,-2.77,-1.94,0.06,3.39,0.32,1.96,0.46,4.35,6.37,4.43,2.85,-1.89, ,5.84, ,0.78,0.97, ,5.15,4.46, , , ,-4.21, , ,1.7, ,-0.77,3.15, ,-1.74,-0.47,3.77,3.5,1.17,1.05,0.61,4.52,4.48,3.94,1.87,-1.49, ,6.46, ,1.81,-0.49, ,4.94,4.35, , , ,0.51, , ,1.65,1.56,1.94,3.74,4.5,-11.08,-10.41,-10.48,14.77,15.34,15.48,2.96,1.66,4.16,4.67,,,,
433,97059356,11/3/2025,22:57:45,,,-1.9,-0.02,-0.87,-1.57,5.15,5.0,5.15,5.12,-0.23,-0.23,-0.12,0.65,3.84,2.73,2.72,5.08, , , , , , , , ,-2.73,-1.88,1.22,3.73,0.85,1.68,0.58,4.31,6.52,4.42,1.63,-1.92, ,5.84, ,0.68,1.84, ,4.8,4.4, , , ,-3.97, , ,2.33, ,-0.58,3.78, ,-2.24,-0.76,1.27,3.63,1.02,1.04,0.72,4.51,4.62,4.44,2.13,-2.28, ,5.11, ,1.66,-0.2, ,3.65,2.77, , , ,-0.32, , ,2.46,1.32,1.68,4.25,4.82,-11.15,-10.45,-10.43,15.0,15.48,15.84,3.22,1.15,4.26,4.39,,,,
434,97059323,11/3/2025,22:58:42,,,-1.65,-0.94,-1.72,-2.22,4.91,4.8,5.12,5.15,-0.82,0.49,0.44,1.56,4.77,2.77,3.13,4.16, , , , , , , , ,-2.9,-1.8,1.4,3.89,0.57,1.96,0.48,4.25,6.14,4.38,1.65,-1.63, ,6.02, ,0.75,1.51, ,4.68,4.56, , , ,-3.67, , ,1.95, ,-0.54,3.65, ,-0.84,-0.48,2.9,2.95,1.08,0.64,0.82,4.64,4.28,3.64,2.59,0.01, ,6.79, ,1.99,-1.49, ,4.85,3.55, , , ,-0.59, , ,1.89,1.2,1.29,3.94,4.6,-11.42,-11.0,-10.6,14.42,14.6,15.06,3.48,1.6,4.11,4.49,,,,
435,97059349,11/3/2025,23:00:21,,,-1.95,-0.96,-1.02,-2.66,5.14,5.49,5.17,5.54,-1.28,-0.28,0.01,0.16,4.46,2.59,2.98,4.6, , , , , , , , ,-0.7,-1.93,-0.4,2.79,0.48,1.95,0.45,4.12,5.96,3.88,3.92,0.11, ,5.82, ,1.42,1.04, ,5.34,3.83, , , ,-5.61, , ,2.28, ,-0.73,3.9, ,-1.73,-0.48,5.09,3.88,1.69,1.16,1.16,4.72,4.42,4.13,0.31,-2.32, ,4.47, ,1.58,0.46, ,4.31,4.35, , , ,1.09, , ,1.71,1.61,2.3,4.0,4.86,-11.24,-10.84,-10.54,14.41,15.38,15.43,3.36,1.95,4.69,3.7,,,,
436,97059331,11/3/2025,23:21:49,,,-1.82,-0.53,-1.36,-1.69,5.27,5.46,5.42,5.24,-1.26,-0.7,-0.3,-0.33,4.33,3.01,3.05,4.75, , , , , , , , ,-2.69,-1.85,0.37,3.77,0.19,1.59,0.36,4.35,6,4.45,2.26,-1.41, ,4.74, ,0.9,1.3, ,4.17,4.32, , , ,-5.23, , ,1.91, ,-0.61,3.91, ,-1.19,-0.52,2.83,3.19,1.29,0.77,1.04,4.65,4.36,3.8,2.48,-2.03, ,6.57, ,1.75,-0.79, ,4.57,3.24, , , ,0.75, , ,2.34,1.21,2.09,4.06,4.56,-11.05,-10.62,-10.56,14.66,15.47,15.66,3.01,1.53,4.5,4.1,,,,
437,97059315,11/3/2025,23:23:16,,,-1.58,-0.73,-1.36,-2.06,5.42,5.61,5.69,5.66,-1.2,-0.38,0.03,0.09,4.28,2.8,3.16,4.5, , , , , , , , ,-2.63,-2.1,0.09,3.09,0.57,1.93,0.24,3.99,5.84,3.93,3.15,-1.45, ,6.24, ,1.03,1.3, ,5.34,4.34, , , ,-3.86, , ,1.87, ,-0.79,3.35, ,-0.44,-0.2,2.04,3.44,1.62,1.17,1.32,4.59,4.71,4.25,4.1,-0.25, ,8.13, ,2.36,-2.02, ,4.19,1.07, , , ,-0.42, , ,3.16,0.88,1.29,4.27,4.27,-11.07,-10.47,-10.4,14.7,15.44,15.7,3.12,1.59,4.35,4.13,,,,
438,97047765,11/3/2025,23:24:46,,,-0.95,-0.09,-0.49,-2.96,4.59,3.97,3.89,7.01,-1.27,-0.72,0.4,-0.87,5.34,5,3.9,8.18, , , , , , , , ,-0.25,-1.89,-0.49,3.04,0.7,1.73,0.31,6.06,6.48,4.05,4.33,0.16, ,6.84, ,1.24,0.73, ,5.58,3.71, , , ,-4.69, , ,2.89, ,-0.81,3.62, ,-0.65,-0.23,2.21,3.33,1.37,1.47,0.9,4.9,4.22,3.75,3,-1.0, ,7.35, ,1.89,-0.91, ,4.63,2.4, , , ,0.21, , ,2.7,1.09,1.63,3.8,4.33,-10.95,-11.09,-10.46,14.63,15.58,15.8,3.64,1.49,4.93,3.71,,,,
439,97059281,11/3/2025,23:26:13,,,-1.45,-0.18,-0.88,-1.43,5.07,4.82,4.91,5.0,-0.8,-1.46,-0.56,-1.18,4.04,2.86,2.96,5.09, , , , , , , , ,-3.23,-2.05,1.06,3.61,1.24,1.92,0.39,4.42,6.11,4.62,1.78,-2.09, ,6.82, ,0.69,1.86, ,5.07,4.77, , , ,-4.06, , ,2.59, ,-0.61,3.42, ,-2.15,-0.41,3.25,3.52,1.39,0.9,1.08,4.83,4.22,3.8,2.13,-1.89, ,6.34, ,1.79,-0.11, ,4.59,3.9, , , ,0.87, , ,1.56,1.52,2.0,3.66,4.48,-11.21,-10.67,-10.45,14.66,15.32,15.58,3.34,1.32,4.22,3.98,,,,
440,97059307,11/3/2025,23:27:44,,,-1.45,-0.46,-0.71,-3.47,4.75,4.49,4.4,6.86,-1.67,-1.22,0.4,-1.22,5.2,4.68,3.63,7.76, , , , , , , , ,-1.35,-1.45,1.8,3.95,0.8,1.54,0.94,4.26,5.88,4.62,1.46,0.13, ,4.57, ,1.14,1.36, ,3.87,4.68, , , ,-4.86, , ,1.09, ,-0.69,3.99, ,-2.34,-0.57,1.78,4.44,1.47,1.23,1.09,4.77,4.44,4.16,0.51,-3.18, ,3.94, ,1.45,0.62, ,3.52,3.83, , , ,1.43, , ,1.61,1.5,2.4,3.87,4.96,-11.04,-10.61,-10.32,14.93,15.31,15.61,3.64,1.82,4.29,4.54,,,,
441,97059273,11/3/2025,23:29:00,,,-1.02,0.1,-0.76,-1.39,5.13,4.79,5.01,5.26,-1.73,-1.43,-0.3,-1.75,3.93,2.81,3.18,5.4, , , , , , , , ,-2.47,-2.04,0.64,3.72,0.74,1.89,0.5,4.32,6.36,4.31,2.12,-1.71, ,5.88, ,0.82,2.12, ,5.2,4.82, , , ,-4.09, , ,2.08, ,-0.2,3.24, ,-1.54,-0.5,1.11,3.48,1.38,0.67,1.26,4.68,4.34,3.95,1.7,-2.63, ,5.57, ,1.67,0.15, ,4.76,3.7, , , ,2.16, , ,1.36,1.71,2.76,3.69,4.64,-11.07,-10.7,-10.33,14.65,15.16,15.64,3.54,1.06,4.43,4.19,,,,
442,97059265,11/3/2025,23:29:45,,,-1.39,-0.37,-1.34,-3.6,4.96,4.94,4.45,7.44,-1.3,-0.52,0.52,-0.58,4.67,4.21,3.32,7.99, , , , , , , , ,-1.29,-1.27,0.19,3.45,0.42,1.31,0.82,4.25,5.59,4.55,3.23,0.01, ,6.48, ,1.21,0.9, ,4.84,4.45, , , ,-4.62, , ,2.14, ,-0.61,3.16, ,-1.71,-0.64,0.83,3.37,1.45,1.06,1.42,4.74,4.0,3.27,1.64,-0.76, ,6.58, ,1.67,-1.61, ,4.67,4.13, , , ,-0.32, , ,2.37,1.03,1.3,3.74,4.33,-10.88,-10.98,-10.38,15.05,15.52,16.02,3.29,1.25,4.6,3.75,,,,
443,97059232,11/3/2025,23:30:27,,,-1.29,0.1,-0.86,-2.78,4.75,4.58,4.45,7.18,-1.52,-1.22,0.52,-1.25,4.78,4.73,4.29,8.11, , , , , , , , ,-1.34,-1.71,0.62,3.62,0.55,1.71,0.59,4.11,5.55,4.51,3.01,-0.48, ,6.36, ,0.99,0.11, ,5.07,4.84, , , ,-3.85, , ,2.48, ,-0.84,3.42, ,-2.98,-0.65,3.74,4.37,1.08,1.37,0.69,4.72,4.68,4.3,1.66,-1.77, ,5.04, ,1.67,-0.95, ,3.52,3.35, , , ,-0.52, , ,1.52,1.34,1.7,3.78,4.68,-10.9,-10.75,-10.21,15.12,15.13,15.73,4.0,1.42,4.27,3.9,,,,
444,97059240,11/3/2025,23:31:10,,,-1.37,-0.31,-0.77,-1.66,5.07,4.93,5.27,5.5,-0.68,-0.24,0.25,0.45,3.77,2.62,2.89,5.21, , , , , , , , ,-1.66,-1.72,0.35,3.55,-0.03,0.92,0.66,6.05,6.6,4.85,2.6,-0.93, ,5.5, ,0.9,0.5, ,4.83,4.75, , , ,-3.53, , ,1.35, ,-0.1,3.28, ,-0.36,-0.64,2.2,2.63,1.23,1.06,1.08,4.38,4.33,3.34,3.67,-0.85, ,5.87, ,2.04,-1.66, ,4.23,2.62, , , ,-0.05, , ,2.58,1.14,1.66,4.82,5.09,-11.0,-10.73,-10.37,15.01,15.63,16.03,3.26,1.72,3.91,4.3,,,,
445,97059216,11/3/2025,23:31:52,,,-0.53,-0.19,-0.77,-3.16,4.79,4.51,4.04,7.29,-1.66,-1.09,0.14,-1.47,4.54,4.54,3.41,7.85, , , , , , , , ,-1.09,-1.55,0.14,3.1,0.32,1.46,0.41,4.45,5.51,4.18,3.21,0.19, ,5.05, ,1.14,-0.17, ,4.89,4.92, , , ,-3.49, , ,1.07, ,-0.21,3.46, ,-2.21,-0.81,1.95,3.32,0.91,1.3,0.98,4.67,4.06,3.42,2.79,-0.88, ,6.27, ,1.89,-1.51, ,4.3,3.42, , , ,-0.84, , ,1.7,1.17,1.48,4.05,4.8,-11.28,-10.88,-10.5,14.41,15.54,15.72,3.37,1.4,4.65,3.5,,,,
446,97047757,11/3/2025,23:32:34,,,-0.96,-0.17,-0.47,-3.21,4.62,4.07,2.24,7.11,-1.75,-1.22,0.19,-1.59,4.67,4.88,3.99,7.92, , , , , , , , ,-1.98,-1.79,1.12,3.64,1.0,1.92,0.51,4.44,6.11,4.82,1.71,-1.56, ,6.36, ,0.71,1.06, ,5.09,4.75, , , ,-4.45, , ,2.52, ,-0.85,3.57, ,-1.88,-0.73,2.72,4.0,1.09,1.44,0.73,4.79,4.53,3.99,2.17,-2.51, ,6.66, ,1.55,-0.8, ,4.26,2.31, , , ,0.95, , ,2.52,0.99,1.78,3.96,4.32,-11.15,-10.77,-10.44,14.26,15.2,15.44,3.67,1.4,4.4,3.77,,,,
447,97059190,11/3/2025,23:33:16,,,-1.45,-0.61,-0.82,-2.44,4.75,4.84,4.78,4.8,-0.79,-0.62,0.33,-0.42,4.25,3.19,3.38,5.55, , , , , , , , ,-2.31,-1.68,0,3.27,0.78,2.01,0.37,4.1,6.02,4.7,3.28,-1.07, ,4.91, ,1.07,1.2, ,4.65,5.02, , , ,-3.72, , ,0.74, ,-0.23,3.39, ,-1.41,-0.35,2.75,3.24,1.22,0.78,1.48,4.75,4.33,3.39,2.72,-0.61, ,6.3, ,1.9,-1.78, ,4.68,3.45, , , ,-1.01, , ,2.25,1.01,1.38,3.83,4.55,-11.15,-10.48,-10.4,14.72,15.23,15.67,3.18,1.38,3.93,4.09,,,,
448,97059208,11/3/2025,23:33:58,,,-1.57,-0.15,-0.29,-2.29,4.93,4.57,4.81,4.61,-0.91,-0.35,0.33,0.05,4.52,3.12,3.37,5.28, , , , , , , , ,-1.68,-1.34,0.45,3.29,0.63,1.62,1.04,4.18,6.07,4.4,2.8,0.21, ,6.52, ,0.93,0.48, ,5.3,4.4, , , ,-5.68, , ,2.17, ,-1.2,3.39, ,-2.17,-0.5,1.19,3.58,1.45,0.9,1.3,4.87,4.61,3.9,2,-2.27, ,4.5, ,1.62,-0.68, ,3.99,3.79, , , ,0.79, , ,2.18,1.38,2.05,3.97,4.81,-11.54,-10.74,-10.67,14.43,15.35,15.44,4.04,1.21,4.08,3.71,,,,
449,97047740,11/3/2025,23:35:26,,,-1.54,-0.36,-1.02,-2.18,4.83,4.77,4.9,5.27,-0.18, ,-0.11,0.21,4.39, ,3.22,4.42, , , , , , , , ,-2.48,-1.2,1,3.59,0.91,1.7,0.98,4.1,6,4.4,2.03,-0.38, ,5.33, ,1.01,0.88, ,4.16,4.5, , , ,-4.71, , ,1.24, ,-0.94,3.59, ,-2.99,-0.55,4.67,4.09,1.04,1.12,0.95,4.78,4.65,4.09,0.81,-2.06, ,5.88, ,1.67,0.2, ,4.84,4.61, , , ,-0.68, , ,2.52,1.06,1.44,3.56,3.92,-11.05,-10.42,-10.34,14.85,15.33,15.8,3.43,1.57,4.23,4.1,,,,
450,97059182,11/3/2025,23:36:11,,,-1.16,-0.4,-0.79,-2.06,5.02,4.57,4.65,4.85,-0.51,-0.68,0.09,-0.02,4.36,3.17,3.15,5.43, , , , , , , , ,-2.12,-1.45,1.57,3.64,1.24,1.45,1.11,4.22,6.23,4.46,1.66,-0.88, ,5.58, ,0.99,1.62, ,4.5,5.44, , , ,-3.53, , ,1.44, ,0.0,3.63, ,-1.52,-0.33,1.84,2.81,0.83,0.99,1.13,4.79,4.17,3.25,2.61,-1.74, ,5.82, ,1.66,-1.03, ,4.81,3.9, , , ,1.14, , ,2.14,1.34,2.2,4.0,4.71,-11.3,-10.64,-10.5,14.85,15.44,15.73,3.71,1.28,4.37,3.85,,,,
451,97057384,11/3/2025,23:37:00,,,-0.75,-0.51,-0.76,-2.27,5.18,4.73,4.59,4.8,0.37,-0.12,0.01,0.95,4.11,2.74,3.07,4.64, , , , , , , , ,-0.8,-1.34,-0.47,3.24,0.56,1.67,0.82,4.15,5.76,4.11,4.03,0.43, ,6.82, ,1.51,0.66, ,5.51,3.92, , , ,-4.38, , ,2.03, ,-1.19,3.3, ,-3.04,-1.09,3.17,3.92,0.83,1.21,0.17,4.53,4.71,4.16,2.07,-1.93, ,5.72, ,1.63,-1.08, ,4.2,3.42, , , ,-0.6, , ,1.83,1.34,1.73,3.87,4.84,-10.99,-10.88,-10.31,14.69,15.0,15.5,3.71,1.63,4.09,4.31,,,,
452,97057392,11/3/2025,23:39:51,,,-0.89,-0.4,-0.5,-3.26,4.85,4.16,4.15,7.14,-1.09,-0.73,0.4,-0.57,4.55,4.52,3.32,8.29, , , , , , , , ,-2.7,-1.83,1.28,3.49,0.67,1.74,0.67,4.34,6.13,4.7,1.43,-1.78, ,5.15, ,0.75, , ,4.57, , , , ,-3.51, , ,1.17, ,0.05,3.3, ,-1.1,-0.6,2.31,3.36,0.75,1.42,0.74,4.9,4.19,3.04,2.32,-1.42, ,6.36, ,1.75,-0.9, ,4.6,3.55, , , ,0.91, , ,2.16,1.32,2.17,3.89,4.64,-10.88,-10.73,-10.26,13.73,14.67,14.81,3.71,1.85,4.38,4.19,,,,
453,97057368,11/3/2025,23:40:32,,,-1.53,-0.69,-1.31,-2.04,4.76,4.75,5.22,4.58,0.23,-0.09,0.9,0.59,3.77,2.91,2.8,4.74, , , , , , , , ,-3.27,-1.48,0.42,3.27,0.96,1.88,0.82,4.26,6.54,4.55,2.4,-1.56, ,5.29, ,0.8,1.6, ,5.04,5.21, , , ,-3.91, , ,1.0, ,-0.45,3.18, ,-0.73,-0.9,2.2,3.06,0.88,1.16,0.63,4.76,4.38,3.5,3.92,0.07, ,7.78, ,2.67,-1.1, ,5.1,3.03, , , ,-0.47, , ,1.99,1.19,1.58,3.62,4.18,-10.93,-10.03,-10.03,14.63,15.71,15.71,3.23,1.69,4.21,4.07,,,,
454,97057376,11/3/2025,23:41:14,,,-0.18,-0.22,-0.59,-3.02,5.41,3.77,4,6.62,-1.45,-0.45,0.22,-0.39,5.2,4.33,3.35,7.25, , , , , , , , ,-1.54,-1.43,0.32,3.49,0.12,1.72,0.93,4.61,6.17,4.22,3.03,-0.72, ,4.19, ,1.1,0.42, ,4.14,4.12, , , ,-3.86, , ,1.23, ,-0.06,3.74, ,-1.5,-0.52,2.5,2.96,1.17,1.21,1.1,5.12,3.95,2.86,2.45,-1.79, ,6.63, ,1.87,-0.59, ,5.11,3.63, , , ,0.88, , ,2.23,1.48,2.14,3.79,4.53,-11.37,-10.8,-10.53,14.95,15.61,15.72,3.35,1.87,4.27,4.33,,,,
455,97057343,11/3/2025,23:42:13,,,-1.05,0.12,-0.54,-2.76,4.76,4.25,4.17,6.91,-0.38,-0.72,-0.1,-0.36,4.56,4.43,3.49,7.92, , , , , , , , ,-2.4,-1.79,0.08,3.47,0.39,1.81,0.61,4.73,5.66,4.29,3.45,-1.11, ,5.15, ,1.14,0.84, ,4.58,4.39, , , ,-4.35, , ,0.94, ,-0.53,3.89, ,-1.15,-0.74,2.29,2.97,0.79,1.47,0.25,4.69,4.27,3.26,3.31,-0.56, ,7.63, ,1.99,-1.64, ,4.94,3.28, , , ,-1.03, , ,2.58,1.27,1.54,3.83,4.23,-10.88,-11.17,-10.47,14.88,15.63,15.77,3.75,1.99,4.78,4.28,,,,
456,97057327,11/3/2025,23:43:02,,,-1.14,-0.02,-0.89,-2.74,4.62,3.74,3.28,6.23,0.25,-0.27,0.93,-0.4,4.3,4.96,3.32,7.97, , , , , , , , ,-2.88,-1.7,1.79,3.77,0.9,1.56,0.88,4.36,6.55,4.56,1.24,-1.61, ,4.5, ,0.73,1.25, ,4.44,5.21, , , ,-3.66, , ,1.47, ,-0.44,3.86, ,-0.95,-0.74,2.22,2.96,0.76,1.62,0.29,4.61,4.23,3.53,3.51,0.29, ,6.92, ,2.37,-1.73, ,4.99,2.88, , , ,-1.5, , ,1.8,1.36,1.36,3.93,4.63,-11.03,-10.29,-10.17,14.58,15.85,15.8,3.2,1.35,4.31,3.92,,,,
457,97057350,11/3/2025,23:47:06,,,-0.93,0.15,-0.51,-2.88,4.81,4.39,3.69,7.07,-0.78,-1.01,0.25,-0.73,4.61,4.26,3.68,8.05, , , , , , , , ,-0.39, ,0.36, ,0.54,1.84,0.64,4.43,5.46,4.54,3.05,1.12, ,5.47, ,1.28,-0.32, ,4.37,4.62, , , ,-3.45, , ,0.81, ,-0.28,3.74, ,1.21,-0.4,1.49,2.6,0.6,1.42,0.55,4.98,4.02,3.12,3.97,0.73, ,8.21, ,2.43,-2.02, ,5.88,3.36, , , ,0.53, , ,2.19,1.42,1.78,3.55,4.33,-10.89,-10.55,-10.03,14.67,15.25,15.54,3.66,1.59,4.51,4.32,,,,
458,97057335,11/3/2025,23:51:08,,,-0.73,0.38,-0.4,-2.44,5.22,4.33,2.58,7.13,-0.83,-1.13,-0.13,-1.07,4.55,4.59,3.76,8.79, , , , , , , , ,-2.05, ,1.38, ,0.7,1.74,1.01,4.24,5.77,4.38,1.55,-1.28, ,5.12, ,0.85,0.71, ,4.22,4.92, , , ,-3.3, , ,1.23, ,0.04,3.69, ,-2.42,-0.5,2.22,3.74,0.67,1.26,0.64,4.78,4.49,3.75,1.49,-2.38, ,6.12, ,1.69,0.03, ,5.22,4.07, , , ,-0.25, , ,2.31,1.36,1.68,3.72,4.5,-11.19,-10.51,-10.14,14.21,15.02,15.51,3.37,1.95,4.41,4.25,,,,
459,97056691,11/3/2025,23:53:57,,,-1.96,-0.94,-0.89,-3.07,5.12,4.6,5.01,4.96,-0.12,-0.96,-0.02,-0.5,3.9,2.59,2.74,4.66, , , , , , , , ,-3.03,-1.67,0,3.28,0.74,2.43,0.63,4.77,6.58,4.55,3.04,-1.51, ,4.96, ,0.96,1.49, ,4.67,4.54, , , ,-4.32, , ,1.06, ,-0.44,3.44, ,0.24,-0.59,1.9,2.9,0.91,1.46,0.46,5.12,4.45,3.33,3.47,0.01, ,6.81, ,2.17,-1.7, ,5.43,3.46, , , ,0.91, , ,1.26,1.82,2.65,3.82,5.01,-10.83,-11.05,-10.47,14.43,15.49,15.64,3.48,1.73,4.7,3.82,,,,
460,97057319,11/3/2025,23:58:21,,,-0.91,-0.6,-0.71,-3.8,5.19,4.02,4.37,6.39,-0.91,-0.94,0.26,-1.49,4.56,4.35,3.24,8.53, , , , , , , , ,-3.16, ,1.02, ,0.72,1.86,0.55,4.66,3.98,4.5,1.89,-1.19, ,4.78, ,0.73,1.35, ,4.49,4.66, , , ,-4.71, , ,1.23, ,-0.42,3.63, ,-0.58,-0.81,2.29,3.47,1.12,1.53,0.41,5.02,4.35,3.4,3.16,-0.42, ,7.25, ,2.01,-1.84, ,5.32,3.04, , , ,-0.34, , ,2.05,1.4,1.74,3.55,4.18,-11.29,-10.8,-10.54,14.51,15.35,15.57,3.78,1.1,4.35,4.2,,,,
461,97057475,11/3/2025,23:59:15,,,-1.31,-0.56,-0.55,-4.14,4.75,3.99,4,6.67,-0.74,-0.53,0.23,-0.46,4.67,4.13,3.16,7.41, , , , , , , , ,-2.45,-1.59,0.27,3,1.09,1.49,0.86,4.36,6.06,3.99,2.7,-1.77, ,6.33, ,0.59,1.35, ,5.45,4.53, , , ,-3.44, , ,2.3, ,-0.27,3.81, ,-0.74,-0.31,3.27,3.45,0.98,1.19,0.86,4.76,4.24,3.89,2.43,-0.65, ,4.72, ,2.06,-1.01, ,5.64,4.55, , , ,0.54, , ,1.48,1.32,1.68,3.55,4.52,-11.4,-10.94,-10.57,14.24,15.34,15.3,3.6,1.5,4.43,3.92,,,,
462,97057459,11/4/2025,0:00:12,,,-0.67,0.02,-0.06,-3.42,4.52,3.87,4.16,6.57,-1.13,-0.99,-0.46,-1.52,4.3,4.45,4.06,8.41, , , , , , , , ,-2.53, ,0.2, ,0.59,1.38,0.7,5.21,6.04,4.59,2.66,-1.23, ,5.27, ,0.93,1.29, ,4.52,5.05, , , ,-3.18, , ,0.36, ,0.01,3.15, ,-3.21,-1.14,3.24,3.89,0.87,1.42,0.58,4.46,4.57,4.26,2.29,-2.05, ,7.4, ,1.8,-0.48, ,5.59,2.56, , , ,-2.31, , ,3.53,0.92,0.94,3.95,3.87,-11.06,-10.9,-10.34,14.35,15.68,15.63,3.51,1.47,4.7,3.81,,,,
463,97057467,11/4/2025,0:04:01,,,-1.29,-0.36,-1.74,-1.57,4.94,4.13,5.52,4.13,-0.06,-0.63,-0.18,0.31,3.44,3.03,2.8,5.22, , , , , , , , ,-2.27,-1.67,0.07,3.2,0.09,1.65,0.96,4.22,5.92,4.19,3.25,-1.93, ,6.84, ,0.92,1.8, ,4.96,3.51, , , ,-3.88, , ,2.48, ,-0.44,4.01, ,0.26,-0.47,1.84,3.0,0.36,1.15,0.66,4.72,4.23,3.08,3.36,-0.24, ,7.22, ,2.07,-1.68, ,5.66,3.39, , , ,0.67, , ,2.02,1.3,1.9,3.71,4.63,-10.94,-10.85,-10.42,14.43,15.07,15.47,3.91,1.77,4.37,4.22,,,,
464,97057442,11/4/2025,0:04:43,,,-0.89,-0.08,-0.48,-2.91,4.7,4.24,3.84,7.38,-0.54,-1,-0.32,-1.68,4.34,4.57,3.76,9.03, , , , , , , , ,-2.84, ,1.07, ,0.48,1.44,0.8,4.71,5.76,4.4,2.0,-1.21, ,7.07, ,0.75,1.49, ,4.76,4.25, , , ,-4.93, , ,2.69, ,-1.19,3.69, ,-1.37,-0.09,2.16,3.24,1.15,1.24,0.78,5.09,3.8,2.82,1.59,-1.33, ,6.77, ,1.72,-0.44, ,5.62,4.75, , , ,-0.25, , ,2.74,1.09,1.43,3.98,4.47,-11.12,-10.84,-10.37,14.35,14.72,15.19,3.32,1.68,4.11,4.45,,,,
465,97057426,11/4/2025,0:08:07,,,-1.41,0.12,-0.7,-0.94,5.05,4.76,5.16,4.8,-0.01,0.35,0.25,1.46,3.64,3.09,3.37,4.85, , , , , , , , ,-1.29,-1.47,-0.15,2.9,0.29,1.63,0.68,4.28,5.94,4.0,3.96,0.21, ,5.8, ,1.22,-0.18, ,5.41,4.31, , , ,-3.31, , ,1.54, ,-0.16,3.37, ,-2.35,-0.67,3.25,4.16,0.79,0.92,0.64,4.39,4.7,4.58,2.23,-0.99, ,5.04, ,1.97,-1.08, ,4.3,3.72, , , ,-0.03, , ,0.71,2.05,2.2,3.81,5.28,-11.15,-10.43,-10.14,14.47,15.42,15.42,3.63,1.49,3.95,4.1,,,,
466,97057434,11/4/2025,0:12:07,,,-1.09,-0.45,-0.82,-2.11,5.32,4.95,5.71,5.49,-0.14,-0.02,0.58,0.49,3.88,2.58,3.36,5.71, , , , , , , , ,-3.63, ,1.86, ,0.2,1.96,0.33,4.32,6.34,4.6,0.77,-2.83, ,5.21, ,0.67,3.43, ,4.03,5.04, , , ,-3.3, , ,1.69, ,0.15,3.85, ,-0.39,-0.45,2.82,3.21,1.29,1.23,1.16,4.59,4.36,3.82,2.62,-0.49, ,5.2, ,1.92,-1.38, ,4.71,3.93, , , ,0.65, , ,1.84,1.68,2.31,3.87,4.8,-11.08,-10.9,-10.56,14.63,15.12,15.59,3.8,1.5,4.14,4.24,,,,
467,97057400,11/4/2025,0:12:49,,,-1.21,0.31,-0.65,-0.94,5.28,4.45,5.32,4.69,-0.45,-0.15,0.46,0.21,4.32,2.82,3.04,5.12, , , , , , , , ,-2.81,-2.24,0.88,3.67,0.4,1.88,0.22,4.24,7,5.03,2.36,-1.45, ,5.76, ,0.92,1.95, ,4.73,4.21, , , ,-3.46, , ,2.38, ,-0.33,3.64, ,0.61,-0.31,1.23,2.92,1.33,1.09,1.03,4.72,4.27,2.97,4.41,1.33, ,8.35, ,2.44,-2.32, ,6.21,2.95, , , ,-0.92, , ,1.83,1.71,2.04,3.65,4.33,-11.39,-10.46,-10.46,15.0,14.79,15.49,3.37,1.85,3.67,5.06,,,,
468,97057418,11/4/2025,0:13:37,,,-1.2,0.35,-0.74,-2.58,5.26,4.25,4.48,6.95,-1.88,-1.23,0.27,-2.69,4.49,4.3,3.77,8.11, , , , , , , , ,-2.52,-1.47,2.14,4.01,0.73,1.45,0.93,4.61,6.04,4.48,1.03,-1.8, ,6.31, ,0.62,1.46, ,4.7,4.44, , , ,-5.08, , ,2.96, ,-0.54,3.71, ,-1.22,-0.31,3.03,3.48,1.43,1.12,1.1,4.9,4.24,3.4,1.78,-0.66, ,6.01, ,1.82,-1.12, ,5.11,3.8, , , ,0.29, , ,1.69,1.45,1.83,3.76,4.6,-11.28,-11.26,-10.65,15.03,15.32,15.96,3.95,1.29,4.34,3.82,,,,
469,97059935,11/4/2025,0:14:35,,,-1.16,-0.34,-0.73,-1.25,4.91,4.65,4.97,4.65,-0.84,-0.76,0.0,-0.05,4.24,3.37,3.23,4.7, , , , , , , , ,-2.27,-1.54,-0.03,3.56,0.27,1.55,0.71,4.82,6.3,5.09,2.93,-0.54, ,5.82, ,1.01,0.02, ,4.61,4.08, , , ,-3.74, , ,1.46, ,-0.52,3.49, ,-0.65,-0.6,2.17,3.21,0.9,1.18,0.89,4.68,4.4,3.3,3.3,-0.39, ,7.29, ,2.34,-1.33, ,6.08,2.91, , , ,0.13, , ,1.36,1.63,2.24,3.8,4.7,-11.08,-10.76,-10.4,14.86,15.11,15.52,3.51,1.19,3.87,4.16,,,,
470,97059943,11/4/2025,0:15:32,,,-1.18,-0.34,-0.62,-2.02,4.84,4.19,5.02,4.56,-2.16,-0.66,0.22,-0.14,4.12,3.38,3.42,5.67, , , , , , , , ,-2.64, ,1.36, ,0.7,1.88,0.27,4.04,6.45,4.92,1.58,-1.35, ,4.75, ,0.79,1.2, ,4.33,4.82, , , ,-3.83, , ,1.05, ,-0.29,3.72, ,-0.6,-0.58,2.84,3.35,1.36,1.03,1.02,4.86,4.56,3.72,2.51,-0.93, ,5.89, ,1.97,-1.17, ,4.81,3.53, , , ,0.0, , ,1.85,1.43,1.99,3.69,4.56,-10.64,-10.61,-10.21,14.25,15.0,15.06,3.97,1.41,4.36,4.13,,,,
471,97059901,11/4/2025,0:18:51,,,-0.97,-0.2,-0.78,-1.8,5.18,4.89,5.34,5.25,-0.09,-0.16,0.3,0.53,4.03,2.72,3.4,5.07, , , , , , , , ,-1.63,-1.62,-0.24,3.16,-0.13,1.17,0.24,4.1,5.69,4.07,3.55,-0.64, ,5.01, ,1.08,0.66, ,5.42,4.93, , , ,-4.7, , ,1.46, ,-0.42,3.31, ,-3.05,-0.69,3.5,3.72,1.37,1.29,0.91,4.68,4.89,4.28,1.9,-1.95, ,5.51, ,1.87,-0.5, ,4.41,3.8, , , ,0.13, , ,1.73,1.46,2.06,3.76,4.46,-11.1,-11.36,-10.76,13.65,15.91,15.27,3.21,1.3,5.4,3.39,,,,
472,97059927,11/4/2025,0:20:15,,,-1.21,-0.47,-0.12,-2.04,4.95,4.21,4.8,4.42,-0.79,-0.26,0.06,0.06,4.36,3.41,3.37,5.51, , , , , , , , ,-1.14, ,0.4, ,0.19,1.72,0.46,4.03,6.35,4.42,3.16,0.61, ,4.24, ,1.49,1.64, ,4.55,4.65, , , ,-4.47, , ,0.97, ,-0.34,4.0, ,-2.33,-0.5,3.32,4.02,1.37,0.99,1.2,4.76,4.41,3.49,1.16,-2.12, ,4.47, ,1.65,-0.2, ,3.99,4.58, , , ,0.57, , ,1.54,1.74,2.58,3.94,4.82,-11.33,-10.79,-10.33,14.06,14.98,15.15,3.69,1.5,4.59,3.84,,,,
473,97059893,11/4/2025,0:23:05,,,-1.78,0.32,-0.46,-3.06,4.93,3.82,4.45,6.01,-1.33,-1.53,-0.45,-2.22,4.83,4.7,4.2,8.29, , , , , , , , ,-1.92,-1.8,0.06,3.31,0.06,2.13,0.66,4.23,5.84,4.02,3.09,-0.12, ,6.21, ,1.02,0.08, ,4.97,3.27, , , ,-5.01, , ,1.88, ,-1.42,3.65, ,-0.89,-0.69,2.35,3.48,0.85,1.62,0.79,4.78,4.24,3.05,3.36,0.31, ,7.34, ,2.21,-1.94, ,5.41,2.6, , , ,-1.42, , ,2.35,1.18,1.43,3.85,4.15,-10.99,-10.68,-10.26,14.56,15.6,15.77,3.46,1.56,4.68,3.83,,,,
474,97059919,11/4/2025,0:23:51,,,-1.02,-0.15,-0.67,-3.53,5.18,4.07,4.97,6.76,-2.33,-1.1,1.32,-1.9,4.18,4.6,-0.37,9.5, , , , , , , , ,-2.67, ,0.62, ,0.36,0.75,0.47,4.83,2.42,4.14,2.11,-1.86, ,3.31, ,0.65,1.04, ,4.35,4.88, , , ,-3.48, , ,0.6, ,-0.09,3.51, ,1.12,0.13,2.09,2.83,1.1,1.24,1.54,5.03,4.15,3.08,3.59,0.87, ,6.73, ,2.16,-2.36, ,5.2,3.41, , , ,0.89, , ,1.57,1.66,2.58,4.06,5.12,-11.01,-10.96,-10.4,14.47,15.56,15.61,2.83,1.22,4.94,3.69,,,,
475,97059877,11/4/2025,0:24:37,,,-1.11,0.19,-0.61,-1.16,4.73,4.06,4.93,4.22,-0.65,-0.36,0.06,0.35,4.51,3.06,3.46,4.74, , , , , , , , ,-2.59,-1.78,0,3.61,-0.21,2.31,0.1,4.67,6.61,4.55,2.85,-1.43, ,5.16, ,0.97,1.4, ,4.53,4.18, , , ,-4.38, , ,1.53, ,-0.64,3.46, ,-1.73,-0.53,2.6,3.47,1.31,1.06,1.13,4.97,4.41,3.49,2.88,-0.28, ,6.71, ,2.15,-1.54, ,5.04,3.4, , , ,-0.61, , ,1.38,1.44,1.69,3.74,4.57,-10.81,-10.53,-10.2,14.62,15.3,15.46,3.25,1.1,4.32,3.9,,,,
476,97059885,11/4/2025,0:25:33,,,0.02,1.06,0.65,-0.26,4.74,3.44,4.63,3.24,-1.81, ,0.35,-0.53,4.73, ,3.61,5.48, , , , , , , , ,-2.57,-1.78,1.36,3.8,0.37,1.71,0.34,4.22,6.57,4.72,1.23,-1.52, ,4.54, ,0.98,2.51, ,4.38,5.66, , , ,-3.43, , ,1.0, ,-0.14,3.51, ,-0.09,-0.55,2.18,3.76,1.39,1.07,1.02,4.93,4.63,3.77,3.16,-0.21, ,7.22, ,2.2,-1.55, ,5.47,2.24, , , ,0.97, , ,2.22,1.48,2.02,4.14,4.56,-10.85,-10.82,-10.41,14.38,15.4,15.31,3.22,0.94,4.51,3.82,,,,
477,97059703,11/4/2025,0:26:22,,,-1.67,-0.31,-0.7,-1.8,5.13,4.22,5.24,4.41,-1.66,-0.34,0.26,-0.24,3.94,3.36,3.39,5.93, , , , , , , , ,-2.12, ,0.16, ,0.18,1.57,0.62,4.65,6.66,4.14,3.22,-1.29, ,6.22, ,0.96,0.94, ,5.44,3.75, , , ,-4.31, , ,2.2, ,-0.73,3.31, ,-1.17,-0.74,2.42,3.52,1.2,1.32,0.83,4.54,4.54,3.68,3.27,0.18, ,6.49, ,2.2,-1.78, ,4.55,3.06, , , ,-0.84, , ,1.7,1.26,1.3,3.66,4.57,-11.09,-10.62,-10.28,14.83,15.64,15.83,2.89,1.35,4.55,3.86,,,,
478,97059802,11/4/2025,0:27:30,,,-1.68,-0.57,-0.86,-1.26,5,3.99,5.11,4.06,-1.71,-0.01,0.1,0.37,4.3,3.3,3.24,5.75, , , , , , , , ,-2.01,-1.71,0.4,3.97,0.21,0.98,0.16,4.42,4.35,4.6,2.07,-0.43, ,4.44, ,0.98,1.46, ,4.79,4.22, , , ,-4.51, , ,0.9, ,-0.81,3.32, ,-1.49,-0.85,3.35,3.4,1.19,1.18,0.86,4.66,4.33,3.48,2.09,-1.35, ,6.0, ,1.59,-1.17, ,4.6,3.75, , , ,0.4, , ,2.02,1.4,1.87,4.13,4.7,-11.19,-10.91,-10.54,14.24,14.97,15.36,3.1,1.7,4.44,4.22,,,,
479,97059737,11/4/2025,0:32:13,,,-1.34,-0.5,-0.69,-1.93,4.96,4.07,4.6,4.4,-0.26,-1.09,-0.09,-1.04,4.2,3.36,3.33,5.42, , , , , , , , ,-3.3,-1.95,1.22,3.23,0.18,1.74,0.54,4.42,5.72,4.11,1.8,-1.57, ,6.36, ,0.74,1.28, ,5.05,4.77, , , ,-4.72, , ,2.23, ,-1.01,3.4, ,-1.92,-0.72,1.69,3.14,1.21,1.23,0.95,4.62,4.42,3.18,2.51,-1.77, ,7.02, ,1.73,-0.84, ,4.91,4.09, , , ,0.98, , ,1.68,1.58,2.31,3.54,4.39,-11.26,-10.43,-10.28,14.5,15.19,15.31,3.17,1.11,4.07,3.99,,,,
480,97059745,11/4/2025,5:34:19,,,-1.46,0.23,-0.65,-2.58,4.53,3.88,4.11,6.3,-1.06,-1.5,-0.5,-2.25,4.51,4.94,3.43,8.28, , , , , , , , ,-1.81,-1.56,0.1,3.03,0.41,1.42,-0.06,4.74,6.67,4.6,3.21,-0.96, ,5.06, ,1.0,1.77, ,4.45,3.78, , , ,-3.34, , ,1.84, ,-0.02,3.85, ,-0.45,-0.87,2.67,2.96,0.68,1.71,0.29,4.8,4.1,3.18,2.78,-0.78, ,4.88, ,1.79,-1.79, ,4.25,3.73, , , ,1.62, , ,1.05,1.24,2.12,3.92,5.17,-11.15,-10.68,-10.34,14.46,15.17,15.41,3.09,1.42,4.42,3.97,,,,
481,97059588,11/4/2025,5:35:01,,,-1.93,0.09,-0.69,-1.08,5,4.27,5.15,4.86,-0.08,0.06,0.35,0.91,3.88,2.7,3.25,5.47, , , , , , , , ,-3.64, ,1.2, ,0.66,1.5,0.46,4.34,6.63,4.95,1.81,-1.92, ,5.35, ,0.81,1.48, ,4.3,4.79, , , ,-5.1, , ,1.52, ,-1.17,3.52, ,-1.85,-1.0,3.09,3.37,0.81,1.58,0.64,4.62,4.42,3.46,2.44,-0.55, ,6.51, ,1.85,-1.72, ,4.9,3.8, , , ,-0.95, , ,2.22,0.85,1.17,3.7,4.26,-11.63,-10.85,-10.66,14.05,15.41,15.35,2.99,1.91,4.59,4.1,,,,
482,97059729,11/4/2025,5:35:42,,,-1.57,-0.35,-0.93,-1.83,4.95,5.15,5.24,5.54,-0.99,-0.85,-0.49,-0.13,3.89,2.93,3.07,5.22, , , , , , , , ,-1.07,-1.98,-0.16,2.91,0.19,1.97,0.06,4.18,6.27,4.49,3.42,-0.08, ,4.54, ,1.34,0.68, ,4.73,4.52, , , ,-4.2, , ,0.63, ,-0.34,3.26, ,-0.37,-0.55,2.14,2.84,1.18,1.24,1.31,4.61,4.43,3.39,3.72,-0.52, ,6.75, ,1.98,-1.98, ,4.87,2.99, , , ,0.23, , ,2.3,0.91,1.83,3.9,4.27,-11.12,-11.14,-10.56,14.5,15.6,15.6,2.91,1.53,5.21,3.55,,,,
483,97059562,11/4/2025,5:36:24,,,-1.27,-0.66,-1.32,-3.59,4.57,4.18,4.56,6.96,-0.83,-0.86,-0.91,-1.23,4.5,4.6,4.03,8.32, , , , , , , , ,-2.96, ,0.61, ,0.88,0.5,0.25,4.75,2.06,4.6,2.26,-1.66, ,5.52, ,0.79,1.31, ,4.89,3.93, , , ,-5.0, , ,2.04, ,-1.4,3.53, ,-2.34,-0.75,2.8,3.04,0.5,1.57,0.32,4.72,4.25,3.55,2.99,-0.98, ,5.41, ,1.9,-1.49, ,4.11,3.89, , , ,-0.91, , ,1.22,0.88,0.99,3.79,4.77,-11.53,-10.36,-10.36,14.87,15.14,15.6,2.72,1.91,3.92,4.87,,,,
484,97059570,11/4/2025,5:37:07,,,-1.69,-0.21,-0.71,-1.31,4.85,4.52,5.01,4.33,-0.18,0,0.44,0.77,3.98,3.29,3.48,5.64, , , , , , , , ,-0.6,-1.66,-0.39,3.32,0.94,2.27,0.16,3.95,6.65,5.15,4.07,0.76, ,4.72, ,1.55,0.01, ,4.58,3.61, , , ,-4.63, , ,1.05, ,-1.06,3.24, ,1.28,-0.59,-0.09,2.46,0.81,1.42,0.73,5.0,4.36,3.29,4.68,1.03, ,6.99, ,2.71,-2.0, ,5.12,2.82, , , ,1.04, , ,1.61,1.07,1.76,4.07,4.86,-11.48,-10.97,-10.58,14.76,15.19,15.66,3.39,1.32,4.45,3.87,,,,
485,97059554,11/4/2025,5:37:49,,,-1.81,-0.55,-1.19,-1.83,5.13,4.76,5.05,5.09,0.11,0.49,0.31,1.47,3.75,2.64,2.96,5.0, , , , , , , , ,-1.29, ,0.92, ,0.76,1.82,0.29,4.32,6.5,4.44,2.02,0.28, ,4.42, ,0.9,0.94, ,4.47,4.83, , , ,-5.38, , ,1.24, ,-0.82,3.67, ,-1.15,-0.38,2.45,3.44,0.84,1.23,0.67,4.68,4.76,3.79,2.57,-1.37, ,6.94, ,1.7,-1.13, ,4.58,2.9, , , ,-0.29, , ,2.5,0.8,1.31,3.9,4.33,-11.56,-10.63,-10.63,14.61,14.87,15.52,3.23,1.49,4.05,4.16,,,,
486,97059547,11/4/2025,5:38:31,,,-0.65,-0.23,-0.77,-3.49,5.19,4.89,4.68,7.76,-0.72,-0.96,-0.02,-1.45,4.87,4.53,3.35,8.24, , , , , , , , ,-3.53,-1.93,0.25,3.07,0.27,1.67,0.48,4.17,6.27,4.05,2.63,-2.36, ,5.25, ,0.68,1.82, ,5.24,5.08, , , ,-5.42, , ,1.53, ,-1.31,2.99, ,-0.82,-0.7,2.76,3.31,0.83,1.47,0.31,4.68,4.21,3.2,3,-0.5, ,8.05, ,1.96,-1.44, ,4.9,2.59, , , ,-1.05, , ,2.71,0.67,0.88,3.82,3.94,-11.22,-10.7,-10.5,14.48,15.72,15.8,2.85,1.72,4.73,3.86,,,,
487,97059430,11/4/2025,5:39:13,,,-0.87,0.19,-0.74,-0.94,5.33,4.8,5.34,5.02,0.31,0.09,0.52,0.94,3.56,2.33,2.46,4.23, , , , , , , , ,-2.88,-1.79,0.35,3.19,0.38,1.76,0.26,4.39,6.64,4.38,3.14,-2.01, ,6.54, ,0.83,1.39, ,5.19,3.6, , , ,-4.64, , ,2.77, ,-0.86,3.29, ,-1.64,-0.63,2.2,3.45,1.04,1.35,0.97,4.67,4.73,3.86,2.93,-0.88, ,5.99, ,1.82,-1.3, ,4.76,3.15, , , ,-0.3, , ,1.46,1.01,1.49,4.01,5.02,-11.37,-10.54,-10.25,14.31,15.54,15.45,3.2,1.84,4.41,4.23,,,,
488,97059448,11/4/2025,5:39:55,,,-1.39,-0.21,-1,-1.62,5.39,5.16,5.19,5.16,-0.25,-0.43,0.04,0.1,4.09,2.18,2.71,4.57, , , , , , , , ,-2.91,-2.2,0.62,3.6,0.69,2.36,-0.11,4.16,6.18,4.54,2.51,-1.97, ,6.03, ,0.86,1.73, ,4.75,4.58, , , ,-6.19, , ,2.08, ,-1.43,3.33, ,-1.26,-0.74,2.52,3.55,1.07,1.47,0.53,4.7,4.62,3.7,2.44,-1.76, ,5.94, ,1.62,-0.73, ,4.41,3.29, , , ,1.03, , ,1.98,1.01,2.26,3.85,4.44,-11.17,-10.91,-10.6,13.75,15.44,14.89,2.82,1.17,4.85,3.62,,,,
489,97057483,11/4/2025,5:42:40,,,-1.19,0.38,-0.36,-2.38,4.8,4.15,4.12,6.81,-0.59,-1.22,-0.01,-1.61,4.92,4.91,3.48,8.12, , , , , , , , ,-1.51,-1.52,-0.1,3.18,0.3,1.7,-0.02,4.26,6.06,4.28,3.92,-0.02, ,6.51, ,1.2,0.85, ,5.39,4.14, , , ,-4.43, , ,1.96, ,-1.22,3.05, ,-2.39,-0.86,4.25,3.85,0.98,1.51,0.58,4.73,4.27,4.07,1.53,-0.99, ,5.28, ,1.74,-0.81, ,4.88,4.05, , , ,-2.01, , ,2.35,0.8,0.97,3.89,4.19,-10.96,-10.74,-10.23,14.45,15.6,15.63,2.74,1.5,4.77,3.76,,,,
490,97059414,11/4/2025,5:43:23,,,-1.76,-0.14,-0.82,-1.32,4.71,4.67,4.9,4.9,-0.2,-0.57,-0.14,0.1,3.76,2.97,2.96,5.42, , , , , , , , ,-2.37,-1.39,0.67,3.36,0.59,1.27,1.32,4.21,5.73,4.53,2.43,-1.31, ,5.95, ,0.83,1.42, ,4.36,4.23, , , ,-4.32, , ,1.82, ,-0.36,3.68, ,-1.42,-0.51,2.87,3.05,0.93,1.1,0.95,4.69,4.58,3.65,2.66,-0.68, ,5.63, ,1.88,-1.16, ,4.59,4.11, , , ,-0.53, , ,1.87,1.04,1.25,3.58,4.6,-10.95,-10.84,-10.51,15.05,15.08,15.56,3.74,1.65,4.43,4.27,,,,
491,97059422,11/4/2025,5:53:34,,,-1.76,0.14,-0.74,-1.34,4.96,4.81,5.01,4.98,0.37,-0.84,-0.12,-0.14,3.53,2.72,2.66,5.43, , , , , , , , ,-2.74,-1.73,0.71,3.27,0.31,1.61,0.38,4.1,5.98,4.26,2.21,-1.14, ,5.91, ,0.87,1.27, ,4.46,4.57, , , ,-5.52, , ,1.36, ,-1.18,3.39, ,-1.62,-0.48,3.65,3.25,0.6,1.38,0.57,4.67,4.43,3.68,1.8,-1.33, ,5.19, ,1.69,-0.79, ,4.45,4.88, , , ,0.33, , ,1.04,1.11,1.66,3.8,4.84,-10.89,-10.94,-10.42,14.51,14.96,15.47,3.28,1.05,4.29,4.26,,,,
492,97059257,11/4/2025,5:59:54,,,-0.36,-0.82,-1.11,-2.3,4.95,3.83,4.72,4.29,0.26,-0.23,0.35,0.04,3.76,2.71,3.08,4.86, , , , , , , , ,-2.51,-1.44,0.35,3.55,0.46,1.59,0.59,4.46,6.51,5.12,2.85,-0.93, ,4.63, ,0.93,1.11, ,4.68,4.86, , , ,-5.71, , ,1.08, ,-0.44,3.05, ,-0.44,-0.2,2.14,2.97,0.29,0.95,1.12,5.11,4.76,3.77,4.05,1.08, ,6.79, ,2.21,-2.83, ,4.83,3.59, , , ,-1.01, , ,1.7,0.86,0.93,3.62,4.41,-11.37,-10.4,-10.31,14.39,15.65,15.65,3.07,1.36,4.38,3.94,,,,
493,97059406,11/4/2025,6:00:35,,,0.24,0.53,-0.24,-1.58,4.68,4.07,4.94,4.66,-0.44,-0.51,-0.24,-0.46,3.85,3.17,3.17,5.85, , , , , , , , ,-2.46, ,0.16, ,0.71,1.89,0.37,5.31,6.81,4.75,3.42,-0.91, ,4.84, ,0.99,0.88, ,4.33,4.31, , , ,-3.91, , ,1.45, ,-0.26,4.04, ,-0.59,-0.94,2.35,2.91,0.37,1.45,0.45,4.23,4.43,3.41,3.32,-0.57, ,6.69, ,2.02,-1.56, ,5.07,3.26, , , ,0.1, , ,2.01,0.92,1.49,3.9,4.57,-11.27,-10.82,-10.5,14.09,15.09,15.27,3.31,1.37,4.43,4.1,,,,
494,97059372,11/4/2025,6:01:17,,,0.15,0.47,-0.09,-1.54,5.41,4.54,5.34,4.9,0.01,-1.02,-0.54,-0.79,3.07,2.64,3.0,5.65, , , , , , , , ,-1.15,-1.25,-0.22,3.1,0.58,1.68,0.47,4.54,6.69,4.85,3.21,0.49, ,5.26, ,1.15,-0.07, ,4.72,3.48, , , ,-5.26, , ,0.97, ,-1.11,3.45, ,-1.56,-0.58,2.45,3.46,0.49,0.99,0.55,4.82,4.43,4.3,3.44,-0.58, ,7.03, ,2.11,-1.12, ,5.25,2.73, , , ,-1.06, , ,2.14,1.02,1.49,4.09,4.64,-11.13,-11.12,-10.53,14.46,15.59,15.71,3.54,0.95,4.89,3.29,,,,
495,97059380,11/4/2025,6:01:58,,,-0.97,-0.62,-1.11,-2.53,5.06,4.53,4.9,5.36,-0.8,0.32,-0.03,0.94,3.62,2.78,3.14,4.83, , , , , , , , ,-2.9,-1.83,0.62,3.43,0.25,0.66,0.11,4.38,3.74,4.88,2.1,-1.38, ,5.42, ,0.79,1.25, ,4.95,4.43, , , ,-5.06, , ,1.84, ,-0.92,3.56, ,-1.67,-0.59,1.55,3.23,0.82,1.15,0.69,4.6,4.54,3.67,2.28,-1.93, ,6.64, ,1.69,-0.72, ,4.88,3.87, , , ,0.58, , ,2.13,1.05,1.77,3.81,4.41,-11.77,-11.49,-11.11,13.9,15.54,15.16,3.26,1.14,4.89,3.49,,,,
496,97059364,11/4/2025,6:02:44,,,-0.23,0.05,-1.15,-1.98,5.53,5.0,6.32,5.5,-0.49,-1.3,-0.19,-1.05,3.46,1.87,2.8,5.26, , , , , , , , ,-3.12, ,0.51, ,0.44,1.83,0.6,5.34,7.12,4.58,3.06,-1.79, ,4.83, ,0.95,1.32, ,4.74,4.5, , , ,-4.15, , ,1.17, ,-0.63,3.34, ,-1.72,-0.92,3.21,3.06,0.55,1.39,0.47,4.66,4.59,3.67,2.65,-0.17, ,5.81, ,1.92,-1.64, ,5.12,4.6, , , ,-0.96, , ,2.0,0.88,1.3,3.62,4.43,-11.42,-11.01,-10.56,14.46,15.58,15.89,2.99,1.72,4.39,3.96,,,,
497,97059539,11/4/2025,6:03:33,,,-0.22,0.16,-0.6,-3.39,5,3.88,4.23,6.92,-1.87,-0.58,0.2,-1.45,4.63,4.19,3.26,7.58, , , , , , , , ,-3.62,-1.87,1.34,3.57,0.95,1.28,0.62,4.63,6.57,4.57,1.22,-1.99, ,5.17, ,0.74, , ,4.67, , , , ,-4.09, , ,1.02, ,-0.32,3.18, ,-0.3,-0.68,2.33,3.66,0.88,1.61,0.65,5.52,4.75,3.88,3.18,-0.94, ,6.3, ,1.83,-1.25, ,5.62,2.82, , , ,0.83, , ,1.7,1.14,2.07,3.87,4.69,-11.26,-11.27,-10.59,14.37,15.61,15.55,3.26,1.09,4.65,3.56,,,,
498,97059513,11/4/2025,6:04:28,,,0.7,0.12,-0.18,-2.97,5.36,4.3,3.25,6.91,-1.55,-1.04,0.06,-1.31,4.44,4.08,3.26,7.66, , , , , , , , ,-2.79,-1.72,1.09,3.64,0.96,1.45,0.95,4.28,6.52,4.48,2.0,-1.74, ,5.54, ,0.68,1.44, ,4.7,4.36, , , ,-5.44, , ,2.56, ,-0.85,3.76, ,-0.86,-1.02,2.96,3.58,0.27,1.59,0.34,4.96,4.64,3.61,2.55,-1.12, ,5.48, ,1.74,-0.91, ,5.54,3.64, , , ,-0.3, , ,1.74,1.13,1.84,3.89,4.64,-11.16,-11.01,-10.47,14.09,15.66,15.64,3.65,1.14,5.26,3.67,,,,
499,97059505,11/4/2025,6:05:13,,,-1,0.11,-0.4,-1.37,5.12,4.34,5.06,4.86,0.14,-1.93,-0.34,-2.17,3.96,3.07,3.33,5.88, , , , , , , , ,-2.49, ,0.93, ,0.36,1.67,0.5,4.31,6.27,4.75,2.2,-0.29, ,6.19, ,1.02,0.85, ,4.21,3.78, , , ,-5.46, , ,1.98, ,-1.39,3.77, ,-1.84,-0.49,1.58,3.47,0.44,1.52,0.95,4.93,4.79,4.22,2.56,-2.25, ,4.0, ,1.54,-0.51, ,4.16,3.71, , , ,0.15, , ,1.62,1.38,2.28,4.15,5.29,-10.91,-10.42,-10.14,14.22,15.45,15.52,3.1,1.13,4.17,3.61,,,,
500,97059497,11/4/2025,6:06:47,,,-0.07,0.74,-0.02,-1.49,5.09,4.45,5.18,5.25,-0.24,-0.36,0.57,-0.22,3.81,2.83,3.15,5.1, , , , , , , , ,-3.64, ,2.84, ,1.44,1.48,0.57,4.23,7.11,5.39,0.12,-2.81, ,5.06, ,0.51,2.5, ,3.99,5.79, , , ,-3.39, , ,1.74, ,-0.06,3.37, ,-0.36,-0.31,2.9,3.0,1.05,1.15,1.36,4.63,4.62,3.75,2.14,-0.68, ,4.01, ,1.6,-1.33, ,4.01,4.16, , , ,1.1, , ,-0.05,1.59,2.57,3.95,5.5,-11.24,-10.56,-10.39,14.53,14.95,15.24,3.53,1.57,4.29,4.36,,,,
501,97059489,11/4/2025,6:07:34,,,-0.34,-0.42,-0.85,-3.47,4.75,3.96,4.21,6.74,-1.12,-1.3,0.27,-2.13,4.21,4.24,2.78,7.79, , , , , , , , ,-1.2,-1.47,0.73,3.5,0.42,1.42,0.51,4.73,6.6,4.59,2.63,0.24, ,5.49, ,0.99,0.1, ,4.4,3.42, , , ,-5.22, , ,1.99, ,-0.93,3.78, ,-1.56,-0.24,3.57,2.98,0.78,0.98,1.25,4.73,4.27,3.4,1.73,-1.38, ,5.59, ,1.69,-0.61, ,5.22,4.8, , , ,-0.31, , ,1.06,1.14,1.65,3.55,4.59,-11.25,-10.9,-10.5,14.36,15.54,15.49,3.72,0.98,4.98,3.84,,,,
502,97059471,11/4/2025,6:08:19,,,-0.29,0.61,-0.57,-0.93,5.1,4.18,5.36,4.39,-0.52,-1.4,-0.05,-1.26,4.05,3.19,3.23,5.69, , , , , , , , ,-1.88,-1.81,0.36,3.42,0.54,1.7,0.42,4.39,6.62,4.67,2.62,-1.58, ,5.49, ,0.69,0.94, ,4.84,3.61, , , ,-3.45, , ,2.47, ,-0.41,3.84, ,-0.04,-0.42,2.02,3.21,0.82,1.31,1.06,4.75,4.41,3.46,3.41,0.28, ,6.21, ,2.3,-1.47, ,4.52,2.94, , , ,-0.11, , ,1.38,1.17,1.76,3.82,5.01,-11.16,-10.27,-10.1,14.54,15.47,15.56,3.61,1.11,4.6,3.9,,,,
503,97059463,11/4/2025,6:10:14,,,-0.11,0.96,0.01,-1.14,4.89,4.79,5.06,5.1,-0.32,-1.87,-0.46,-1.91,3.85,2.75,3.05,5.59, , , , , , , , ,-2.78, ,0.58, ,0.67,1.87,0.65,4.02,6.22,4.67,2.49,-1.88, ,4.89, ,0.89,1.1, ,4.36,4.65, , , ,-3.65, , ,1.2, ,-0.14,3.49, ,-2.02,-0.87,1.11,3.64,0.63,1.45,0.89,4.74,4.63,4.04,0.86,-2.01, ,5.1, ,1.36,0.06, ,4.44,4.27, , , ,0.73, , ,2.03,1.05,1.82,3.79,4.64,-11.46,-10.36,-10.47,14.53,14.81,15.18,3.19,1.17,3.8,4.16,,,,
504,97077010,11/4/2025,6:14:17,,,0.09,1.09,0.12,-0.44,5.02,3.47,4.97,4.15,-0.61,-1.12,-0.13,-0.96,4.22,3.16,3.37,5.3, , , , , , , , ,-2.48,-1.63,0.91,3.79,0.45,1.5,0.8,4.77,7.03,4.89,2.03,-0.65, ,5.41, ,0.83,0.43, ,4.12,3.96, , , ,-4.01, , ,1.35, ,-0.92,3.63, ,-0.29,-0.57,1.85,2.84,0.54,1.29,0.58,4.72,4.71,4.0,4.12,0.47, ,6.6, ,2.56,-1.63, ,4.49,2.6, , , ,-0.86, , ,1.51,1.12,1.44,3.89,4.68,-11.17,-10.84,-10.36,14.6,15.1,15.54,3.45,0.97,4.41,3.84,,,,
505,97059455,11/4/2025,6:15:11,,,0.41,0.96,-0.14,-1.36,4.74,4.25,4.65,5.32,-0.05,-1,-0.01,-0.74,3.69,2.51,2.56,5.34, , , , , , , , ,-2.71, ,0.39, ,0.7,1.52,0.49,4.91,6.79,5.04,2.31,-1.77, ,5.31, ,0.8,1.07, ,4.07,4.11, , , ,-3.95, , ,1.31, ,-0.31,3.6, ,-0.72,-0.62,2.17,2.97,0.73,1.38,0.55,4.74,4.48,3.93,2.88,-0.97, ,5.85, ,1.63,-0.92, ,8.97,3.92, , , ,0.94, , ,1.44,1.29,2.23,4.02,5.07,-11.69,-10.69,-10.77,14.32,15.14,15.3,3.0,1.26,3.91,4.73,,,,
506,97055438,11/4/2025,6:15:57,,,-0.41,0.03,-0.57,-3.42,4.74,4.38,3.92,7.57,-0.04,-0.6,0.74,-1.3,4.52,4.13,2.86,7.44, , , , , , , , ,-2.17,-1.85,0.2,3.28,0.66,1.72,0.57,4.57,5.99,4.41,2.64,-1.32, ,6.3, ,0.83,1.32, ,5.0,4.83, , , ,-3.8, , ,1.84, ,-0.39,3.26, ,0.54,-0.4,1.44,2.4,0.84,1.18,0.91,5.54,4.44,3.12,4.34,1.07, ,7.98, ,2.49,-1.66, ,5.58,3.32, , , ,-0.68, , ,1.65,1.13,1.6,3.48,4.21,-11.22,-10.46,-10.47,15.02,15.25,15.6,3.2,1.51,4.33,4.47,,,,
507,97055404,11/4/2025,6:16:46,,,-0.55,0.26,-0.41,-2.65,4.71,4.66,4.39,7.49,-0.79,-1.03,0.2,-1.6,4.38,4.22,3.56,7.89, , , , , , , , ,-1.54,-1.59,1.29,4,0.51,1.97,0.36,4.24,6.43,5.48,1.79,-0.48, ,6.31, ,0.81,0.92, ,4.57,3.96, , , ,-4.92, , ,2.38, ,-0.85,3.3, ,0.63,-0.36,1.35,2.41,0.73,1.36,1.01,4.77,3.83,2.94,4.57,1.22, ,8.03, ,2.43,-1.75, ,6.14,3.1, , , ,-0.83, , ,2.0,0.79,1.1,3.53,3.88,-11.12,-10.8,-10.41,14.6,15.22,15.43,3.35,1.1,4.57,4.2,,,,
508,97055420,11/4/2025,6:17:37,,,0.08,0.23,0.26,-2.81,4.94,4.44,2.85,7.51,-1.39,-0.64,0.4,-1.27,4.64,4.39,3.23,7.52, , , , , , , , ,-3.13,-2.02,0.78,2.97,0.8,1.55,0.17,4.54,6.4,5.14,2.1,-2.23, ,4.11, ,0.66,1.69, ,4.39,5.24, , , ,-3.14, , ,0.83, ,0.19,3.7, ,-0.47,-0.43,1.97,3.01,0.79,1.48,1.29,5.1,4.26,3.16,3.28,-0.52, ,6.77, ,1.88,-2.07, ,5.0,2.93, , , ,-0.38, , ,1.71,1.0,1.39,3.61,4.48,-11.36,-10.34,-10.42,14.7,15.66,15.48,3.34,1.22,4.23,3.77,,,,
509,97047609,11/4/2025,6:18:46,,,-0.49,-0.38,-0.52,-1.92,4.31,3.61,4.42,4.57,0.04,0.26,0.38,-0.08,3.9,2.96,3.48,5.16, , , , , , , , ,-2.91,-1.77,1.05,3.31,1.24,1.69,0.42,4.73,6.93,5.17,1.54,-2.79, ,6.47, ,0.45,1.96, ,4.89,4.8, , , ,-3.16, , ,2.34, ,-0.34,3.37, ,0.01,-0.63,1.74,2.35,1.05,0.97,0.88,5.84,4.77,3.21,4.03,1.05, ,6.85, ,2.57,-1.67, ,5.28,3.49, , , ,-1.38, , ,1.12,1.17,1.05,3.58,4.58,-11.02,-10.35,-10.08,14.89,15.24,15.47,3.02,1.35,3.96,4.77,,,,
510,97055370,11/4/2025,6:19:35,,,-0.57,0.31,-0.45,-1.23,4.83,3.97,4.61,4.9,0.18,-0.52,0.33,-0.49,4.32,3.08,3.61,5.31, , , , , , , , ,-4.09,-2.38,2.21,3.42,0.69,1.31,-0.01,4.41,3.96,4.94,0.32,-2.74, ,5.14, ,0.49,2.55, ,4.39,5.93, , , ,-2.99, , ,1.26, ,-0.28,3.31, ,-0.77,-0.68,2.26,3.05,0.7,1.23,0.79,4.75,4.92,4.25,3.5,0.31, ,6.08, ,2.0,-2.07, ,4.74,3.48, , , ,-1.74, , ,1.59,0.8,0.83,3.63,4.3,-11.46,-10.61,-10.6,14.81,15.48,15.89,3.56,1.46,4.44,4.08,,,,
511,97055388,11/4/2025,6:20:20,,,-0.55,0.31,-0.38,-2.87,4.97,4.11,1.3,7.1,-1.35,-0.92,0.24,-1.33,4.16,4.2,3.11,7.4, , , , , , , , ,-1.59,-1.63,0.19,3.18,0.77,1.8,0.33,4.28,6.04,4.32,3.03,-0.63, ,5.13, ,1.05,0.66, ,4.63,4.47, , , ,-4.63, , ,1.17, ,-0.85,3.4, ,0.53,-0.55,1.44,2.82,0.49,1.55,0.69,5.05,4.44,3.34,4.33,0.27, ,6.95, ,2.36,-1.56, ,4.93,2.78, , , ,0.59, , ,1.62,1.0,1.62,3.97,4.7,-11.22,-10.89,-10.49,14.97,15.76,15.8,3.7,1.67,4.74,4.15,,,,
512,97047591,11/4/2025,6:21:30,,,0.11,0.05,-0.15,-1.93,4.66,3.81,4.63,4.6,-0.68,-0.75,0.12,-0.66,3.93,2.91,2.94,4.79, , , , , , , , ,-3.64,-1.32,0.97,3.19,1.21,0.63,0.68,4.53,2.61,4.43,1.44,-2.67, ,5.13, ,0.4,2.22, ,5.15,5.44, , , ,-4.41, , ,1.73, ,-0.21,3.17, ,-0.43,-0.54,2.06,3.17,1.0,1.47,0.8,4.99,4.47,4.08,3.94,1.14, ,7.18, ,2.5,-2.1, ,4.66,2.4, , , ,-2.61, , ,1.7,0.59,0.45,3.87,4.43,-11.12,-10.58,-10.36,14.79,15.0,15.43,3.67,1.54,4.15,4.56,,,,
513,97055362,11/4/2025,6:22:17,,,0.66,0.73,0.6,-3.17,5.3,4.83,4.16,7.78,-0.91,-1.22,-0.35,-1.67,4.23,3.89,3.3,7.28, , , , , , , , ,-0.41,-1.66,-0.08,3.42,0.13,1.44,0.52,4.8,6.04,4.73,3.46,-0.12, ,6.1, ,1.04,-0.58, ,4.86,3.68, , , ,-3.86, , ,1.63, ,-0.64,3.78, ,-2.37,-0.58,2.41,3.11,0.86,1.36,0.77,4.89,4.51,3.66,2.08,-2.24, ,4.49, ,1.53,-0.1, ,4.34,4.5, , , ,0.29, , ,0.94,1.25,1.68,3.61,5.06,-11.07,-11.2,-10.51,14.94,15.42,15.65,3.54,1.77,4.46,4.44,,,,
514,97055529,11/4/2025,6:23:13,,,-0.58,0.08,-0.14,-3.35,4.9,4.08,4.27,7.09,-0.94,-0.55,-0.29,-1.31,4.15,4.29,3.25,8.31, , , , , , , , ,-2.49,-1.25,0.41,3.67,0.3,1.1,1.1,5.04,6.74,5.36,2.51,-0.64, ,5.45, ,0.99,0.58, ,3.99,3.75, , , ,-3.95, , ,1.19, ,-0.8,3.33, ,-0.54,-0.39,2.0,2.37,0.69,1.38,1.12,5.03,4.22,2.55,3.58,-0.5, ,8.75, ,2.09,-0.62, ,5.39,2.29, , , ,-0.67, , ,2.87,0.67,1.13,4.05,4.28,-11.08,-10.69,-10.41,14.37,15.8,15.65,3.96,1.61,5.26,3.7,,,,
515,97047567,11/4/2025,6:32:50,,,-0.47,-0.03,-0.25,-2.59,5.01,4.23,4.99,4.95,0.56,0.04,-0.2,0.48,3.75,2.89,2.96,4.76, , , , , , , , ,-3.55,-1.45,1.57,3.68,0.4,0.99,1.03,4.26,6.84,5.15,1.21,-2.39, ,4.61, ,0.7,2.8, ,4.39,2.18, , , ,-2.6, , ,1.14, ,0.35,3.57, ,0.7,-0.36,1.33,2.29,0.21,1.72,0.44,4.84,4.07,3.33,3.79,0.44, ,7.25, ,2.25,-1.33, ,4.96,3.19, , , ,0.78, , ,0.85,1.2,1.82,3.6,4.82,-11.23,-11.21,-10.8,14.58,14.72,15.12,3.67,1.65,4.17,4.37,,,,
516,97055503,11/4/2025,6:33:31,,,-0.56,-0.92,-0.35,-2.96,4.63,4.52,4.93,5.39,0.52,-0.05,0.16,0.25,3.65,2.93,3.27,5.6, , , , , , , , ,-2.72,-1.93,1.06,3.26,0.43,1.07,0.6,4.23,3.73,4.3,1.52,-2.13, ,5.39, ,0.62,1.49, ,4.75,5.12, , , ,-3.78, , ,1.86, ,-0.66,3.59, ,-2.96,-0.74,4.66,3.95,0.66,1.54,0.48,4.52,4.55,4.27,0.69,-2.37, ,5.0, ,1.33,-0.35, ,4.45,4.76, , , ,-0.28, , ,1.65,0.98,1.35,3.66,4.43,-11.35,-10.82,-10.62,14.66,14.74,15.36,3.43,1.5,3.91,4.53,,,,
517,97055511,11/4/2025,6:37:01,,,-0.41,-0.09,-0.23,-3.31,4.77,3.7,1.54,6.82,-0.56,-1.17,0.12,-1.35,4.29,4.27,2.9,7.6, , , , , , , , ,-1.14,-1.88,-0.14,2.81,0.62,1.22,0.78,5.42,6.75,4.1,3.31,-0.46, ,5.2, ,1.17,0.4, ,4.95,4.2, , , ,-3.27, , ,1.05, ,-0.22,3.48, ,0.51,-0.03,2.54,2.88,0.41,1.22,0.85,4.67,4.31,3.34,3.16,0.45, ,6.56, ,2.02,-1.38, ,4.8,3.99, , , ,0.34, , ,1.55,1.21,1.8,3.81,4.77,-11.19,-11.12,-10.72,14.46,15.14,15.58,3.84,1.6,4.58,4.21,,,,
518,97055487,11/4/2025,7:11:18,,,-0.13,0.25,0.06,-2.13,4.71,4.08,4.56,5.25,0.67,-0.09,-0.03,0.35,4.06,2.93,3.5,5.34, , , , , , , , ,-3.69,-1.9,0.67,3.21,0.62,1.02,0.18,4.74,4.92,4.87,1.84,-2.85, ,6.58, ,0.42,2.33, ,5.16,4.66, , , ,-4.73, , ,2.37, ,-1.3,3.57, ,-2.15,-0.53,3.85,3.6,0.21,1.2,1.04,4.61,4.76,3.97,1.47,-1.17, ,5.46, ,1.57,-0.41, ,4.99,4.01, , , ,-0.9, , ,1.64,0.89,1.19,3.67,4.38,-11.15,-10.8,-10.48,14.24,15.34,15.19,3.76,0.92,4.89,3.75,,,,
519,97055495,11/4/2025,7:12:06,,,-1.12,-0.68,-0.66,-3.0,4.88,4.66,4.96,5.42,0.31,-0.07,-0.33,0.29,3.65,2.92,3.02,5.62, , , , , , , , ,-0.69,-1.34,-0.29,2.91,0.31,1.59,0.52,4.51,6.68,5.02,3.7,-0.23, ,5.72, ,1.29,0.83, ,5.35,3.81, , , ,-4.05, , ,1.73, ,-0.65,3.45, ,-2.96,-0.83,3.49,3.73,0.09,1.27,0.37,4.67,4.56,4.11,1.2,-2.57, ,5.22, ,1.32,0.25, ,4.42,4.06, , , ,0.51, , ,1.17,1.23,1.91,3.9,4.96,-11.25,-10.98,-10.61,14.46,15.5,15.55,3.54,1.48,4.47,3.76,,,,
520,97055479,11/4/2025,7:12:49,,,-0.9,0.24,-0.73,-3.01,4.91,3.99,4.57,6.76,-0.77,-1.76,-0.71,-2.9,4.32,4.9,4.0,9.08, , , , , , , , ,-0.7,-2.12,0.21,2.94,0.1,1.32,0.1,4.8,6.38,4.12,3.73,-0.32, ,4.79, ,1.0,0.23, ,4.85,3.67, , , ,-2.96, , ,1.71, ,0.11,4.09, ,0.36,-0.37,1.54,3.14,0.37,1.28,0.66,5.59,4.65,3.49,4.14,0.45, ,7.36, ,2.32,-1.39, ,5.34,2.57, , , ,-0.24, , ,2.03,1.0,1.58,3.74,4.52,-12.22,-10.32,-10.82,15.02,14.76,15.38,3.03,2.41,3.25,5.59,,,,
521,97055461,11/4/2025,7:13:53,,,-1.18,-0.29,-0.61,-1.8,5.06,4.19,4.99,4.64,-0.31,-0.25,-0.02,0.19,3.68,2.93,3.26,5.67, , , , , , , , ,-3.23,-2.66,0.8,2.99,0.85,1.71,0.02,4.3,6.08,3.97,1.91,-2.69, ,5.17, ,0.58,3.17, ,4.85,2.58, , , ,-1.91, , ,1.17, ,0.77,3.63, ,-1.05,-0.37,2.3,3.54,0.4,1.16,1.16,4.85,4.74,4.24,2.87,-1.29, ,6.4, ,1.8,-1.32, ,4.56,2.87, , , ,-0.01, , ,2.33,0.98,1.61,3.69,4.37,-11.72,-10.27,-10.48,14.71,15.08,15.59,3.62,1.86,3.79,4.37,,,,
522,97060453,11/4/2025,7:14:35,,,0,-0.48,-0.08,-2.92,5.3,4.6,5,5.23,0.36,-0.37,0.07,0.23,3.48,2.63,3.36,4.7, , , , , , , , ,-0.61,-1.66,0.18,3.5,0.14,1.22,0.3,4.73,6.92,4.61,2.74,0.11, ,4.65, ,0.99,-0.43, ,4.7,4.01, , , ,-3.69, , ,1.11, ,-0.61,3.29, ,-2.55,-0.66,2.73,3.42,0.3,1.45,0.48,4.62,4.99,4.59,2.18,-1.4, ,6.16, ,1.61,-1.2, ,4.4,3.49, , , ,-1.22, , ,1.36,1.12,1.2,3.55,4.43,-11.36,-10.78,-10.6,14.75,15.93,15.92,3.34,1.33,4.67,3.66,,,,
523,97055446,11/4/2025,7:15:17,,,-3.13,-1.17,-1.07,-4.96,3.95,4.48,4.26,7.22,0.34,-0.87,-0.38,-1.62,3.81,4.52,3.89,7.69, , , , , , , , ,-2.04,-1.66,0.27,2.91,0.67,1.39,1.1,4.68,6.03,3.81,3.12,-1.14, ,5.04, ,0.85,1.13, ,5.04,5.03, , , ,-2.79, , ,1.39, ,-0.01,3.6, ,1.43,-0.45,0.16,2.39,0.77,1.47,0.67,5.09,4.23,3.21,4.3,1.21, ,7.49, ,2.24,-2.15, ,5.17,2.47, , , ,-0.44, , ,1.85,1.13,1.36,3.58,4.74,-11.09,-10.73,-10.46,14.14,14.6,15.02,3.72,1.4,4.42,4.34,,,,
524,97060446,11/4/2025,7:16:00,,,0.02,0.13,-0.34,-1.88,5.07,4.3,4.67,5.34,0.37,-0.36,0.07,-0.1,3.75,3.24,3.24,5.5, , , , , , , , ,-1.36, ,0.48, ,0.32,1.54,0.7,4.87,6.41,4.16,2.9,-1.18, ,5.59, ,0.77,0.43, ,4.98,4.18, , , ,-3.33, , ,1.64, ,-0.29,3.81, ,0.66,-0.94,1.18,2.76,0.4,1.81,0.32,4.58,4.61,3.6,4.7,1.83, ,7.48, ,2.95,-2.13, ,4.85,1.75, , , ,-1.33, , ,1.9,1.07,1.47,3.97,4.89,-11.31,-10.63,-10.49,14.74,15.0,15.65,3.51,1.42,3.79,4.36,,,,
525,97059810,11/4/2025,7:17:24,,,-0.05,0.37,0.18,-3.53,4.41,4.42,4.98,6.87,-0.65,-1.71,-0.33,-2.62,3.84,4.88,3.87,8.97, , , , , , , , ,-3, ,1.47, ,0.48,1.38,0.85,4.39,6.82,4.78,1.21,-1.81, ,4.28, ,0.73,1.56, ,3.98,4.76, , , ,-2.91, , ,1.56, ,0.13,3.89, ,-0.85,-0.58,2.15,2.86,0.82,1.62,0.77,5.06,4.4,3.5,2.74,-1.35, ,4.5, ,1.74,-0.58, ,4.01,4.03, , , ,0.01, , ,1.29,1.33,1.88,3.79,5.08,-11.58,-10.55,-10.62,14.9,15.01,15.31,3.3,1.21,3.98,4.66,,,,
526,97060420,11/4/2025,7:18:48,,,-0.06,-0.79,-0.21,-2.85,5.37,4.27,4.86,5.27,0.25,-0.31,0.03,-0.12,3.59,3.1,3.32,5.2, , , , , , , , ,-0.6, ,0.05, ,0.31,1.46,0.53,4.34,6.23,4.73,3.55,-0.15, ,5.38, ,1.07,0.89, ,4.84,3.65, , , ,-3.14, , ,1.8, ,-0.44,3.72, ,-0.66,-0.32,2.15,3.27,0.79,1.37,1.11,4.79,5.02,3.91,3.79,1.04, ,7.33, ,2.31,-2.17, ,4.84,2.27, , , ,-2.26, , ,2.27,0.67,0.6,3.72,4.11,-11.41,-10.77,-10.36,14.59,15.42,15.65,3.33,1.18,4.6,3.88,,,,
527,97060438,11/4/2025,7:21:37,,,-1.12,-0.13,-0.82,-4.43,4.91,4.26,4.85,6.99,-0.26,-0.88,-0.59,-1.46,4.09,4.28,4.0,8.54, , , , , , , , ,-2.54, ,0.88, ,0.56,1.04,0.47,4.69,4.78,4.52,2.09,-1.74, ,4.31, ,0.75,2.06, ,4.55,4.83, , , ,-3.19, , ,1.37, ,-0.13,3.77, ,-0.83,-0.29,3.52,3.25,0.65,1.61,0.79,4.79,4.34,3.74,1,-0.6, ,5.11, ,1.58,-0.98, ,4.84,4.85, , , ,-0.29, , ,2.25,0.96,1.32,3.54,4.24,-11.35,-10.92,-10.63,14.3,15.74,15.66,3.07,1.11,4.87,3.41,,,,
528,97060404,11/4/2025,7:22:19,,,0.04,0.24,0.18,-3.21,4.78,3.98,2.54,7.03,-0.74,-1.53,-0.23,-2.16,4.38,4.55,3.42,8.03, , , , , , , , ,-3.17, ,1.98, ,0.64,1.31,0.72,4.26,6.23,5.24,1.26,-1.67, ,5.5, ,0.69,1.85, ,4.23,4.97, , , ,-3.69, , ,1.98, ,-0.37,3.77, ,-1.38,-0.9,1.12,3.25,0.64,1.45,0.48,5.04,4.58,3.84,1.83,-0.96, ,5.22, ,1.63,-0.41, ,4.8,4.3, , , ,-0.1, , ,1.24,1.23,1.65,3.32,4.7,-11.51,-11.09,-10.71,14.29,15.31,15.52,3.61,1.8,5.01,3.87,,,,
529,97060412,11/4/2025,7:23:20,,,0.05,1.07,0.09,-0.88,5.23,4.64,5.43,5.2,-0.39,-0.39,0.47,-0.49,3.42,2.8,3.06,5.95, , , , , , , , ,-1.5, ,1.5, ,0.26,1.5,0.92,4.25,6.74,5.22,1.65,-0.63, ,6.07, ,0.91,1.97, ,4.56,4.07, , , ,-4.69, , ,2.83, ,-0.92,3.82, ,-0.37,-0.72,2.12,3.51,0.37,0.88,0.98,5.08,4.58,3.74,3.13,-0.84, ,6.25, ,1.8,-0.76, ,4.54,2.5, , , ,-0.18, , ,2.55,0.85,1.42,4.25,4.79,-11.43,-11.03,-10.75,14.41,14.68,15.33,4.14,1.74,4.0,4.13,,,,
530,97060388,11/4/2025,7:24:03,,,-0.71,-0.3,-0.61,-4.35,4.33,4.0,4.62,6.86,-1.14,-1.35,-0.44,-1.89,4.42,4.95,4.1,8.94, , , , , , , , ,-2.32, ,1.31, ,0.31,1.12,0.75,4.52,6.34,5.01,1.73,-1.54, ,5.27, ,0.91,1.99, ,4.23,4.98, , , ,-2.79, , ,1.45, ,-0.05,3.74, ,-1.27,-0.68,2.44,3.1,0.82,1.38,0.62,4.93,4.13,3.53,2.8,-0.37, ,6.5, ,1.71,-1.47, ,4.89,3.43, , , ,-1.81, , ,2.28,0.99,0.88,3.58,4.18,-11.51,-10.52,-10.65,14.38,15.39,15.62,2.97,1.47,4.82,3.76,,,,
531,97060370,11/4/2025,7:25:27,,,-0.23,1.97,0.11,0.43,5.11,4.02,5.28,4.59,-1.47, ,-1.06,-2.93,3.66, ,3.67,5.84, , , , , , , , ,-2.01, ,0.82, ,0.06,1.4,0.51,4.39,6.27,4.58,2.06,-1.04, ,4.69, ,0.93,1.64, ,3.94,4.61, , , ,-3.84, , ,1.07, ,-0.45,3.84, ,0.52,-0.69,1.67,2.74,0.95,1.33,0.9,5.72,5.22,3.44,4.19,0.32, ,7.82, ,2.24,-1.2, ,4.99,1.87, , , ,-0.72, , ,2.85,0.79,1.26,3.98,4.36,-11.25,-11.17,-10.55,14.62,15.37,15.52,3.75,1.7,4.89,3.86,,,,
532,97060362,11/4/2025,7:26:11,,,0,0.76,-0.21,-1.46,4.74,4.02,4.92,4.69,-0.5,-0.99,-0.34,-1.12,3.68,2.75,3.33,5.16, , , , , , , , ,-2.54, ,0.33, ,0.13,1.32,0.13,4.21,6.87,5.05,2.13,-2.13, ,4.7, ,0.85,1.97, ,4.3,4.74, , , ,-3.01, , ,1.37, ,-0.34,3.48, ,-1.06,-0.83,3.4,3.5,1.0,1.26,0.9,4.69,4.75,3.95,2.73,0.12, ,8.91, ,1.82,-1.0, ,5.99,3.51, , , ,-3.07, , ,4.1,0.01,-0.26,3.29,2.62,-11.46,-10.62,-10.32,14.66,15.65,15.61,3.57,1.36,4.55,3.92,,,,
533,97060354,11/4/2025,7:28:41,,,-0.61,0.95,-0.37,-0.98,5.19,4.39,5.34,5.3,-1.13,-0.4,0.43,-0.32,3.81,2.64,3.34,5.1, , , , , , , , ,-1.77, ,1.15, ,0.12,1.23,0.21,5.0,7.14,5.55,1.74,-1.13, ,5.81, ,0.8,1.59, ,4.45,4.01, , , ,-4.12, , ,2.51, ,-0.68,3.85, ,-0.93,-1.03,2.41,2.94,1.05,0.68,0.95,4.69,4.76,3.65,2.93,-1.62, ,5.62, ,1.68,-0.46, ,4.5,3.31, , , ,0.36, , ,2.27,0.98,1.72,4.14,4.68,-11.35,-10.66,-10.57,14.18,15.0,15.17,3.1,1.46,4.51,3.93,,,,
534,97060321,11/4/2025,7:30:47,,,-0.28,0.42,-0.14,-1.41,4.68,4.36,4.9,5.21,-1.16,-0.97,-0.25,-0.8,3.64,3.33,3.26,5.62, , , , , , , , ,-3.44,-2.06,0.54,3.29,0.7,1.54,0.38,4.44,6.82,4.68,2.17,-3.13, ,6.58, ,0.52,1.73, ,5.09,4.49, , , ,-3.2, , ,2.45, ,-0.61,3.62, ,-0.97,-0.6,2.91,3.35,0.85,1.06,1.08,4.83,4.66,4.22,2.72,-0.21, ,5.69, ,1.89,-0.96, ,4.26,3.02, , , ,-0.82, , ,2.05,0.96,1.16,3.88,4.53,-11.18,-10.41,-10.13,13.96,15.35,15.43,3.36,1.5,4.79,3.79,,,,
535,97060339,11/4/2025,7:46:17,,,-0.72,-0.33,-0.74,-3.94,4.44,3.91,4.27,7.1,-1.58,-1.15,-1.26,-1.96,4.58,4.61,4.18,7.66, , , , , , , , ,-1.23, ,0.4, ,0.46,1.96,0.5,4.48,6.29,4.22,2.33,0.28, ,5.13, ,1.05,0.99, ,4.49,4.38, , , ,-4.93, , ,1.1, ,-0.98,3.79, ,-0.22,-0.88,1.84,3.04,0.73,1.82,0.67,5.18,4.58,3.33,4.63,0.81, ,6.97, ,2.51,-1.81, ,5.13,3.11, , , ,-1.15, , ,2.58,0.72,0.99,3.72,4.08,-11.43,-10.84,-10.56,13.89,15.88,15.4,3.83,1.71,4.83,3.63,,,,
536,97060305,11/4/2025,7:46:59,,,-0.87,0.15,-0.08,-3.24,4.3,4.03,3.91,7.09,-1.04,-1.16,0.17,-1.26,4.42,4.28,3.21,7.31, , , , , , , , ,-2.61,-2.09,0.82,3.87,1.34,1.8,0.59,4.79,6.68,4.99,1.91,-2.02, ,6.55, ,0.7,1.03, ,5.01,4.71, , , ,-3.24, , ,2.07, ,-0.23,2.99, ,-2.06,-0.78,3.84,3.81,0.85,1.28,0.64,5.05,4.88,4.59,2,-0.89, ,5.83, ,1.74,-0.68, ,4.8,3.84, , , ,-1.0, , ,2.15,0.81,1.13,3.44,3.91,-11.65,-10.73,-10.63,14.5,15.16,15.62,3.24,1.7,4.64,4.43,,,,
537,97060313,11/4/2025,7:47:41,,,-0.95,1.07,-0.23,-0.74,4.96,4.72,5.12,5.47,-0.46,-1.61,-0.42,-1.97,3.3,2.68,3.0,5.5, , , , , , , , ,-0.15,-1.73,-0.27,3.26,0.28,1.47,0.46,5.17,6.33,4.18,3.26,0.38, ,5.68, ,1.1,0.83, ,4.81,4.08, , , ,-3.87, , ,1.58, ,-0.13,3.81, ,-1.51,-0.54,2.5,3.61,0.74,1.19,1.01,4.64,4.83,4.54,2.44,-2.43, ,4.58, ,1.61,-0.11, ,4.31,3.62, , , ,1.06, , ,1.3,1.52,2.63,3.71,4.82,-11.75,-10.6,-10.58,13.99,14.59,14.96,3.7,2.02,4.06,4.41,,,,
538,97060297,11/4/2025,7:48:24,,,-0.5,0.52,-0.23,-2.79,4.89,4.64,4.35,7.54,-0.82,-1.11,0.3,-2.04,3.93,4.46,3.38,8.1, , , , , , , , ,-3.09, ,1.79, ,0.63,1.45,0.4,3.95,6.07,5.08,1.36,-2.14, ,6.71, ,0.61,2.65, ,4.94,5.12, , , ,-4.2, , ,2.77, ,-0.57,3.44, ,-1.49,-0.51,2.49,3.39,0.59,1.36,0.63,4.88,4.75,4.4,2.34,-1.87, ,3.92, ,1.67,-0.23, ,3.68,3.87, , , ,0.89, , ,0.86,1.59,2.54,3.79,5.17,-11.62,-10.52,-10.48,13.94,14.98,15.15,3.86,2.12,4.51,4.3,,,,
539,97059000,11/4/2025,7:49:06,,,-0.23,0.39,-0.23,-3.35,4.95,4.26,3.44,7.61,-0.79,-1.31,0.02,-2.54,4.13,3.97,3.09,8.17, , , , , , , , ,-1.89,-1.77,0.39,3.34,0.7,1.27,0.59,5.05,6.43,4.63,2.68,-0.55, ,5.25, ,1.01,0.11, ,4.36,4.23, , , ,-4.51, , ,1.35, ,-0.54,3.59, ,-3.53,-0.73,5.24,3.52,1.12,1.4,0.96,4.64,4.34,3.74,-0.11,-1.78, ,4.42, ,1.35,0.3, ,4.09,5.44, , , ,-1.9, , ,1.69,0.94,1.04,3.87,4.51,-11.2,-10.64,-10.24,14.59,15.2,15.46,3.81,2.13,4.31,4.54,,,,
540,97059018,11/4/2025,7:49:48,,,-0.3,0.2,-0.46,-2.9,4.71,4.2,1.68,7.61,-0.28,-1.03,0.12,-1.65,3.8,3.72,3.43,8.07, , , , , , , , ,-3.08, ,2.18, ,1.09,1.32,0.27,4.35,6.36,4.83,0.89,-2.08, ,5.69, ,0.63,2.69, ,4.52,5.42, , , ,-4.1, , ,1.78, ,-0.27,3.56, ,-0.64,-0.53,2.1,2.82,0.09,1.37,0.32,5.47,4.76,3.8,3.11,-0.66, ,5.06, ,1.94,-1.34, ,3.92,3.63, , , ,0.51, , ,0.95,1.53,2.14,4.1,5.33,-11.4,-10.77,-10.57,14.14,15.58,15.7,4.09,2.04,4.99,3.63,,,,
541,97058986,11/4/2025,7:50:30,,,-0.17,-0.01,-0.4,-3.15,5.43,3.91,3.08,6.92,-0.44,-1.11,0.65,-1.73,4.01,4.63,3.58,8.32, , , , , , , , ,-1.54,-1.75,0.25,3.03,0.98,1.55,0.07,5.28,6.95,4.21,3.25,-1.4, ,5.37, ,0.89,0.28, ,5.22,4.37, , , ,-2.34, , ,1.96, ,0.18,3.28, ,-2.05,-0.55,2.6,3.59,0.51,1.57,0.8,5.35,4.91,4.06,3.15,-0.49, ,6.07, ,1.78,-1.58, ,4.22,2.51, , , ,-2.25, , ,2.5,1.12,0.92,3.99,4.36,-11.23,-10.89,-10.53,13.46,15.33,15.19,3.69,1.65,5.0,3.35,,,,
542,97058994,11/4/2025,7:51:12,,,0.59,1.43,0.98,-2.24,4.67,4.06,3.26,7.24,-0.67,-0.57,-0.03,-1.11,4.37,4.36,3.43,7.43, , , , , , , , ,-2.82,-1.44,1.88,3.97,0.98,1.31,0.59,4.36,6.09,4.89,1.14,-2.22, ,5.12, ,0.59,2.58, ,4.25,5.41, , , ,-3.44, , ,1.84, ,0.41,3.68, ,1.83,-0.25,0.34,2.71,0.31,1.52,0.8,5.16,4.17,2.89, ,1.4, ,7.71, ,2.72,-2.06, ,5.11,2.22, , , ,0.17, , ,1.42,1.38,1.75,3.87,4.86,-11.1,-11.4,-10.65,14.22,15.12,15.45,4.21,1.86,4.53,3.42,,,,
543,97058960,11/4/2025,7:51:54,,,-0.67,1.07,-0.37,-1.76,5.4,4.78,5.24,5.66,-0.32,-1.32,-0.07,-1.49,3.24,2.44,2.78,5.52, , , , , , , , ,-3.37,-1.57,1.8,3.86,0.38,1.33,0.79,4.69,7.31,5.55,0.9,-2.99, ,5.29, ,0.45,2.61, ,4.48,5.14, , , ,-3.34, , ,2.61, ,-0.14,3.48, ,-0.49,-0.49,2.47,3.14,0.73,1.14,0.94,4.98,4.81,3.89,3.23,0.44, ,7.44, ,2.12,-1.78, ,6.08,3.26, , , ,-1.6, , ,2.67,1.04,1.12,3.53,3.82,-11.32,-10.57,-10.29,14.46,14.82,15.42,3.16,2.02,4.05,4.41,,,,
544,97058978,11/4/2025,7:52:36,,,-0.44,0.29,-0.05,-3.55,4.63,4.0,4.26,7.23,-0.39,-0.63,0.04,-1.25,3.98,4.15,3.25,7.54, , , , , , , , ,-3.44,-1.74,3.01,4.38,0.92,1.27,0.85,4.07,6.16,4.64,0.25,-2.28, ,5.88, ,0.71,3.01, ,4.25,5.36, , , ,-3.3, , ,2.51, ,-0.31,3.52, ,-0.33,-0.58,2.08,2.94,-0.08,1.53,-0.04,4.83,4.43,3.61,3.51,-0.71, ,6.09, ,2.15,-0.92, ,4.79,3.21, , , ,0.55, , ,1.94,1.45,2.06,3.85,4.8,-11.34,-11.19,-10.59,14.3,14.9,15.36,3.88,1.47,4.58,3.99,,,,
545,97058945,11/4/2025,7:53:18,,,-0.55,1.28,0.17,-0.83,5.65,4.9,5.41,5.49,-0.61,-1.25,-0.46,-1.62,2.88,2.4,2.95,5.63, , , , , , , , ,-2.82,-2,0.19,3.42,0.38,0.72,0.34,5.14,4.24,4.89,3.19,-2.09, ,5.16, ,0.78,1.92, ,5.29,4.37, , , ,-3.49, , ,1.74, ,-0.22,3.54, ,1.31,-0.42,-0.06,2.56,0.24,1.48,0.79,4.94,4.58,3.82, ,1.11, ,8.02, ,2.77,-2.15, ,5.16,2.19, , , ,-0.01, , ,1.82,1.35,1.68,3.77,4.41,-10.98,-11.02,-10.39,14.36,15.25,15.32,3.98,1.42,4.82,3.57,,,,
546,97058952,11/4/2025,7:55:12,,,-0.26,0.66,-0.04,-2.31,5.04,4.79,3.56,7.87,-0.66,-1.31,-0.63,-1.75,3.7,4.42,3.29,8.1, , , , , , , , ,-2.9,-1.9,1.68,3.59,-0.73,0.79,0.59,4.35,6.43,4.42,1.13,-2.16, ,5.92, ,0.68,2.1, ,4.66,4.84, , , ,-3.45, , ,2.58, ,-0.04,4.0, ,-0.57,-0.07,2.26,3.26,0.15,1.47,0.51,5.02,4.83,4.41,3.57,-0.28, ,7.1, ,2.07,-1.62, ,4.56,2.51, , , ,-0.71, , ,2.37,1.15,1.35,3.78,4.34,-11.85,-10.93,-10.67,14.71,14.76,15.49,3.86,2.07,4.14,4.46,,,,
547,97059109,11/4/2025,8:02:21,,, ,0.59,-0.29,-3.5, ,4.01,4.37,7.23,-1.11,-0.44,0.15,-1.43,4.31,4.34,3.49,7.76, , , , , , , , ,-2.48,-1.52,1.77,3.85,0.7,1.16,0.29,4.68,5.34,4.87,1.24,-2.47, ,4.86, ,0.64,2.75, ,4.42,4.99, , , ,-2.26, , ,2.5, ,0.4,3.81, ,0.6,-0.86,1.35,2.75,0.38,1.73,0.07,4.92,4.39,3.07,4.45,1.26, ,8.86, ,2.94,-2.05, ,5.64,1.93, , , ,-0.47, , ,2.21,0.98,0.84,3.47,4.16,-11.91,-10.31,-10.53,13.96,15.34,15.38,2.94,1.7,4.19,4.24,,,,
548,97059174,11/4/2025,8:05:10,,,-0.86,0.32,-0.19,-2.94,4.47,4.33,3.54,7.05,-0.73,-0.87,-0.09,-1.45,4.22,4.12,3.28,7.61, , , , , , , , ,-2.55,-1.69,0.94,3.24,0.91,1.43,0.73,4.4,6.17,4.49,1.79,-1.77, ,5.02, ,0.8,1.45, ,4.49,5.2, , , ,-2.78, , ,1.2, ,0.12,3.35, ,-0.35,-0.35,1.96,3.09,0.53,1.25,0.7,5.11,4.55,3.83,3.54,-0.37, ,7.44, ,2.29,-1.35, ,4.81,2.81, , , ,-0.24, , ,2.87,1.18,1.56,3.77,4.29,-11.45,-10.54,-10.45,14.38,14.88,15.13,3.81,2.39,4.5,4.47,,,,
549,97059091,11/4/2025,8:05:52,,,-0.84,-0.04,-0.4,-3.03,4.18,3.82,2.6,6.56,-0.27,-0.51,0.46,-1.0,4.0,4.11,3.04,7.44, , , , , , , , ,-3.12,-2.21,1.09,3.29,0.18,1.27,0.51,4.6,6.23,4.8,1.23,-2.53, ,5.09, ,0.59,1.93, ,4.07,5.15, , , ,-2.6, , ,1.39, ,0.29,3.65, ,-3.11,-0.52,3.71,4.19,0.1,1.5,0.5,4.68,4.9,4.42,1,-2.36, ,5.71, ,1.47,-0.17, ,4.21,3.92, , , ,-0.25, , ,2.03,1.11,1.31,3.45,4.28,-11.39,-10.75,-10.55,13.89,14.89,15.16,3.14,1.66,4.79,3.59,,,,
550,97059083,11/4/2025,8:20:09,,,-0.52,1.74,-0.14,0.14,5.1,4.83,5.18,5.58,-0.53,-1.31,-0.26,-1.48,3.41,2.35,3.1,5.26, , , , , , , , ,-1.28,-1.76,0.05,3.18,0.23,1.48,0.31,4.56,6.23,4.46,3.31,-0.58, ,5.5, ,0.89,0.3, ,4.99,4.51, , , ,-1.8, , ,1.87, ,0.35,3.51, ,-0.79,-0.59,2.03,3.4,0.93,1.45,0.71,5.04,4.68,3.85,3.72,-0.46, ,6.98, ,2.09,-1.14, ,5.52,3.26, , , ,-0.89, , ,2.21,1.13,1.21,3.54,4.22,-11.12,-10.99,-10.53,13.48,15.48,15.28,4.37,1.16,5.56,4.57,,,,
551,97059067,11/4/2025,8:21:13,,,-0.65,1.11,-0.37,-1.98,5.46,5.38,5.63,5.99,-0.73,-1.44,-0.27,-1.66,3.22,2.76,2.84,4.77, , , , , , , , ,-1.87,-1.65,1.37,3.77,0.57,1.55,0.63,4.6,7.25,5.32,1.65,-1.18, ,5.94, ,0.78,0.61, ,4.62,4.36, , , ,-3.27, , ,2.11, ,-0.26,3.28, ,-1.31,-0.48,2.53,3.53,0.76,1.33,1.02,5.09,5.23,4.54,3.07,-1.77, ,7.14, ,1.9,-0.6, ,4.52,2.62, , , ,0.45, , ,2.12,1.33,2.17,3.64,4.15,-11.6,-10.68,-10.56,14.22,15.25,15.64,3.32,1.83,4.7,4.14,,,,
552,97059075,11/4/2025,8:21:55,,,-0.87,1.54,-0.44,-0.96,4.86,4.12,4.94,4.64,-0.2,-1.6,-0.4,-1.7,3.45,2.62,2.7,4.72, , , , , , , , ,-3,-1.54,0.86,3.54,0.57,1.42,0.56,4.71,6.65,4.62,2.2,-1.56, ,5.06, ,0.72,1.56, ,4.41,4.31, , , ,-4.3, , ,2.08, ,-0.48,3.81, ,-1.0,-0.63,2.35,3.64,0.43,1.4,0.69,4.93,5.07,4.01,3.04,-0.9, ,7.46, ,1.96,-0.63, ,4.8,2.55, , , ,-0.56, , ,2.37,1.21,1.39,3.89,4.48,-11.45,-10.91,-10.78,14.0,14.94,15.09,2.96,1.2,4.27,4.22,,,,
553,97059042,11/4/2025,8:22:37,,,-1.02,0.37,-0.52,-2.5,4.63,4.12,3.81,6.89,-0.7,-1.27,-0.04,-2.09,4.03,4.23,2.89,7.5, , , , , , , , ,-2.2,-1.72,0.1,3.1,0.48,1.37,0.76,5.12,6.44,4.4,3.24,-2.49, ,4.6, ,0.88,1.97, ,4.53,4.37, , , ,-2.31, , ,1.96, ,0.54,3.87, ,-1.12,-0.39,3.2,3.88,0.09,1.46,0.27,4.87,4.83,4.29,2.85,-0.28, ,7.05, ,2.01,-1.01, ,4.67,2.18, , , ,-1.41, , ,2.66,1.0,0.98,4.11,4.2,-11.87,-10.35,-10.47,14.59,15.43,15.77,3.1,2.23,4.06,4.35,,,,
554,97059059,11/4/2025,8:24:44,,,-0.13,1.62,0.16,-0.11,4.88,4.11,4.79,4.72,-0.21,-0.72,-0.15,-1.14,3.16,2.44,2.74,5.03, , , , , , , , ,-3.96,-2.01,1.36,3.65,1.0,1.96,0.2,4.47,7.02,5.09,1.41,-3.12, ,5.78, ,0.43,2.6, ,4.63,4.86, , , ,-3.67, , ,2.53, ,-0.25,3.72, ,-2.68,-0.59,3.04,3.94,0.43,1.15,0.81,4.99,5.14,4.66,1.9,-2.59, ,5.82, ,1.56,-0.01, ,4.1,2.97, , , ,-0.3, , ,2.14,1.36,2.04,4.05,4.51,-11.5,-10.69,-10.47,14.32,15.35,15.52,3.2,1.51,4.11,3.94,,,,
555,97059034,11/4/2025,8:27:46,,,-0.83,0.76,-0.19,-2.99,4.87,3.82,4.18,6.79,-1.1,-0.84,0.38,-1.42,4.4,4.94,4.21,8.54, , , , , , , , ,-4.4, ,1.08, ,0.53,1.17,0.84,4.7,6.63,4.33,1.28,-3.74, ,4.1, ,0.46,3.03, ,4.16,5.33, , , ,-2.52, , ,0.98, ,0.35,3.71, ,-0.59,-0.8,1.85,3.17,0.74,1.62,0.41,5.28,4.73,4.44,3.62,-0.68, ,6.79, ,2.55,-0.04, ,4.51,2.5, , , ,-0.75, , ,2.51,1.01,1.06,3.69,4.2,-11.3,-11.05,-10.76,14.07,15.25,15.2,3.32,1.27,4.57,3.68,,,,
556,97058754,11/4/2025,8:29:10,,,-0.06,0.57,-0.26,-1.25,5.26,4.45,5.06,4.89,-0.28,-1.04,-0.01,-0.82,3.98,3.04,3.1,5.05, , , , , , , , ,-2.42,-1.4,0.18,3.71,0.57,2.31,0.43,4.78,6.19,4.46,2.6,-1.71, ,6.35, ,0.67,1.18, ,4.84,4.4, , , ,-3.11, , ,1.83, ,-0.28,3.58, ,-0.66,-0.37,2.02,3.5,0.88,1.41,1.05,4.91,4.77,4.22,3.31,-1.25, ,5.96, ,2.09,-0.37, ,4.19,2.59, , , ,0.19, , ,1.77,1.27,1.73,3.84,4.57,-11.58,-10.58,-10.46,14.57,15.2,15.56,3.21,1.62,4.27,3.72,,,,
557,97058747,11/4/2025,8:29:52,,,-0.28,0.34,-0.37,-1.78,4.8,4.04,4.92,4.64,-0.86,-1.3,-0.44,-1.21,4.14,3.1,3.42,5.05, , , , , , , , ,-2.55,-1.3,0.36,3.68,0.29,1.26,0.83,4.54,6.9,5.37,2.69,-0.27, ,5.0, ,1.15,1.06, ,4.22,4.44, , , ,-4.26, , ,1.36, ,-0.67,3.55, ,0.41,-0.63,1.52,2.99,0.67,0.81,1.25,4.64,4.56,3.5,4.37,1.46, ,8.26, ,2.79,-1.66, ,5.12,2.33, , , ,-2.25, , ,2.06,0.89,0.61,3.63,4.12,-11.77,-10.42,-10.46,14.09,14.92,15.26,2.88,1.78,4.46,3.86,,,,
558,97058739,11/4/2025,8:30:34,,,-0.37,0.2,-0.42,-2.79,5.1,4.38,3.81,7.34,-1.15,-0.83,0.6,-1.85,4.01,4.51,3.87,8.89, , , , , , , , ,-3.56,-2,1.91,3.91,0.58,1.72,0.49,4.27,6.52,4.87,1.16,-1.96, ,5.22, ,0.76,2.24, ,4.55,6.14, , , ,-3.67, , ,1.35, ,-0.26,2.96, ,-1.47,-0.67,2.28,3.01,0.54,1.03,0.88,5.17,4.18,3.43,2.54,-1.02, ,6.97, ,1.83,-0.71, ,5.32,3.88, , , ,-0.55, , ,1.74,1.3,1.72,3.62,4.37,-11.17,-10.69,-10.36,13.99,15.0,14.96,3.14,1.63,4.23,4.32,,,,
559,97058721,11/4/2025,8:31:16,,,-0.07,0.64,-0.12,-1.12,4.88,4.47,4.75,5.2,-0.4,-1.02,-0.71,-0.39,3.96,2.77,3.4,4.24, , , , , , , , ,-4.23,-1.96,0.8,3.3,0.81,1.63,0.31,4.71,7.06,5.35,1.89,-2.76, ,5.12, ,0.59,1.79, ,4.34,4.71, , , ,-3.88, , ,1.98, ,-0.35,3.66, ,-2.42,-0.42,2.66,3.31,0.65,1.05,1.06,4.67,4.61,4.06,2.48,-1.96, ,6.56, ,1.62,-1.02, ,4.17,3.36, , , ,-0.92, , ,1.48,1.26,1.65,3.9,4.57,-11.52,-10.42,-10.46,14.83,14.6,15.15,3.39,1.93,4.26,4.72,,,,
560,97058705,11/4/2025,8:31:59,,,-0.94,-0.45,-0.83,-3.79,4.91,4.14,4.21,6.92,-2.04,-0.51,0.53,-1.23,3.88,4.28,3.02,7.52, , , , , , , , ,-3.57,-2.31,0.93,3.47,0.76,1.48,0.39,5.24,6.85,5.01,1.88,-2.87, ,4.72, ,0.61,2, ,4.31,5.14, , , ,-2.37, , ,1.62, ,0.15,3.23, ,-2.67,-0.43,4.68,4.13,0.88,1.23,1.13,4.79,4.87,4.7,0.49,-2.58, ,5.17, ,1.35,-0.21, ,4.07,4.0, , , ,-0.94, , ,2.18,1.25,1.2,3.84,4.27,-11.45,-10.76,-10.46,14.15,15.23,15.24,3.27,1.57,4.45,3.92,,,,
561,97058689,11/4/2025,8:32:41,,,-0.86,-0.08,-0.58,-3.6,4.78,4.5,3.53,7.41,-1.42,-0.22,0.26,-0.86,4.63,4.3,3.82,8.16, , , , , , , , ,-3.37,-1.96,2.23,4.1,0.56,1.49,0.6,4.23,6.24,4.88,0.89,-2.99, ,4.34, ,0.55,2.7, ,4.46,3.67, , , ,-1.53, , ,0.78, ,1.02,3.37, ,-2.45,-0.39,3.5,3.46,1.15,1.17,1.68,4.77,4.53,4.01,1.1,-1.98, ,4.97, ,1.48,-0.05, ,4.7,4.52, , , ,-0.49, , ,2.12,1.06,1.53,3.78,4.43,-11.33,-10.84,-10.58,14.21,14.92,15.22,3.67,2.02,4.1,4.3,,,,
562,96379854,11/4/2025,8:33:23,,,-0.46,-0.11,-0.47,-3.23,4.74,4.28,4.48,6.4,-1.21,-1.04,1.52,-2.52,4.03,3.98,-0.47,8.8, , , , , , , , ,-2.74, ,1.52, ,0.39,1.87,0.77,4.51,6.14,4.82,1.54,-1.68, ,5.55, ,0.72,1.42, ,4.51,5.3, , , ,-2.62, , ,1.6, ,0.35,3.57, ,-2.81,-0.91,4.21,3.69,0.68,1.3,0.87,4.66,4.34,3.84,0.61,-2.61, ,4.52, ,1.55,0.3, ,4.27,5.12, , , ,-0.68, , ,2.02,1.85,1.93,3.87,4.65,-11.21,-10.54,-10.42,13.32,15.63,14.97,3.4,1.56,4.64,3.71,,,,
563,96379839,11/4/2025,8:34:05,,,-1.01,0.68,-0.87,-0.68,4.86,4.03,5.25,4.68,-0.32,-1.55,-0.95,-1.19,3.63,2.84,3.2,5.41, , , , , , , , ,-2.68,-2.22,1.07,3.88,0.03,2.67,0.26,4.41,6.43,4.69,2.11,-1.96, ,5.64, ,0.89,2.32, ,4.42,4.64, , , ,-3.51, , ,2.29, ,-0.08,3.73, ,-2.66,-0.71,3.59,3.55,0.79,1.48,0.79,5.38,4.95,4.31,1.89,-1.34, ,6.05, ,1.72,-0.5, ,4.87,4.58, , , ,-1.02, , ,1.96,1.01,1.12,3.43,3.98,-11.23,-10.78,-10.49,13.0,15.36,14.77,3.31,1.78,4.87,3.83,,,,
564,97058697,11/4/2025,8:34:47,,,0.27,1.32,0.76,-2.08,4.96,4.15,4.13,7.05,-1.06,-1.33,0.05,-2.51,4.1,4.1,3.15,7.47, , , , , , , , ,-2.89,-2.21,0.63,3.25,0.52,2.05,0.42,4.68,6.34,3.96,2.64,-2.36, ,9.44, ,0.79,1.59, ,6.52,4.08, , , ,-4.69, , ,4.32, ,-0.98,3.26, ,-1.04,-0.29,2.32,3.44,0.77,1.41,0.82,4.55,4.66,3.97,2.89,-0.31, ,6.58, ,1.84,-1.73, ,4.41,2.42, , , ,-1.02, , ,1.85,1.09,1.28,3.82,4.78,-11.21,-11.15,-10.56,14.47,14.72,15.39,4.14,1.38,4.33,4.25,,,,
565,97060347,11/4/2025,8:35:29,,,-0.13,0.88,0.07,-0.86,4.99,4.24,5.37,4.59,-0.79,-1.3,-0.52,-1.64,3.89,2.61,3.2,5.46, , , , , , , , ,-3.44,-2.46,0.47,3.32,0.28,1.61,0.09,4.71,6.64,4.59,2.49,-2.49, ,5.32, ,0.85,2.3, ,4.26,4.38, , , ,-3.28, , ,1.85, ,-0.4,3.84, ,-2.04,-0.34,4.43,3.36,1.04,1.15,1.09,4.82,4.61,3.78,0.84,-1.3, ,5.8, ,1.33,-0.77, ,4.56,4.52, , , ,-1.52, , ,2.07,1.05,1.14,3.92,4.45,-11.18,-10.76,-10.45,14.74,15.09,15.69,3.29,1.18,4.5,3.81,,,,
566,97058671,11/4/2025,8:36:11,,,-0.74,1.11,0.33,-0.6,5.34,4.44,5.05,5.15,-1.88,-2.2,-0.45,-2.04,3.37,3.92,3.12,5.59, , , , , , , , ,-3.64,-1.93,1.36,3.67,0.43,1.16,0.68,4.73,5.07,4.61,1.35,-2.68, ,3.9, ,0.54,1.93, ,4.28,5.03, , , ,-3.45, , ,1.47, ,0.0,3.95, ,-2.48,-0.38,2.92,3.35,0.82,1.28,1.56,4.76,4.78,3.46,2.01,-1.94, ,5.75, ,1.54,-0.38, ,4.68,3.93, , , ,-0.87, , ,2.25,1.19,1.26,3.79,4.22,-11.52,-10.86,-10.6,14.57,14.44,15.2,3.6,1.4,4.29,4.31,,,,
567,96379813,11/4/2025,8:37:37,,,-0.82,0.62,0.03,-3.08,4.8,4.8,4.87,7.38,-0.87,-1.36,1.26,-2.75,3.26,3.35,-0.33,8.03, , , , , , , , ,-1.79,-1.67,0.68,3.66,0.14,1.55,0.71,4.49,6.21,4.75,2.38,-0.14, ,6.01, ,1.06,0.92, ,4.63,4.48, , , ,-3.49, , ,1.57, ,-0.85,3.28, ,-1.84,-0.74,2.7,3.58,0.66,1.32,0.83,5.49,5.13,3.76,2.92,-0.96, ,6.16, ,2.13,-0.85, ,4.27,3.31, , , ,-1.36, , ,1.64,1.09,1.33,3.62,4.45,-11.82,-10.71,-10.59,14.27,15.55,15.71,3.18,2.05,4.72,4.13,,,,
568,96379847,11/4/2025,8:38:22,,,-0.51,0.55,0.14,-2.69,4.85,4.62,4.5,7.33,-2.52,-1.46,0.27,-1.95,3.68,3.94,0.89,8.06, , , , , , , , ,-3.63,-2,1,3.27,0.72,1.45,0.79,4.34,6.48,4.51,1.78,-1.98, ,5.44, ,0.69,1.12, ,4.31,4.49, , , ,-3.86, , ,1.77, ,-0.49,3.72, ,-2.42,-0.43,3.43,4.01,0.85,1.15,1.15,4.88,4.68,4.36,1.15,-2.36, ,5.05, ,1.6,0.49, ,4.64,4.28, , , ,-0.05, , ,2.23,1.36,2.18,3.64,4.37,-11.29,-10.61,-10.46,13.91,15.84,15.5,3.45,1.91,4.46,3.81,,,,
569,96379797,11/4/2025,8:39:05,,,-0.84,-0.06,-1.07,-1.83,4.84,4.09,5.44,4.59,-0.8,-0.37,0.0,-0.48,3.82,3.07,3.58,5.92, , , , , , , , ,-2.44,-1.79,1.11,4.23,-0.1,1.28,-0.03,4.49,6.99,5.24,1.79,-0.41, ,4.82, ,1.1,1.2, ,4.28,4.66, , , ,-4.52, , ,1.17, ,-0.61,3.5, ,-1.68,-0.7,2.91,3.72,0.55,1.18,0.7,4.65,4.91,4.39,2.66,-0.49, ,6.54, ,2.08,-0.68, ,4.83,3.13, , , ,-1.63, , ,2.18,1.04,0.89,3.55,4.1,-11.66,-10.22,-10.33,14.12,15.04,15.18,3.39,2.17,4.01,4.49,,,,
570,96379805,11/4/2025,8:39:47,,,-0.75,0.4,-0.23,-1.15,5,4.04,5.27,4.53,-2.7,-0.95,-0.18,-1.39,3.74,3.72,3.3,6.08, , , , , , , , ,-2.96,-2.2,0.39,2.84,0.24,2.06,0.05,4.14,6.52,4.57,2.45,-2.98, ,5.92, ,0.46,1.63, ,5.01,4.02, , , ,-2.51, , ,3.17, ,0.44,4.01, ,-1.58,-0.87,0.7,3.02,0.92,1.4,1.01,5.01,4.47,3.55,2.58,-0.9, ,7.21, ,1.77,-1.03, ,4.67,3.11, , , ,-1.48, , ,2.89,0.77,1.04,4.04,4.32,-11.28,-10.51,-10.41,14.71,15.16,15.8,3.81,1.73,4.7,4.07,,,,
571,96379771,11/4/2025,8:40:29,,,0.56,0.62,0.29,-3.44,5.29,4.03,4.38,6.46,-1.0,-1.18,0.22,-1.82,3.86,3.73,2.77,7.22, , , , , , , , ,-1.47,-1.5,0.38,3.32,0.62,1.84,0.33,4.9,6.51,4.45,2.85,-0.49, ,5.35, ,1.08,1.36, ,4.74,4.38, , , ,-3.39, , ,2.07, ,0.11,3.82, ,-1.05,-0.96,2.65,3.34,0.9,1.48,0.81,4.84,4.59,3.62,3.18,-0.64, ,5.95, ,2.08,-0.6, ,4.46,3.09, , , ,-0.88, , ,1.96,1.34,2.05,4.11,4.84,-11.07,-10.87,-10.54,14.83,15.34,15.63,4.03,2.01,4.81,4.11,,,,
572,97058564,11/4/2025,8:41:11,,,-0.18,1.36,-0.16,-1.27,5.56,4.83,5.61,5.68,-1.63,-2,-0.33,-2.26,3.23,2.06,3.1,5.01, , , , , , , , ,-3.31,-2.01,1.1,3.5,-0.02,1.28,0.39,4.6,6.71,4.46,1.88,-2.59, ,5.32, ,0.58,1.82, ,4.36,4.47, , , ,-3.3, , ,1.95, ,-0.21,3.87, ,-2.08,-1.11,2.69,3.55,0.81,1.21,0.94,4.92,4.95,3.93,2.78,-1.55, ,5.96, ,2.04,-0.32, ,4.79,3.32, , , ,-0.91, , ,2.55,1.52,1.56,3.74,4.43,-11.4,-10.58,-10.5,14.19,15.51,15.59,3.53,1.88,4.17,4.33,,,,
573,96379789,11/4/2025,8:41:53,,,-0.76,0.65,-0.45,-2.64,5.06,4.87,2.41,7.31,-1.65,-0.98,0.32,-2.18,3.56,3.93,3.43,8.16, , , , , , , , ,-3.72,-1.92,1.25,3.79,0.81,1.41,0.75,4.3,6.61,4.61,1.57,-4.09, ,5.9, ,0.34,2.59, ,4.87,4.95, , , ,-1.84, , ,2.87, ,0.62,3.68, ,-0.87,-0.71,2.35,3.14,0.67,1.29,0.83,5.02,4.31,3.49,2.86,-0.81, ,6.68, ,1.86,-0.97, ,4.71,2.89, , , ,-0.78, , ,2.4,1.31,1.21,3.82,4.5,-11.32,-10.86,-10.52,13.92,15.29,15.07,3.29,1.71,4.95,3.87,,,,
574,97058572,11/4/2025,8:42:35,,,-0.97,0.91,-0.71,-1.01,5.06,4.89,5.32,5.33,-0.04,-0.78,-0.48,-0.66,3.39,2.55,2.6,5.41, , , , , , , , ,-4.74,-2.21,1.93,3.79,0.74,0.53,0.27,4.4,4.73,4.97,0.48,-3.27, ,4.59, ,0.44,2.67, ,4.11,5.43, , , ,-3.09, , ,1.17, ,-0.36,3.74, ,-1.21,-0.67,2.54,3.15,0.62,1.42,0.6,4.76,4.67,4.14,2.69,-1.75, ,6.34, ,1.9,-0.18, ,4.95,4.26, , , ,0.06, , ,1.17,1.43,2.51,3.17,3.99,-11.62,-10.55,-10.6,15.0,14.67,15.61,3.47,2.16,4.16,5.04,,,,
575,97058556,11/4/2025,8:50:08,,,-0.12,0.7,0.35,-2.39,4.97,5.17,3.93,7.87,-1.23,-1.67,-0.1,-2.71,3.44,4.21,3.72,8.55, , , , , , , , ,-1.93,-1.61,1.33,4.36,0.58,1.39,0.9,4.33,6.26,4.76,1.9,-1.34, ,6.12, ,0.82,1.8, ,4.59,4.15, , , ,-3.35, , ,2.59, ,-0.63,3.73, ,-1.0,-0.75,2.65,3.0,0.61,1.71,0.4,4.89,4.49,3.55,2.85,-0.92, ,6.18, ,1.71,-1.16, ,4.82,3.44, , , ,-0.21, , ,2.01,1.42,1.68,4.08,4.82,-11.13,-11.09,-10.48,14.59,15.82,15.6,3.65,1.45,4.61,3.9,,,,
576,97058929,11/4/2025,9:20:29,,,-0.19,0.13,-0.61,-1.85,4.97,4.61,5.1,5.52,-0.61,-1.39,-0.5,-0.99,3.05,2.76,2.93,5.11, , , , , , , , ,-2.38,-1.96,0.23,3.23,0.79,1.8,-0.01,4.94,6.64,4.77,2.78,-0.62, ,4.41, ,0.97,0.59, ,3.98,3.81, , , ,-4.89, , ,1.12, ,-1.23,3.82, ,0.14,-0.44,1.43,2.89,0.69,1.42,0.71,5.04,4.96,4.38,4.31,1.24, ,8.13, ,2.41,-2.61, ,5.65,1.89, , , ,-1.58, , ,2.61,0.92,1.1,4.29,4.41,-10.86,-10.42,-10.2,14.05,15.51,15.55,3.17,1.08,4.63,3.62,,,,
577,97058937,11/4/2025,9:21:11,,,-1.12,0.16,-0.95,-1.53,4.9,4.35,5.06,4.78,-0.79,-1.27,-0.54,-1.04,3.48,2.85,2.94,5.3, , , , , , , , ,-3.32,-1.84,1.55,3.89,0.69,1.63,0.59,4.6,6.63,4.91,1.58,-2.47, ,5.63, ,0.6,1.89, ,4.6,4.84, , , ,-4.18, , ,2.08, ,-0.65,3.66, ,-2.18,-0.57,3.94,3.7,0.99,1.29,1.13,4.89,4.98,4.63,1.53,-1.72, ,4.96, ,1.63,-0.2, ,4.2,3.79, , , ,-0.81, , ,2.27,0.94,1.41,3.82,4.33,-11.51,-10.39,-10.4,14.2,15.4,15.57,3.14,1.4,4.23,3.91,,,,
578,97058903,11/4/2025,9:21:53,,,-0.76,-0.17,-0.82,-3.26,4.84,4.7,4.52,7.46,-0.69,-0.63,0.08,-1.12,4.0,3.7,2.93,7.69, , , , , , , , ,-3.02,-2.12,0.32,3.07,0.13,1.39,0.43,4.96,6.21,4.39,2.63,-1.66, ,4.32, ,0.94,0.83, ,4.17,4.83, , , ,-3.87, , ,0.98, ,-0.27,3.54, ,-2.76,-0.77,4.25,3.48,0.56,1.37,0.61,5.09,4.0,3.5,1.19,-2.43, ,5.93, ,1.45,0.06, ,5.47,4.29, , , ,-1.51, , ,2.81,0.71,0.81,4.06,4.25,-11.35,-10.69,-10.42,13.99,15.5,15.32,3.43,1.05,4.35,3.62,,,,
579,97058911,11/4/2025,9:22:35,,,-0.47,0.49,0.04,-2.75,4.79,4.96,4.03,7.7,-1.32,-1.38,0.06,-1.94,3.59,4,2.99,7.63, , , , , , , , ,-3.23,-2.17,0.19,3.31,0.68,1.46,0.81,4.93,6.61,4.25,3.04,-2.43, ,4.66, ,0.77,1.42, ,4.51,4.42, , , ,-3.26, , ,1.42, ,-0.02,3.89, ,-1.68,-0.66,3.32,3.52,0.45,1.37,0.84,4.97,4.52,3.85,2.33,-1.48, ,5.6, ,1.74,-0.96, ,4.67,3.47, , , ,-0.5, , ,2.21,1.0,1.47,4.16,4.58,-11.19,-10.33,-10.35,14.31,14.89,15.28,3.33,1.61,4.07,4.44,,,,
580,97058895,11/4/2025,9:23:17,,,-0.8,1.39,-0.05,-0.63,4.81,4.61,4.94,5.41,-0.51,-1.25,-0.38,-1.28,3.12,2.85,3.17,5.6, , , , , , , , ,-3.34,-2,1.14,3.66,0.57,1.28,0.43,4.97,6.85,5.38,1.52,-2.39, ,4.32, ,0.74,2.34, ,3.71,4.9, , , ,-3.24, , ,1.06, ,-0.18,3.68, ,-2.04,-0.93,3.29,3.27,0.59,1.23,0.65,4.61,4.59,4.16,2.01,-2.05, ,5.53, ,1.54,-0.49, ,5.29,4.14, , , ,0.08, , ,1.97,1.14,1.97,3.86,4.43,-11.07,-10.39,-10.39,14.44,14.89,15.26,3.44,1.39,4.46,4.03,,,,
581,97058879,11/4/2025,9:23:59,,,-0.26,0.79,-0.16,-2.66,4.75,4.95,4.19,7.68,-0.76,-0.96,0.16,-2.31,3.48,3.79,3.21,8.21, , , , , , , , ,-4.05,-2.41,0.63,3.25,0.65,1.8,0.06,4.51,6.15,4.65,2.28,-2.88, ,5.22, ,0.64,2.04, ,4.2,4.4, , , ,-3.39, , ,1.65, ,-0.1,3.81, ,-1.08,-0.71,2.15,2.89,0.26,1.74,0.55,4.88,4.44,3.53,3.33,-0.21, ,6.27, ,2.08,-1.34, ,6.31,3.73, , , ,-1.32, , ,2.21,1.13,1.17,3.97,4.62,-11.57,-10.92,-10.64,14.2,15.37,15.34,3.63,1.61,4.63,3.82,,,,
582,97058887,11/4/2025,9:24:41,,,0.21,0.33,0.12,-3.09,5.05,4.54,3.02,7.4,-1.19,-1.88,-0.41,-2.87,3.32,3.63,3.12,7.75, , , , , , , , ,-3.34,-1.8,0.95,3.96,0.29,1.25,0.57,4.45,6.44,4.9,2.09,-2.35, ,6.31, ,0.61,2.23, ,4.62,3.75, , , ,-4.41, , ,3.01, ,-0.79,3.8, ,-3.13,-0.42,4.47,3.8,0.44,1.39,0.61,4.72,4.83,4.42,1.3,-1.03, ,5.14, ,1.59,-0.9, ,5.63,4.26, , , ,-1.87, , ,2.0,0.8,0.8,3.81,4.21,-10.91,-10.64,-10.21,14.17,15.57,15.53,3.67,1.69,4.95,3.87,,,,
583,97055453,11/4/2025,9:26:12,,,-0.49,0.34,-0.49,-2.89,4.58,4.76,4.45,7.82,-1.13,-1.72,0.11,-2.62,3.78,4.03,2.93,7.95, , , , , , , , ,-2.79,-1.89,0.34,3.87,0.45,1.82,0.13,4.69,6.45,4.64,2.41,-1.55, ,4.46, ,0.86,1.11, ,4.31,4.85, , , ,-3.16, , ,0.58, ,-0.1,3.61, ,1.24,-0.36,-0.08,2.61,0.26,1.62,0.54,5.59,4.44,2.96, ,2.39, ,9.24, ,3.25,-2.01, ,5.63,1.8, , , ,-1.67, , ,2.07,0.79,0.71,3.84,4.22,-11.38,-10.65,-10.49,14.14,15.48,15.3,3.44,1.71,4.43,4.21,,,,
584,97058861,11/4/2025,9:27:01,,,-0.78,0.81,-0.52,-2.51,4.45,4.16,4.52,7.03,-0.7,-0.7,0.49,-2.31,4.13,4.21,3.51,8.4, , , , , , , , ,-3.68,-1.63,1.1,3.7,0.41,0.76,0.9,4.74,6.16,4.92,1.61,-2.46, ,4.17, ,0.74,1.96, ,3.88,5.38, , , ,-2.81, , ,1.0, ,0.87,3.82, ,-1.03,-0.46,2.42,3.81,0.02,1.43,0.53,5.52,4.78,3.9,3.38,-0.12, ,6.7, ,1.82,-1.86, ,4.76,2.07, , , ,-1.99, , ,3.14,0.74,0.71,4.07,4.18,-11.32,-10.47,-10.32,13.36,15.33,15.16,3.24,1.6,4.77,3.7,,,,
585,97059026,11/4/2025,9:29:15,,,-0.68,0.27,-0.06,-2.57,4.98,5.22,4.9,7.79,-0.95,-1.91,0.4,-2.51,3.66,4.02,0.01,8.62, , , , , , , , ,-3.26, ,0.36, ,0.4,1.45,0.43,4.43,6.05,4.79,3.16,-2.6, ,5.13, ,0.73,1.67, ,4.4,4.33, , , ,-3.08, , ,2.0, ,0.22,3.95, ,-2.94,-0.58,4.65,3.9,0.16,1.51,0.68,4.82,4.74,4.14,0.8,-2.12, ,4.55, ,1.38,-0.25, ,3.86,4.66, , , ,-0.64, , ,1.65,1.19,1.4,3.62,4.47,-11.24,-10.61,-10.46,14.08,15.36,15.3,3.77,1.54,4.66,3.85,,,,
586,97058853,11/4/2025,9:29:57,,,-0.14,0.77,-0.45,-1.98,4.73,4.64,4.68,7.64,-1.27,-1.5,0.03,-2.34,3.9,4.15,3.43,8.51, , , , , , , , ,-3.25,-1.43,0.89,3.86,0.71,1.72,0.72,4.41,6.41,4.84,1.68,-2.94, ,5.02, ,0.75,1.99, ,4.17,4.76, , , ,-2.93, , ,1.34, ,0.88,3.8, ,-2.16,-0.45,5.42,4.02,0.73,1.11,1.28,4.76,4.51,4.01,-0.45,-1.36, ,3.18, ,1.33,-0.3, ,3.65,5.35, , , ,-0.16, , ,1.69,1.21,1.52,3.93,4.99,-11.45,-10.72,-10.55,13.87,14.92,15.17,3.68,1.37,4.79,3.72,,,,
587,97058523,11/4/2025,9:30:39,,,-0.81,0.62,-0.05,-2.82,5.4,4.34,3.86,7.26,-0.96,-0.56,0.58,-1.37,4.09,5.36,3.74,8.77, , , , , , , , ,-4.51,-2,1.15,3.86,0.69,0.36,0.74,4.62,3.26,5.01,1.38,-2.55, ,4.15, ,0.67,1.9, ,4.28,5, , , ,-4.3, , ,1.11, ,-0.4,3.51, ,-1.95,-0.53,2.28,3.01,0.56,1.44,0.83,4.47,4.07,3.34,2.54,-0.39, ,6.07, ,1.68,-1.5, ,4.48,3.98, , , ,-1.22, , ,1.02,1.46,1.65,3.57,4.75,-11.22,-10.57,-10.09,14.36,15.47,15.51,3.4,1.25,4.51,4.03,,,,
588,97058531,11/4/2025,9:31:21,,,-0.08,-0.24,-0.42,-3.12,5.13,4.58,3.89,7.83,-0.26,-0.45,0.85,-1.16,4.03,3.25,2.44,7.15, , , , , , , , ,-2.99,-2.1,0.71,3.4,0.01,1.69,0.21,4.46,6.15,4.1,2.55,-1.57, ,3.77, ,0.75,1.72, ,4.45,4.44, , , ,-3.61, , ,1.45, ,0.11,3.98, ,-2.9,-0.95,3.66,3.6,0.92,1.27,0.74,4.91,4.65,3.97,0.94,-3.0, ,5.04, ,1.21,0.58, ,4.87,4.85, , , ,-0.52, , ,2.2,1.07,1.37,3.65,4.23,-11.03,-10.63,-10.31,14.14,15.72,15.56,3.71,1.32,4.67,3.84,,,,
589,97058507,11/4/2025,9:32:04,,,-1.13,0.59,0.02,-1.25,4.77,4.37,4.54,5.19,-1.1,-1.84,-0.7,-1.97,3.77,2.84,3.22,5.02, , , , , , , , ,-3.79,-2.3,0.48,3.23,0.6,2.12,0.22,4.64,6.45,4.95,2.71,-3.14, ,5.73, ,0.49,2.41, ,4.48,4.22, , , ,-3.04, , ,1.77, ,-0.16,3.59, ,-1.89,-0.47,2.08,3.15,0.68,0.84,1.09,4.9,4.54,3.54,3.37,-0.52, ,7.05, ,1.95,-1.39, ,5.5,3.92, , , ,-0.95, , ,1.88,0.83,1.05,3.59,4.07,-11.12,-10.94,-10.32,14.19,14.92,15.32,3.92,1.25,5.03,4.07,,,,
590,97058515,11/4/2025,9:33:00,,,-0.98,0.08,-0.27,-1.96,5.1,4.8,5.2,5.61,-1.12, ,-0.24,-1.77,3.67, ,3.14,5.42, , , , , , , , ,-3.68,-2.11,1.09,3.5,0.7,2.14,0.5,4.56,6.75,4.9,1.73,-3.3, ,5.43, ,0.41,2.42, ,4.4,4.71, , , ,-3.12, , ,1.95, ,-0.12,3.69, ,0.7,-0.44,1.54,2.92,1.05,0.72,1.35,5.81,5.04,3.68,4.17,0.86, ,8.28, ,2.39,-2.37, ,4.56,1.47, , , ,-1.44, , ,2.97,0.81,1.03,4.07,4.32,-11.32,-10.45,-10.42,14.35,15.15,15.31,3.72,1.58,4.17,4.55,,,,
591,97058549,11/4/2025,9:35:54,,,-0.33,0.18,-0.2,-3.6,4.87,3.83,3.51,7.4,-0.54,-0.18,0.67,-0.76,4.11,3.88,2.88,7.45, , , , , , , , ,-3.58,-1.82,1.15,3.36,0.87,2.08,0.49,4.25,6.1,4.38,1.36,-3.16, ,6.0, ,0.48,2.43, ,4.81,5.1, , , ,-3.01, , ,1.61, ,-0.18,3.24, ,-2.49,-0.71,4.24,2.81,0.6,1.15,1.26,5.54,4.75,3.83,1.79,-1.21, ,5.42, ,1.74,-0.74, ,4.37,4.57, , , ,-1.58, , ,3.01,0.86,0.78,4.05,4.2,-11.11,-10.76,-10.42,14.31,15.78,15.65,3.47,1.48,4.58,3.82,,,,
592,97058838,11/4/2025,9:37:18,,,-0.26,-0.03,-0.41,-3.08,5.15,4.18,4.19,6.73,-1.18,-0.87,0.14,-1.5,4.3,4.09,3.46,8.05, , , , , , , , ,-2.65,-2.14,0.81,3.57,0.63,0.63,0.5,4.43,3.39,4.42,1.95,-2.3, ,5.02, ,0.56,2.34, ,4.95,4.89, , , ,-3.04, , ,1.72, ,-0.05,3.34, ,0.65,-0.54,1.24,2.73,0.68,1.45,0.88,5.87,4.87,3.55,5.2,1.43, ,9.1, ,2.69,-2.59, ,5.1,1.01, , , ,-1.13, , ,3.75,0.66,0.84,4.28,4.16,-11.31,-10.43,-10.32,13.84,15.93,15.61,3.45,1.37,5.2,3.52,,,,
593,97058846,11/4/2025,9:38:00,,,-0.28,-0.01,-0.53,-2.64,5,4.22,3.87,6.96,-2.3,-0.86,-0.11,-0.96,3.99,4.2,3.37,8.23, , , , , , , , ,-3.88,-1.94,1.01,4.1,0.37,1.16,0.52,4.55,6.3,4.99,1.53,-2.85, ,5.23, ,0.45,2.25, ,4.43,4.46, , , ,-3.06, , ,1.79, ,-0.03,3.33, ,-1.29,-0.59,3.5,3.51,0.56,1.44,1.1,4.96,4.6,3.97,2.26,-1.29, ,5.18, ,1.68,-0.92, ,5.65,4.39, , , ,-0.48, , ,2.34,0.99,1.69,4.07,4.34,-11.52,-10.81,-10.57,13.69,15.91,15.31,3.01,1.24,5.21,3.28,,,,
594,96379821,11/4/2025,9:38:42,,,-0.28,0.01,0.26,-3.77,4.93,4.42,4.06,7.63,-0.75,-1.31,0.08,-1.82,4.1,4.17,3.13,7.82, , , , , , , , ,-3.1,-1.48,1.93,4.2,0.21,0.96,0.96,4.46,6.62,5.2,0.97,-2.0, ,4.73, ,0.73,2.2, ,3.71,4.81, , , ,-2.61, , ,1.58, ,0.26,4.03, ,-0.62,-0.65,2.78,3.65,0.18,1.43,0.47,4.85,4.69,3.97,2.53,-0.48, ,6.36, ,1.96,-1.4, ,4.91,3.31, , , ,0.16, , ,1.39,1.14,1.97,3.57,4.3,-11.47,-10.22,-10.14,14.33,15.38,15.29,3.19,1.81,3.98,4.25,,,,
595,97058820,11/4/2025,9:39:25,,,-0.24,-0.06,-0.35,-3.5,5.09,4.34,4.25,7.62,-1.5,-1.37,-0.11,-1.99,3.91,3.93,2.96,7.63, , , , , , , , ,-2.61,-1.6,1.72,3.83,1.02,1.3,1.18,4.85,6.83,5.16,1.04,-1.17, ,4.33, ,0.84,2.01, ,3.64,5.14, , , ,-3.31, , ,0.75, ,0.28,3.75, ,-1.93,-0.61,3.61,3.93,0.33,1.73,0.73,4.69,4.92,4.35,1.38,-2.46, ,6.34, ,1.55,0.19, ,4.62,3.38, , , ,0.48, , ,2.85,1.03,1.7,3.79,3.93,-11.45,-10.83,-10.9,14.69,15.84,15.81,4.28,0.91,4.46,4.21,,,,
596,97058796,11/4/2025,9:40:07,,,-0.93,0.38,-0.4,-1.96,5.05,4.3,5.3,5.55,-2.55,-1.76,-0.36,-1.91,3.53,3.1,3.24,5.62, , , , , , , , ,-2.68,-1.53,1.69,4.32,0.47,1.05,0.87,5.13,7.17,5.22,1.07,-2.33, ,5.57, ,0.65,2.52, ,4.24,4.8, , , ,-2.48, , ,1.84, ,0.06,3.34, ,-0.4,-0.58,2.03,3.09,0.98,1.11,0.98,4.97,4.85,4.21,3.75,-1.28, ,6.5, ,2.09,-0.3, ,4.88,3.22, , , ,0.47, , ,2.19,1.45,1.98,3.69,4.24,-11.44,-10.67,-10.53,14.8,15.3,15.57,3.82,1.53,4.8,4.35,,,,
597,97058804,11/4/2025,9:40:49,,,-0.32,0.24,-0.44,-2.87,4.98,4.04,3.95,6.99,-1.84,-1.38,-0.52,-1.29,3.9,4.38,3.46,7.74, , , , , , , , ,-3.02,-2.06,0.28,3.77,0.34,1.67,0.26,5.34,6.63,4.49,2.58,-2.65, ,5.27, ,0.52,1.92, ,4.62,4.07, , , ,-2.81, , ,1.96, ,0.23,3.84, ,-1.86,-0.14,3.55,3.57,0.7,1.3,1.32,5.06,4.56,4.36,1.7,-2.16, ,5.23, ,1.46,-0.49, ,4.33,3.68, , , ,0.32, , ,2.01,1.29,1.9,3.88,4.45,-11.69,-10.53,-10.76,14.52,15.81,15.72,3.49,1.34,4.44,3.87,,,,
598,97060396,11/4/2025,9:41:31,,,-0.2,0.17,-0.75,-3.16,4.87,4.44,4.14,7.19,-1.09,-0.92,-0.1,-1.28,4.21,4.01,3.92,7.94, , , , , , , , ,-2.58, ,1.22, ,0.27,1.25,0.89,5.12,6.16,4.96,1.88,-1.85, ,6.67, ,0.74,1.64, ,4.64,4.77, , , ,-3.53, , ,2.34, ,-0.53,3.26, ,-0.61,-1.01,2.22,3.01,0.6,1.6,0.68,5.81,4.82,3.87,3.89,-0.39, ,7.23, ,2.34,-0.75, ,4.98,2.34, , , ,-0.39, , ,2.79,0.9,1.32,4.15,4.38,-11.51,-10.89,-10.61,14.89,15.28,16.11,3.47,1.98,4.56,4.17,,,,
599,97058788,11/4/2025,9:42:14,,,-0.43,1.16,0.25,-0.94,4.93,4.29,4.99,4.75,-2.28,-1.6,-0.51,-1.86,3.38,3.95,3.4,5.35, , , , , , , , ,-3.23,-2.02,1.41,3.77,0.76,1.91,0.2,4.44,6.7,4.88,1.37,-2.2, ,3.94, ,0.72,1.77, ,3.94,5.43, , , ,-2.43, , ,0.55, ,0.6,3.65, ,-1.2,-0.57,2.53,3.68,0.95,0.65,1.21,4.86,4.83,4.37,3.12,-1.14, ,5.22, ,1.73,-1.4, ,4.33,2.95, , , ,-0.31, , ,2.07,1.07,2.04,3.98,4.7,-12.13,-10.56,-10.67,15.02,15.08,15.79,3.71,1.69,4.04,4.54,,,,
600,97058762,11/4/2025,9:42:56,,,-0.46,0.34,-0.82,-1.69,4.87,4.57,4.84,5.31,-0.87, ,0.4,-0.57,4.03, ,3.1,3.98, , , , , , , , ,-2.95,-1.54,1.86,4.39,0.53,1.62,0.17,4.92,6.44,5.56,0.96,-1.77, ,5.39, ,0.74,1.84, ,3.74,4.6, , , ,-3.58, , ,1.65, ,-0.37,3.8, ,-2.99,-0.52,3.71,3.81,1.15,0.82,1.63,4.75,4.86,4.65,1.2,-2.66, ,4.56, ,1.46,0.53, ,3.43,3.8, , , ,-0.14, , ,2.13,1.23,2.07,3.93,4.49,-12.18,-10.53,-10.84,15.17,15.51,16.08,3.0,1.52,3.83,4.43,,,,
601,97058770,11/4/2025,9:43:38,,,-0.19,-0.05,-0.37,-3.54,2.48,4.0,4.23,7.28,-1.2,-0.16,0.15,-0.64,4.07,4.11,3.02,8.06, , , , , , , , ,-2.88, ,2.08, ,0.45,1.25,0.82,4.34,6.58,4.43,1.09,-2.21, ,6.95, ,0.54,2.62, ,4.86,4.4, , , ,-3.02, , ,3.25, ,-0.48,3.48, ,-1.75,-1.07,0.81,3.52,0.4,1.41,0.64,5.34,4.94,3.83,2.03,-2.27, ,5.21, ,1.38,-1.04, ,4.07,3.22, , , ,0.93, , ,1.79,1.37,2.21,3.82,4.81,-11.68,-10.74,-10.53,14.49,14.82,15.49,3.59,1.62,4.58,4.35,,,,
602,97058119,11/4/2025,9:47:09,,,-0.74,1.23,-0.27,-0.4,5.27,5.11,5.63,5.72,-0.43,-1.32,-0.47,-0.96,2.81,2.42,3.2,5.55, , , , , , , , ,-2.87, ,1.08, ,0.75,1.77,0.41,4.79,6.7,4.99,1.89,-2.24, ,4.82, ,0.66,1.69, ,4.28,4.93, , , ,-2.24, , ,1.36, ,0.69,3.66, ,-0.43,-0.53,2.06,3.36,0.39,1.42,0.92,5.0,4.95,4.5,3.03,-1.03, ,5.54, ,1.94,-1.03, ,4.37,3.42, , , ,0.74, , ,2.01,1.32,2.25,3.86,4.73,-11.74,-10.73,-10.58,15.17,15.21,15.79,3.73,1.89,4.18,4.78,,,,
603,97058499,11/4/2025,9:47:52,,,-0.56,0.59,-0.21,-2.68,5.11,4.05,4.55,6.71,-1.13,-0.95,0.53,-0.96,4.39,3.95,2.5,7.78, , , , , , , , ,-3.1,-2.29,0.82,3.31,0.56,1.57,0.63,4.88,6.48,4.53,2.46,-3.05, ,5.59, ,0.62,2.04, ,4.46,4.24, , , ,-2.72, , ,1.94, ,0.07,3.57, ,-2.14,-0.97,2.75,3.99,0.73,1.61,0.82,4.99,4.58,3.69,2.14,-0.4, ,6.13, ,1.83,-2.03, ,5.51,4.1, , , ,-0.79, , ,2.4,0.91,1.44,3.37,3.85,-11.71,-10.94,-10.8,14.0,14.97,15.23,3.37,1.11,4.68,3.82,,,,
604,97058085,11/4/2025,9:49:58,,,-0.07,0.64,0.18,-2.2,4.5,3.34,2.9,6.19,-0.8,-0.7,-0.11,-1.07,4.1,4.33,3.53,8.15, , , , , , , , ,-1.64,-1.78,0.9,3.74,0.49,1.7,0.43,4.22,6.62,4.96,2.08,-1.58, ,5.54, ,0.74,1.37, ,4.44,4.24, , , ,-3.14, , ,2.07, ,-0.08,3.89, ,-2.21,-0.19,4.68,4.13,0.08,1.5,0.65,4.52,4.82,4.67,0.52,-2.57, ,3.93, ,1.61,0.63, ,4.61,4.3, , , ,0.0, , ,2.32,1.36,1.96,4.08,4.75,-11.95,-10.53,-10.77,14.17,15.52,15.71,3.75,1.7,4.85,3.92,,,,
605,97058069,11/4/2025,9:50:41,,,-0.26,1.07,0.17,-0.13,4.73,3.61,4.97,3.97,-1.13,-1.94,-0.72,-1.76,3.71,3.29,3.06,5.66, , , , , , , , ,-2.71,-1.68,0.27,3.53,0.43,0.65,0.75,5.29,4.81,4.76,2.41,-2.13, ,5.12, ,0.61,1.24, ,4.94,4.48, , , ,-2.88, , ,1.97, ,0.15,3.53, ,-2.17,-0.56,3.49,4.04,0.73,1.13,1.03,5.07,4.95,4.64,1.4,-2.19, ,4.0, ,1.61,0.31, ,4.09,4.06, , , ,0.66, , ,1.2,1.01,3.01,3.75,4.7,-12.16,-10.65,-10.75,14.12,15.12,15.31,3.33,1.61,4.81,3.92,,,,
606,97058036,11/4/2025,9:51:22,,,-0.44,1.16,0.07,-0.31,5.14,4.56,4.94,5.47,-0.12,-1.28,-0.47,-0.81,3.02,2.36,2.62,4.92, , , , , , , , ,-1.11,-1.63,-0.2,3.02,0.81,1.55,0.76,5.92,6.78,4.62,3.63,-0.39, ,3.96, ,1.39,0.49, ,4.29,4.33, , , ,-2.85, , ,0.88, ,0.43,4.0, ,-0.39,-0.6,2.07,3.54,-0.02,0.89,0.38,4.96,4.92,4.3,2.87,-1.04, ,7.43, ,1.87,-0.64, ,4.72,2.57, , , ,0.57, , ,2.05,1.02,1.6,3.66,4.26,-11.51,-10.81,-10.69,14.67,15.07,15.55,4.05,1.24,4.24,3.65,,,,
607,96380480,11/4/2025,9:52:05,,,-0.97,0.61,-0.53,-1.53,4.66,4.34,4.87,4.8,-0.45,-1.17,-0.3,-1.28,3.27,2.65,3.02,5.37, , , , , , , , ,-3.31,-1.58,1.89,3.82,0.95,1.23,0.57,4.13,4.11,5.35,0.7,-2.48, ,5.23, ,0.51,1.43, ,4.22,5.06, , , ,-3.12, , ,1.96, ,0.13,3.68, ,-0.32,-0.06,1.68,3.43,0.27,0.73,1.2,4.9,5.13,4.3,4.07,-0.38, ,6.65, ,2.14,-1.29, ,4.81,2.47, , , ,-0.02, , ,1.99,1.13,1.83,4.03,4.69,-12.31,-10.49,-10.96,14.51,14.93,15.23,3.5,1.7,3.89,4.8,,,,
608,97058051,11/4/2025,9:54:14,,,-0.66,-0.27,-0.49,-3.09,5.03,4.3,4.81,5.09,-0.13,-1.01,-0.15,-1.31,3.1,2.1,2.52,4.68, , , , , , , , ,-2.97,-1.53,2.43,4.34,0.18,0.68,1.19,4.64,6.99,4.77,0.45,-2.55, ,6.13, ,0.61,2.91, ,4.6,5.53, , , ,-2.6, , ,2.26, ,-0.07,3.56, ,-0.62,-0.77,2.19,3.19,0.6,1.47,0.73,4.73,4.71,3.9,4.11,0.27, ,6.48, ,2.43,-1.8, ,4.98,2.93, , , ,-0.64, , ,1.55,1.13,1.36,3.92,4.66,-11.81,-10.31,-10.56,14.76,14.52,15.16,3.43,1.73,3.73,4.79,,,,
609,97058044,11/4/2025,9:55:03,,,-0.57,-0.58,-0.53,-4.25,4.53,4.43,4.24,7.49,-0.23,-0.55,0.12,-1.01,4.02,3.87,3.24,7.35, , , , , , , , ,-3.31,-1.71,0.89,3.71,0.54,1.32,0.76,4.73,6.33,4.72,1.78,-1.69, ,5.24, ,0.82,1.69, ,4.04,4.7, , , ,-3.43, , ,1.02, ,-0.26,3.82, ,-1.57,-0.47,2.9,3.61,0.11,1.39,0.56,5.0,5.04,4.15,2.11,-1.4, ,5.76, ,1.64,-1.1, ,4.55,3.75, , , ,-0.05, , ,1.16,1.47,2.01,3.46,4.45,-11.79,-10.56,-10.51,13.81,15.38,15.38,3.28,1.49,4.43,3.83,,,,
610,96380472,11/4/2025,9:55:44,,,-0.76,0.72,-0.26,-1.29,4.8,4.61,5.09,5.05,-0.45,-1.1,-0.21,-0.72,3.56,2.58,2.66,4.98, , , , , , , , ,-3.89,-1.59,2.17,3.99,0.73,1.36,0.6,4.14,5.75,5.56,0.56,-3.34, ,5.79, ,0.57,3.33, ,4.54,5.43, , , ,-3.26, , ,1.87, ,-0.24,3.22, ,-3.33,-1.03,3.97,3.76,0.73,1.49,0.79,4.71,4.9,4.37,1.8,-2.19, ,5.77, ,1.48,-0.2, ,4.43,4.38, , , ,-0.64, , ,2.64,0.88,1.59,3.76,3.93,-12.35,-10.48,-10.78,14.68,15.37,15.87,3.24,1.75,3.67,4.52,,,,
611,96380498,11/4/2025,10:04:31,,,0.49,1.46,0.73,-0.11,5.17,3.61,4.64,4.44,-0.27,-1.37,-0.47,-1.18,3.31,3.43,3.13,5.62, , , , , , , , ,-3.41,-2.08,1.22,3.93,0.89,1.58,0.1,5.09,7.21,4.85,1.51,-3.21, ,6.02, ,0.32,2.28, ,4.69,3.83, , , ,-2.99, , ,2.78, ,-0.27,3.75, ,-0.69,-0.36,2.18,3.46,0.22,1.89,0.64,4.73,5.21,4.96,3.83,0.3, ,6.92, ,2.15,-2.25, ,4.84,2.54, , , ,-1.22, , ,2.28,0.62,1.64,3.31,3.57,-11.75,-10.32,-10.39,14.98,14.92,15.76,3.36,2.04,3.56,4.74,,,,
612,96380456,11/4/2025,10:06:00,,,-0.41,0.74,-0.2,-1.17,5.22,4.02,4.77,4.5,0.45,0.71,0.53,0.72,3.8,2.89,3.12,5.32, , , , , , , , ,-3.18, ,1.4, ,0.32,1.24,0.9,4.36,6.83,5.07,1.67,-2.3, ,5.92, ,0.54,1.65, ,4.68,4.51, , , ,-3.42, , ,2.32, ,-0.25,3.6, ,-2.27,-0.31,3.33,3.18,0.51,0.96,1.05,4.66,4.74,4.34,2.01,-2.37, ,5.08, ,1.66,-0.15, ,4.73,4.08, , , ,0.3, , ,2.35,1.51,2.0,4.14,4.62,-11.5,-10.25,-10.15,14.25,14.67,15.05,3.58,1.49,3.84,4.4,,,,
613,97058101,11/4/2025,10:10:51,,,0.29,0.52,0.32,-1.69,5.28,4.13,5.1,4.95,0.21,-0.65,-0.21,-0.01,3.6,2.62,3.15,5.23, , , , , , , , ,-2.02, ,0.73, ,0.21,1.98,0.06,4.81,7.13,5.32,2.26,-0.92, ,3.42, ,0.91,1.6, ,3.99,4.48, , , ,-3.16, , ,0.71, ,0.27,3.8, ,-1.08,-0.35,2.12,2.73,0.49,1.22,0.98,4.65,4.49,3.48,2.64,-1.88, ,5.42, ,1.77,-0.52, ,4.75,4.08, , , ,1.21, , ,1.53,1.57,2.49,3.8,4.93,-11.88,-10.89,-10.7,15.01,14.98,15.65,4.14,1.85,4.2,4.53,,,,
614,97058093,11/4/2025,10:11:34,,,-0.31,0.06,-0.17,-1.88,4.89,4.18,4.58,4.84,-0.5,-0.74,-0.12,-0.43,3.48,2.75,2.93,4.85, , , , , , , , ,-3.53,-1.65,1.51,4.23,0.84,1.93,0.76,4.76,7.1,4.98,1.08,-2.5, ,3.98, ,0.58,1.76, ,3.69,4.79, , , ,-2.99, , ,0.86, ,0.05,3.84, ,0.36,-0.22,1.5,3.19,0.48,0.85,1.36,4.86,5.05,3.9,4.13,0.36, ,6.65, ,2.37,-1.66, ,4.65,2.21, , , ,-0.15, , ,2.27,1.01,1.41,3.89,4.43,-11.77,-10.91,-10.85,14.44,15.33,15.6,4.01,1.86,4.54,3.9,,,,
615,97058812,11/4/2025,10:12:21,,,0.21,0.67,0.27,-3.16,4.86,4.3,4.19,7.53,-0.81,-0.9,-0.08,-1.45,4.01,3.94,3.24,7.61, , , , , , , , ,-3.94,-2.31,0.94,3.8,0.6,1.75,0.05,4.85,6.64,4.87,2.06,-3.17, ,5.68, ,0.51,2.32, ,4.66,4.47, , , ,-3.63, , ,2.75, ,-0.28,3.92, ,-1.5,-0.65,3.48,3.49,0.59,1.01,0.84,4.56,4.51,3.94,2.05,-0.58, ,4.91, ,1.92,-1.33, ,4.42,4.02, , , ,-0.37, , ,1.17,1.48,1.65,3.73,4.77,-11.45,-10.25,-10.21,13.89,15.52,15.4,3.36,1.2,4.85,3.91,,,,
616,96380464,11/4/2025,10:15:19,,,-0.03,-0.37,-0.4,-2.5,4.94,4.5,4.9,5.49,0.21,-0.46,0.04,-0.07,3.51,2.71,3.07,5.6, , , , , , , , ,-2.8, ,1.01, ,0.94,1.9,0.55,5.38,7.01,5.48,1.4,-2.47, ,6.55, ,1.01,2.08, ,4.07,3.94, , , ,-2.76, , ,2.43, ,0.57,3.88, ,-0.2,-0.48,2.79,3.53,0.47,1.15,0.87,4.53,4.67,3.7,3.57,1.24, ,5.83, ,1.99,-1.64, ,4.64,3.09, , , ,-1.22, , ,2.37,1.3,1.64,4.3,5.0,-11.57,-10.9,-10.58,14.06,15.34,15.42,3.42,1.41,4.44,3.88,,,,
617,96380431,11/4/2025,10:16:01,,,-0.16,-0.34,-0.25,-2.54,5.17,4.55,5.05,5.4,0.11,-1.04,-0.26,-1.16,3.32,2.66,2.84,5.82, , , , , , , , ,-3.52,-1.66,0.76,3.45,0.49,1.43,0.73,4.89,4.36,4.81,1.94,-2.09, ,4.94, ,0.62,1.24, ,4.48,4.37, , , ,-3.69, , ,1.4, ,-0.29,3.73, ,1.17,-0.19,-0.79,3.59,-0.04,1.18,0.4,5.51,5.12,4.22,4.68,0.95, ,6.86, ,2.53,-2.4, ,4.43,1.55, , , ,-0.47, , ,2.19,1.32,1.51,3.72,4.6,-11.44,-10.49,-10.49,14.41,14.75,15.29,4.02,1.95,4.39,4.14,,,,
618,96380423,11/4/2025,10:16:43,,,-0.06,0.37,-0.37,-1.4,4.69,3.85,4.53,4.59,-0.59,-0.66,0.3,-0.73,3.76,3.52,3.23,5.74, , , , , , , , ,-3.85,-2.02,0.32,3.16,0.23,2.44,0.45,4.5,6.57,4.37,2.98,-3.78, ,6.01, ,0.43,2.14, ,5.01,4.2, , , ,-2.5, , ,2.72, ,0.16,3.89, ,0.23,-0.4,1.72,2.51,0.99,0.82,1.32,4.91,4.53,3.2,4.64,1.31, ,7.46, ,2.68,-2.19, ,5.7,3.16, , , ,-1.6, , ,2.46,1.17,1.34,3.79,4.39,-12.08,-10.23,-10.7,14.46,15.43,15.67,3.23,2.11,4.15,4.41,,,,
619,96380449,11/4/2025,10:17:25,,,0.42,0.43,0.29,-1.56,4.84,3.89,4.55,4.68,-0.61,-0.88,-0.14,-1.39,3.95,2.9,3.08,5.74, , , , , , , , ,-3.37,-1.96,1.45,3.7,0.18,1.2,0.56,4.29,6.61,4.93,1.29,-2.64, ,4.86, ,0.52,1.31, ,4.57,5.17, , , ,-2.96, , ,1.65, ,-0.04,3.68, ,-1.16,-0.44,2.5,3.57,0.74,1.09,0.79,5.22,4.97,4.27,3.09,-1.59, ,6.48, ,1.79,-1.27, ,5.0,2.73, , , ,0.64, , ,2.51,1.03,1.76,4.05,4.45,-11.28,-10.74,-10.49,14.52,14.96,15.53,3.87,1.55,4.24,4.07,,,,
620,96380415,11/4/2025,10:18:08,,,-0.48,0.08,0.04,-2.1,4.76,4.01,4.63,4.76,-0.51,-0.98,-0.16,-0.73,3.74,3.13,3.14,4.62, , , , , , , , ,-2.16,-2.05,0.77,3.37,0.56,1.62,0.39,4.26,6.33,4.69,2.19,-1.1, ,5.98, ,0.73,1.83, ,4.99,4.7, , , ,-3.66, , ,1.87, ,-0.55,3.43, ,-0.53,-0.38,2.05,3.33,0.68,0.92,0.81,4.74,5.09,4.63,4.02,-0.13, ,6.84, ,2.4,-2.09, ,4.63,1.95, , , ,-0.67, , ,2.13,1.31,1.53,3.92,4.55,-11.67,-10.61,-10.66,14.46,15.35,15.73,3.53,2.08,4.09,4.36,,,,
621,96380407,11/4/2025,10:20:19,,,-0.1,0.67,0.17,-1.14,5.28,4.18,4.93,4.86,-0.82,-0.4,0.29,-0.44,3.44,2.74,3.57,5.98, , , , , , , , ,-3.5, ,0.08, ,0.56,1.57,0.87,4.52,6.66,4.48,2.45,-2.73, ,4.96, ,0.72,1.4, ,4.71,4.63, , , ,-2.72, , ,1.35, ,0.09,3.65, ,-2.09,-0.69,3.04,3.22,1.2,1.09,1.08,5.03,4.82,3.8,2.47,-1.41, ,6.56, ,1.69,-1.59, ,5.83,3.38, , , ,-0.88, , ,2.66,0.74,1.13,3.79,4.23,-11.15,-10.55,-10.38,14.41,14.88,15.31,3.66,1.42,4.35,4.26,,,,
622,96380399,11/4/2025,11:03:12,,,0.26,0.24,-0.05,-3.34,5.15,4.09,4.54,6.67,-1.87,-1.13,0.33,-2.24,4.25,3.73,3.54,7.7, , , , , , , , ,-2.75,-1.57,1.45,3.55,0.72,1.51,0.99,4.38,6.26,4.46,1.28,-1.7, ,5.3, ,0.75,2.29, ,4.42,5.37, , , ,-2.99, , ,1.18, ,-0.4,3.18, ,-0.23,-0.12,1.98,3.1,1.01,1.12,1.41,5.9,5.12,3.91,4.05,-0.16, ,6.08, ,2.24,-1.93, ,5.26,2.27, , , ,-0.04, , ,1.97,1.05,1.6,3.85,4.47,-11.78,-10.46,-10.5,14.41,15.05,15.44,3.0,1.96,4.0,4.74,,,,
623,96380381,11/4/2025,11:05:55,,,0.02,0.26,-0.28,-1.55,4.71,4.18,4.78,5.37,-0.79,0.02,0.29,0.11,3.92,3.16,3.0,5.3, , , , , , , , ,-2.47,-1.91,0.34,3.16,0.63,1.06,0.2,4.54,3.89,4.41,2.62,-1.85, ,4.61, ,0.74,1.93, ,4.74,4.45, , , ,-2.57, , ,1.68, ,-0.17,3.67, ,-1.3,-0.58,2.6,3.05,1.04,0.86,0.83,4.54,4.45,3.77,2.94,-1.16, ,5.13, ,1.68,-0.57, ,4.63,4.09, , , ,0.49, , ,1.04,1.42,2.41,3.75,4.98,-11.46,-10.74,-10.51,14.13,15.23,15.49,3.34,1.29,4.31,4.25,,,,
624,96380373,11/4/2025,11:06:38,,,-0.1,0.13,0.06,-2.33,5.03,4.72,4.84,5.73,-0.38,-0.47,0.35,-0.38,3.52,2.69,3.07,4.49, , , , , , , , ,-3.41,-1.99,1.54,3.75,0.43, ,0.32,4.93, ,4.81,0.85,-3.18, ,3.79, ,0.52,2.3, ,4.14,5.7, , , ,-2.08, , ,0.72, ,0.35,3.67, ,-0.61,-0.23,2.07,3.5,0.43,0.75,1.12,4.7,4.91,3.88,3.78,-1.31, ,8.22, ,2.07,-1.0, ,5.59,1.87, , , ,-0.98, , ,3.59,0.65,1.12,4.01,3.71,-11.66,-10.58,-10.64,14.89,15.3,15.81,3.32,1.79,4.6,4.38,,,,
625,96380365,11/4/2025,11:07:20,,,0.27,0.38,0.07,-1.64,4.71,4.15,4.92,4.79,0.09,-0.9,0.04,-1.11,3.8,3.25,3.04,6.0, , , , , , , , ,-0.81,-1.3,0.07,3.61,0.2,1.48,0.55,4.11,5.99,4.61,3.23,-0.7, ,5.53, ,0.87,1.07, ,4.6,4.44, , , ,-3.7, , ,1.97, ,-0.1,3.87, ,-0.4,-0.39,2.52,3.04,0.64,1.14,0.73,4.94,4.88,4.06,3.11,-0.7, ,6.69, ,1.72,-0.83, ,5.13,2.05, , , ,-0.07, , ,2.42,1.13,1.83,4.02,4.58,-11.29,-10.69,-10.36,14.17,15.33,15.53,3.7,1.65,4.76,3.88,,,,
626,96380357,11/4/2025,11:10:27,,,-0.07,0.86,0,-2.77,4.69,4.04,0.35,6.89,-1.04,-0.75,-0.15,-2.49,4.32,4.1,3.35,8.13, , , , , , , , ,-2.04,-1.68,0,3.43,0.4,1.53,0.96,4.89,6.16,4.16,3.36,-1.5, ,5.19, ,1.04,0.63, ,4.59,4.78, , , ,-2.51, , ,1.22, ,0.23,3.58, ,-0.86,-0.21,2.79,3.45,0.86,1.02,1.62,5.61,4.74,3.45,2.45,-1.74, ,5.55, ,1.63,-1.04, ,4.64,3.5, , , ,0.77, , ,2.29,1.09,2.53,3.85,4.54,-11.5,-10.61,-10.34,14.44,15.21,15.79,4.15,2.01,4.4,4.12,,,,
627,96380340,11/4/2025,11:11:52,,,0.28,0.57,0.13,-1.38,4.78,4.21,4.63,4.99,-0.2,-0.13,0.08,-0.47,3.72,2.91,2.99,5.35, , , , , , , , ,-2.2, ,0.56, ,0.68,1.61,0.34,4.63,6.61,4.58,2.22,-1.97, ,5.28, ,0.66,2.4, ,4.64,4.59, , , ,-2.3, , ,1.82, ,0.15,3.72, ,-0.78,-0.53,2.19,3.51,0.95,1.14,1.09,5.54,4.89,4.07,2.79,-1.45, ,4.77, ,1.52,-0.61, ,4.27,2.99, , , ,0.69, , ,1.34,1.36,2.01,3.91,5.15,-10.97,-10.58,-10.18,13.69,15.31,15.29,3.66,1.3,4.96,3.57,,,,
628,96380332,11/4/2025,11:12:34,,,-0.54,0.22,-0.19,-3.31,4.61,4.48,2.33,7.28,-0.92,-1.11,0.37,-1.88,3.99,3.84,3.32,7.49, , , , , , , , ,-1.46,-1.68,0.27,3.66,0.32,1.52,0.55,4.95,6.24,4.94,2.63,-1.8, ,5.24, ,0.79,0.87, ,4.31,3.83, , , ,-2.99, , ,1.73, ,0.03,3.74, ,-1.38,-0.64,2.47,3.56,0.6,1.4,0.86,5.77,5.1,4.12,1.88,-2.13, ,5.22, ,1.55,-0.79, ,4.34,3.06, , , ,0.38, , ,2.4,1.14,2.17,4.3,4.76,-11.58,-10.62,-10.51,13.97,15.35,15.34,3.86,2.09,5.01,4.27,,,,
629,96380324,11/4/2025,11:13:16,,,0.06,0.44,-0.06,-1.96,4.94,3.9,4.74,4.75,-0.58,-0.24,0.13,0.09,4.15,2.82,3.02,4.4, , , , , , , , ,-1.79,-1.18,-0.11,3.03,0.52,1.85,0.06,5.35,6.7,4.96,3.05,-1.25, ,4.36, ,1.01,0.89, ,4.48,5.17, , , ,-2.28, , ,0.41, ,0.43,3.59, ,0.54,-0.62,1.58,2.35,0.42,0.89,1.16,4.68,4.55,3.28,4.1,0.8, ,6.01, ,2.5,-1.74, ,5.64,3.89, , , ,0.02, , ,1.17,1.38,1.98,3.65,4.99,-11.44,-10.11,-10.24,14.53,15.57,15.95,3.46,1.92,4.81,4.38,,,,
630,96380316,11/4/2025,11:14:00,,,-0.1,0.23,-0.63,-2.51,4.99,4.13,2.23,7.31,-1.56,-1.52,-0.18,-2.13,4.35,4.23,3.18,7.56, , , , , , , , ,-3.32,-1.58,0.93,3.67,0.56,1.86,0.58,4.53,6,4.35,2.08,-3.45, ,5.3, ,0.57,2.32, ,4.32,4.83, , , ,-2.72, , ,1.98, ,0.38,3.81, ,0.08,-0.45,2.58,2.71,0.9,1.18,1.14,5.02,4.46,3.16,2.66,-1.25, ,5.57, ,1.65,-0.49, ,5.16,4.3, , , ,2.1, , ,1.28,1.41,2.33,3.81,5.08,-11.72,-10.94,-10.77,14.72,15.04,15.79,3.84,1.72,4.59,4.28,,,,
631,96380290,11/4/2025,11:14:42,,,-0.14,0.43,-0.21,-2.49,4.33,3.69,0.84,6.55,-0.92,-1.03,0.17,-2.13,4.24,4.44,2.84,7.76, , , , , , , , ,-2.41,-1.5,0.27,3.68,0.61,1.43,0.69,4.78,6.49,4.96,2.26,-2.57, ,3.83, ,0.68,1.32, ,3.76,4.36, , , ,-1.44, , ,0.65, ,0.66,3.81, ,-2.48,-0.39,4.48,3.83,0.58,1.32,1.08,4.49,4.6,4.51,0.74,-2.25, ,5.06, ,1.47,-0.2, ,4.68,4.2, , , ,-0.88, , ,2.24,0.9,1.32,3.98,4.42,-11.43,-10.55,-10.42,14.12,14.8,15.29,3.33,1.44,4.65,4.37,,,,
632,96380308,11/4/2025,11:15:24,,,-0.26,-0.39,-0.26,-3.67,4.18,3.33,3.49,6.08,-1.85,-0.56,0.54,-1.41,4.8,4.4,3.35,7.23, , , , , , , , ,-3.2,-1.93,0.32,3.6,0.35,1.47,0.64,4.67,6.27,4.39,2.61,-2.88, ,5.07, ,0.72,1.93, ,4.35,4.73, , , ,-3.15, , ,1.43, ,0.21,3.83, ,-0.93,-0.93,2.17,2.73,0.39,1.19,0.74,4.95,4.66,3.53,2.53,-2.16, ,7.31, ,1.9,-0.29, ,5.37,3.01, , , ,1.07, , ,2.34,0.98,1.79,3.62,4.39,-11.69,-10.34,-10.37,14.24,15.04,15.3,3.22,1.77,4.5,4.52,,,,
633,96380282,11/4/2025,11:16:16,,,0.21,-0.02,0.25,-2.02,4.69,4.02,4.61,4.91,-0.04,-0.2,0.11,-0.36,3.4,2.9,3.27,5.19, , , , , , , , ,-3.33,-2.27,1.53,3.58,1.0, ,0.47,4.44, ,4.36,1.24,-3.58, ,5.69, ,0.34,1.63, ,5.02,4.86, , , ,-2.04, , ,2.47, ,0.1,3.92, ,-2.95,-0.96,3.19,3.69,0.67,1.52,0.78,4.79,5.13,4.12,2.42,-1.36, ,5.56, ,1.81,-1.26, ,4.95,3.34, , , ,-2.29, , ,2.47,0.68,0.62,4.11,4.29,-11.61,-10.69,-10.62,14.8,15.4,15.76,3.61,1.15,4.7,3.88,,,,
634,96380266,11/4/2025,11:23:20,,,-0.09,0.05,-0.37,-3.27,4.37,3.91,2.98,7.15,-0.18,-0.51,0.73,-1.28,4.53,4.52,3.1,7.42, , , , , , , , ,-2.32,-2.12,-0.01,3.14,0.41,1.84,0.38,5.22,6.44,4.35,3.01,-1.52, ,4.76, ,0.92,0.93, ,4.57,4.52, , , ,-3.02, , ,1.21, ,-0.09,3.67, ,-2.38,-0.76,3.13,3.34,0.51,1.58,0.68,4.84,4.4,3.82,2.13,-2.28, ,5.24, ,1.63,-0.28, ,4.2,3.55, , , ,-0.94, , ,1.57,1.02,1.25,3.92,4.57,-11.36,-10.63,-10.28,14.2,15.56,15.6,3.22,1.49,5.1,3.68,,,,
635,96380241,11/4/2025,11:24:02,,,-0.39,-0.25,-0.4,-2.27,4.68,4.26,4.45,5.13,0.25,-0.23,-0.03,-0.05,3.84,2.89,3.15,4.59, , , , , , , , ,-2.38,-1.49,0.45,3.67,0.7,1.22,0.56,5.95,6.82,4.89,2.57,-1.66, ,5.61, ,0.78,0.89, ,4.19,4.12, , , ,-3.16, , ,1.83, ,0.03,3.92, ,-3.43,-0.65,4.53,3.95,0.35,1.16,1.03,5.22,5.04,4.62,1.17,-2.37, ,6.11, ,1.47,-0.07, ,4.6,3.74, , , ,-0.98, , ,2.66,0.61,0.59,3.6,3.57,-11.21,-10.41,-10.27,14.65,15.17,15.59,3.48,1.08,4.49,3.99,,,,
636,96379938,11/4/2025,11:24:44,,,-0.64,0.07,-0.33,-3.65,4.59,4.25,4.2,7.23,-0.44,0.03,0.66,-1.37,4.26,4.23,3.29,7.97, , , , , , , , ,-1.92,-1.53,0.72,3.39,0.62,1.3,0.89,4.57,6.19,4.53,2.12,-1.87, ,5.3, ,0.69,1.02, ,4.38,4.47, , , ,-2.68, , ,1.45, ,0.02,3.58, ,-1.96,-0.41,4.26,3.9,0.87,1.49,0.78,4.59,5.06,4.43,1.29,-1.96, ,5.27, ,1.46,-0.1, ,4.55,4.39, , , ,-0.96, , ,2.31,0.94,1.25,3.68,4.27,-11.19,-10.18,-10.08,14.51,15.05,15.43,3.44,1.1,4.36,4.17,,,,
637,96380258,11/4/2025,11:25:26,,,-0.81,-0.39,-0.39,-2.89,4.5,4.66,4.98,5.46,-0.19,-0.39,0.13,-0.24,3.33,2.8,3.04,5.15, , , , , , , , ,-3,-1.58,0.89,3.59,0.6,1.15,0.6,5.16,6.85,5.51,1.74,-2.03, ,4.8, ,0.72,1.69, ,3.8,4.74, , , ,-3.61, , ,1.68, ,0.14,3.85, ,-1.64,-0.47,2.82,3.61,0.87,1.04,0.76,4.64,4.93,4.49,2.39,-2.1, ,5.72, ,1.72,-0.4, ,4.57,3.62, , , ,-0.3, , ,2.26,0.97,1.52,4.0,4.55,-11.24,-10.22,-10.11,14.29,15.1,15.55,3.24,0.97,4.2,3.87,,,,
638,96379912,11/4/2025,11:26:08,,,-0.11,0.38,-0.02,-2.97,4.2,3.8,0.66,7.11,-1.0,-1.1,0.23,-2.16,4.3,4.47,3.33,8.22, , , , , , , , ,-2.72,-1.63,0.84,3.63,0.6,1.3,0.86,5.21,6.14,4.45,2.1,-2.52, ,6.05, ,0.77,1.5, ,4.77,5.08, , , ,-2.93, , ,1.81, ,-0.09,3.53, ,-1.5,-0.36,3.46,3.64,0.65,1.12,0.9,5.24,4.79,4.22,2.54,-1.09, ,5.59, ,1.81,-0.73, ,4.49,3.4, , , ,-0.13, , ,1.47,1.05,1.29,3.68,4.38,-11.38,-10.44,-10.22,14.18,15.31,15.64,3.56,1.54,4.4,3.87,,,,
639,96380233,11/4/2025,11:26:51,,,0.3,-0.31,-0.16,-2.17,5.09,4.24,5.04,5.25,-0.47,-1.13,-0.07,-0.81,3.64,2.73,3.22,5.63, , , , , , , , ,-3.36, ,0.44, ,0.84,1.39,0.49,5.06,6.61,4.55,2.3,-2.45, ,4.66, ,0.7,1.67, ,4.01,4.55, , , ,-3.56, , ,1.09, ,-0.23,3.63, ,-1.64,-0.37,3.88,3.94,0.8,1.57,1.05,4.51,4.89,4.66,1.4,-3.43, ,4.79, ,1.44,0.69, ,4.54,4.06, , , ,1.71, , ,2.19,1.25,2.21,3.71,4.43,-11.43,-10.91,-10.49,14.71,14.66,15.32,3.93,1.44,4.28,4.65,,,,
640,96379946,11/4/2025,11:27:33,,,-0.25,0.05,-0.4,-2.08,4.6,4.66,5.03,5.43,0.0,-1.12,-0.36,-1.82,3.6,2.96,3.22,5.45, , , , , , , , ,-4.48,-1.77,1.93,4.41,0.84,1.79,0.11,4.36,6.77,5.65,0.25,-4.39, ,5.35, ,0.39,3.43, ,3.82,4.88, , , ,-2.4, , ,1.46, ,0.29,3.5, ,-0.7,-0.92,2.18,3.85,0.67,1.68,0.28,4.62,4.58,5.06,3.69,-0.41, ,6.18, ,2.35,-0.89, ,4.14,2.07, , , ,-1.38, , ,2.87,0.68,0.85,4.09,4.46,-11.52,-10.47,-10.12,14.18,14.81,15.1,3.45,2.0,4.16,4.42,,,,
641,96379920,11/4/2025,11:28:15,,,-0.08,-0.1,-0.33,-4.0,4.21,4.26,3.45,7.81,-1.1,-1.37,0.15,-1.73,4.07,4.19,2.78,6.95, , , , , , , , ,-2.07,-1.36,0.99,3.64,0.74,1.5,0.62,4.96,6.04,4.59,1.99,-1.51, ,6.07, ,0.66,2.13, ,4.7,4.78, , , ,-3.33, , ,2.28, ,0.06,3.73, ,-0.53,-0.38,2.15,2.89,0.42,1.43,0.89,4.84,4.58,3.78,3.37,-1.5, ,5.57, ,1.92,-1.0, ,4.62,3.46, , , ,1.16, , ,1.73,1.25,2.3,4.03,4.82,-11.38,-10.67,-10.4,13.95,15.03,15.22,3.79,1.34,4.65,3.66,,,,
642,96379888,11/4/2025,11:28:57,,,-0.1,0.22,-0.03,-2.17,5.04,4.95,5.32,5.92,0.0,-0.7,-0.15,-0.41,3.45,2.63,3.21,5.15, , , , , , , , ,-2.84,-1.43,1.55,3.92,0.85,1.39,0.57,4.44,6.82,5.13,1.32,-2.59, ,5.55, ,0.59,2.91, ,4.3,5.09, , , ,-2.73, , ,2.14, ,0.12,3.73, ,-2.31,-0.72,2.33,3.57,0.71,1.36,0.67,4.64,5.22,4.29,2.29,-1.71, ,5.89, ,1.54,-1.4, ,4.67,2.89, , , ,-1.16, , ,2.7,0.75,0.97,3.83,4.13,-11.41,-10.27,-10.32,14.53,15.05,15.35,3.37,1.18,4.05,4.14,,,,
643,96379904,11/4/2025,11:29:40,,,-0.39,-0.19,-0.23,-2.88,4.96,5.37,5.37,6.31,-0.08,-0.9,-0.18,-0.68,2.9,2.33,3.0,5.73, , , , , , , , ,-3.22,-2.04,0.46,3.56,0.76,1.51,0.36,5.33,6.72,4.64,2.43,-2.5, ,5.24, ,0.68,1.6, ,4.48,4.75, , , ,-2.69, , ,1.47, ,0.21,3.75, ,1.6,-0.31,0.17,2.82,0.39,1.28,0.78,5.53,5.03,3.82, ,0.44, ,7.45, ,2.7,-1.45, ,5.31,1.68, , , ,0.72, , ,1.57,1.27,2.12,3.6,4.62,-10.98,-10.63,-10.1,14.38,14.84,15.32,4.05,1.13,4.14,4.19,,,,
644,96379862,11/4/2025,11:31:07,,,0.2,-0.62,-0.23,-2.58,5.12,4.51,4.9,5.21,0.2,-0.65,0.12,-0.72,3.59,2.8,2.96,5.12, , , , , , , , ,-2.29,-1.5,0.81,3.69,0.98,1.31,0.93,4.27,6.79,4.68,2.19,-1.2, ,4.52, ,0.81,0.68, ,4.22,4.29, , , ,-3.16, , ,1.45, ,-0.22,4.04, ,-2.8,-0.62,2.49,3.86,0.72,0.97,0.81,4.54,4.83,4.26,1.98,-2.54, ,6.21, ,1.59,0.04, ,4.78,3.17, , , ,-0.33, , ,1.61,1.05,1.75,3.69,4.59,-11.5,-10.26,-10.26,13.56,15.84,15.27,3.31,1.7,5.15,3.55,,,,
645,97058077,11/4/2025,11:31:49,,,0.18,0.72,0.09,-1.25,4.72,3.62,4.15,4.79,-0.43,-0.99,-0.22,-0.63,3.64,3.14,3.12,5.13, , , , , , , , ,-2.7,-2,0.82,3.52,0.96,1.78,0.1,4.85,7.21,5.25,1.79,-1.77, ,4.43, ,0.76,1.16, ,4.12,4.55, , , ,-2.87, , ,0.77, ,0.0,3.62, ,-1.44,-0.67,2.52,3.68,0.57,1.53,0.84,4.32,4.8,4.25,2.43,-2.23, ,6.42, ,1.96,-0.21, ,5.0,2.96, , , ,0.78, , ,1.91,1.18,2.04,3.59,4.12,-11.84,-10.6,-10.61,14.69,14.8,15.48,3.39,1.46,3.93,4.33,,,,
646,96380027,11/4/2025,11:32:31,,,-0.18,-0.51,-0.22,-3.11,5.1,4.53,5.04,5.62,0.85,-0.44,0.21,-0.41,3.56,2.73,2.72,5.25, , , , , , , , ,-2.71,-1.69,0.68,3.45,1.18,0.94,0.79,5.25,6.88,4.99,2.39,-2.32, ,5.43, ,0.52,2.22, ,4.49,3.98, , , ,-2.63, , ,2.37, ,0.12,3.95, ,-0.66,-0.58,2.04,3.33,0.31,1.14,0.57,4.73,5.45,4.12,3.55,-1.18, ,6.63, ,2.37,-0.45, ,5.07,2.35, , , ,0.45, , ,1.87,1.46,2.5,3.98,4.68,-11.03,-10.69,-10.31,14.37,15.6,15.78,3.73,1.51,4.87,3.82,,,,
647,96380001,11/4/2025,11:33:13,,,-0.03,0.35,-0.18,-3.1,4.56,4.28,2.54,7.67,-1.67,-1,-0.17,-1.81,4.22,4.66,3.8,7.79, , , , , , , , ,-1.46,-1.77,-0.21,3.1,0.44,1.68,0.37,5.3,6.35,4.18,3.66,-0.7, ,6.57, ,1.05,1.31, ,5.31,3.69, , , ,-3.44, , ,2.33, ,-0.76,3.3, ,-1.13,-0.39,2.29,3.75,0.37,0.9,1.21,5.3,5.12,4.27,3.09,-0.98, ,6.5, ,1.96,-0.85, ,4.43,2.05, , , ,0.19, , ,1.44,1.17,1.84,3.75,4.53,-11.23,-10.48,-10.33,14.52,15.56,15.67,3.96,0.69,4.2,4.31,,,,
648,96380571,11/4/2025,11:33:56,,,-0.22,0.3,-0.18,-3.46,4.66,4.21,2.74,7.31,-1.17,-1,0.07,-2.06,4.75,4.48,3.49,7.95, , , , , , , , ,-2.44,-1.78,0.66,3.7,0.8,1.49,0.67,4.78,6.32,4.7,2.31,-1.59, ,6.38, ,0.77,0.65, ,4.74,3.93, , , ,-3.25, , ,2.36, ,-0.11,3.37, ,-1.82,-0.92,3.16,3.35,0.51,1.17,0.51,4.69,4.35,3.76,2.05,-2.28, ,6.64, ,1.63,0.1, ,5.22,3.71, , , ,0.24, , ,2.1,1.22,1.9,3.73,4.32,-11.37,-10.69,-10.44,14.59,14.8,15.37,3.88,1.56,4.48,4.59,,,,
649,96380555,11/4/2025,11:34:38,,,-0.44,-0.18,-0.6,-2.06,4.79,4.08,4.9,4.7,-0.47,-1.02,0.13,-0.78,4.0,2.67,3.01,4.9, , , , , , , , ,-2.78,-2.2,0.78,3.6,0.6,2.57,-0.18,4.79,6.97,5.22,2.29,-1.99, ,5.75, ,0.66,0.85, ,4.67,4.3, , , ,-3.36, , ,2.38, ,-0.57,3.89, ,0.38,-0.17,1.43,2.68,0.56,1.08,1.16,5.4,4.61,3.4,4.49,1.0, ,7.1, ,2.31,-2.34, ,5.92,2.34, , , ,-0.78, , ,2.01,0.9,1.27,3.98,4.61,-11.46,-10.38,-10.25,14.83,15.19,15.69,3.54,1.74,3.99,4.35,,,,
650,96379870,11/4/2025,11:45:16,,,0.34,-0.7,0.35,-3.13,4.84,4.5,4.46,5.93,-1.09,-0.2,0.35,-0.07,3.79,3.06,3.04,4.94, , , , , , , , ,-1.44,-1.29,0.98,3.52,0.69,1.66,0.81,5.14,6.9,4.82,2.44,0.07, ,4.38, ,0.94,0.44, ,4.24,4.57, , , ,-3.09, , ,0.9, ,-0.04,3.65, ,-2.07,-0.68,2.57,3.67,1.05,1.29,1.19,4.43,4.69,4.25,2.54,-1.99, ,4.85, ,1.68,-0.78, ,3.83,2.88, , , ,-0.61, , ,1.48,0.93,1.21,4.33,5.3,-11.14,-10.46,-10.11,14.9,14.98,15.41,4.0,1.21,4.09,4.34,,,,
651,96380035,11/4/2025,11:46:40,,,0.29,0.6,0.65,-2.15,5.4,4.3,4.94,5.16,-0.07,-0.72,0.35,-1.57,3.64,2.29,2.84,6.0, , , , , , , , ,-3,-2.36,1.51,3.43,0.21,0.97,0.35,4.57,4.54,4.87,1.31,-2.6, ,6.02, ,0.44,1.46, ,4.84,4.32, , , ,-3.45, , ,2.44, ,-0.52,3.9, ,-3.31,-0.59,4.13,3.63,0.46,0.77,1.14,4.56,5.13,4.54,1.05,-2.78, ,5.07, ,1.47,0.49, ,4.74,4.63, , , ,-0.44, , ,1.9,0.83,1.02,3.5,4.09,-11.15,-11.08,-10.53,14.8,15.18,15.6,4.04,0.87,4.49,4.35,,,,
652,96380019,11/4/2025,11:50:10,,,0,-0.24,-0.17,-2.9,4.56,4.32,4.55,5.72,-1.17,-1.51,-0.65,-1.61,3.83,2.96,3.08,4.84, , , , , , , , ,-1.3,-1.73,-0.32,3.59,0.64,1.69,0.18,5.48,7.21,4.81,3.34,-1.69, ,5.9, ,0.72,1.17, ,4.91,3.24, , , ,-2.71, , ,2.48, ,0.06,4.08, ,-2.4,-0.52,2.81,3.27,0.84,1.37,1.05,4.54,5.16,4.39,2.57,-2.86, ,5.0, ,1.52,0.24, ,4.15,3.46, , , ,0.38, , ,1.73,1.1,1.63,4.03,4.87,-11.46,-10.54,-10.26,14.72,15.59,15.63,3.69,1.25,4.94,4.53,,,,
653,96380522,11/4/2025,11:50:52,,,-0.82,-1.47,-1.38,-3.47,5.22,5.17,5.53,6.31,-0.35,1.69,1.18,0.63,3.81,2.14,2.94,5.14, , , , , , , , ,-1.69,-1.28,0.41,3.76,0.77,1.46,0.44,5.45,7.04,4.66,2.56,-0.56, ,5.13, ,0.98,0.84, ,4.4,4.11, , , ,-4.33, , ,1.8, ,-0.27,3.89, ,-1.72,-0.63,2.55,3.59,0.73,1.33,0.75,4.55,4.94,4.5,2.95,-1.87, ,6.77, ,1.7,-0.23, ,4.53,2.7, , , ,-0.71, , ,2.62,0.96,1.44,3.75,4.23,-11.3,-10.18,-10.08,14.7,14.58,15.12,3.37,1.66,4.02,4.88,,,,
654,96380589,11/4/2025,11:51:34,,,-0.68,0.28,-0.29,-1.72,5.37,4.54,5.12,5.48,-0.82,0.64,0.46,-0.15,3.84,2.73,3.23,5.63, , , , , , , , ,-3.21,-2.59,0.76,3.01,0.43,1.01,-0.03,4.21,5.13,4.48,2.22,-3.49, ,5.39, ,0.33,2.85, ,4.97,4.66, , , ,-2.35, , ,2.47, ,0.33,3.97, ,0.56,-0.42,1.35,3.0,0.87,1.22,1.23,5.54,5.26,3.83,4.08,-0.43, ,7.41, ,2.38,-1.2, ,4.47,2.15, , , ,0.26, , ,1.88,1.11,1.77,3.77,4.59,-11.1,-10.46,-10.1,14.66,15.15,15.57,3.98,1.45,4.55,4.08,,,,
655,96380530,11/4/2025,11:52:39,,,-0.41,-0.32,-0.22,-2.91,4.72,4.09,4.61,5.47,-1.04,-0.34,-0.09,-0.13,3.98,2.84,3.18,4.71, , , , , , , , ,-0.11,-1.87,-0.67,2.92,0.85,1.72,0.61,6.02,6.97,4.35,4.36,-0.31, ,5.88, ,1.57,1.11, ,5.46,4.05, , , ,-3.01, , ,2.07, ,-0.12,3.64, ,-2.13,-0.87,1.24,2.93,1.08,1.08,1.09,5.47,5.52,4.35,3.17,-0.55, ,6.12, ,2.09,-1.59, ,4.79,2.76, , , ,-1.82, , ,1.99,0.76,0.47,3.62,4.32,-11.09,-10.4,-10.22,14.82,15.06,15.35,4.32,1.62,4.44,4.54,,,,
656,96380506,11/4/2025,11:53:21,,,0.32,-0.07,0.14,-2.82,5.16,3.91,4.4,6.71,-0.91,-1,-0.32,-1.99,4.36,4.27,3.77,8.45, , , , , , , , ,-2.62,-1.68,0.56,3.98,0.49,1.09,0.48,5.22,6.37,4.56,2.67,-1.3, ,5.33, ,0.8,1.13, ,4.14,3.96, , , ,-3.43, , ,1.8, ,-0.4,3.82, ,-1.5,-0.91,2.46,3.33,0.75,1.5,0.62,4.99,4.77,3.77,3.36,-0.72, ,6.95, ,2.18,-0.79, ,5.24,2.77, , , ,-1.95, , ,2.63,0.61,0.55,3.49,3.79,-10.79,-10.45,-9.99,14.05,15.34,15.21,4.55,1.38,4.84,3.84,,,,
657,96379961,11/4/2025,11:54:21,,,-0.14,0.76,-0.24,-2.0,5.05,3.61,4.1,6.51,-1.45,-1.47,0.07,-1.69,4.94,4.63,3.79,7.85, , , , , , , , ,-3.63,-2.25,1.08,3.52,0.36,0.61,0.01,4.3,3.23,4.57,1.13,-2.9, ,4.19, ,0.53,2.72, ,4.33,5.62, , , ,-2.69, , ,0.86, ,0.42,3.67, ,-3.14,-0.63,3.85,3.81,0.65,1.49,1.25,4.88,4.65,3.96,1.58,-2.14, ,5.48, ,1.48,-0.57, ,4.51,4.39, , , ,-0.11, , ,1.74,1.11,1.21,3.42,4.18,-11.18,-10.01,-10.33,14.43,15.95,15.62,3.31,1.54,4.77,4.22,,,,
658,96380563,11/4/2025,11:55:15,,,-0.58,-0.36,-0.61,-3.96,4.45,4.3,3.96,7.28,-1.46,-1.13,0.17,-1.45,4.48,4.31,2.99,7.4, , , , , , , , ,-2.89,-2.11,0.48,3.25,0.84,1.39,0.4,4.84,6.52,4.57,2.34,-2.81, ,5.83, ,0.49,1.94, ,5.14,4.75, , , ,-2.95, , ,2.08, ,-0.23,3.5, ,-2.74,-1.07,2.94,3.63,0.79,1.59,0.74,5.22,4.87,3.87,2.32,-2.37, ,4.76, ,1.5,-0.93, ,4.17,3.5, , , ,-0.39, , ,1.94,0.99,1.36,3.89,4.63,-11.25,-10.5,-10.31,14.57,15.72,15.59,4.27,2.21,4.81,4.19,,,,
659,96379979,11/4/2025,11:55:57,,,0.32,-0.1,-0.27,-1.54,4.73,3.93,4.49,5.0,-0.69,0.51,0.22,0.38,4.09,3.1,3.54,5.02, , , , , , , , ,-2.1,-1.82,0.54,3.52,1.11,1.85,0.36,4.94,7.03,5.08,2.05,-1.88, ,5.31, ,0.63,1.45, ,4.65,4.38, , , ,-3.93, , ,1.71, ,-0.29,3.77, ,-1.76,-0.64,2.44,3.69,0.84,1.4,1.06,4.46,4.84,4.06,2.4,-2.36, ,5.58, ,1.47,-0.81, ,4.09,3.32, , , ,0.19, , ,1.9,0.96,1.38,3.74,4.33,-11.43,-10.35,-10.47,14.37,15.24,15.51,3.84,1.52,4.42,4.32,,,,
660,96380548,11/4/2025,11:56:40,,,-0.54,1.1,0.11,-0.38,5.41,3.65,4.37,3.83,-0.6,-0.65,-0.23,-0.53,4.07,3.03,3.3,4.82, , , , , , , , ,-2.08,-2.81,-0.12,2.73,1.04,1.69,-0.13,5.3,6.31,4.66,3.49,-1.96, ,6.45, ,0.79,0.96, ,5.2,4.05, , , ,-3.43, , ,2.83, ,-0.36,3.83, ,-2.62,-0.83,2.77,3.26,0.82,1.11,1.12,4.55,4.41,3.78,1.74,-3.29, ,6.4, ,1.33,0.54, ,4.88,4.83, , , ,1.27, , ,1.47,1.05,1.8,3.5,4.25,-11.14,-10.22,-10.11,15.19,15.98,16.2,3.9,0.79,3.81,4.34,,,,
661,96379995,11/4/2025,11:57:22,,,-0.16,0.06,-0.22,-2.76,4.17,3.81,3.64,7.23,-1.16,-1.73,-0.68,-2.25,3.91,3.94,2.95,7.5, , , , , , , , ,-1.58,-1.87,-0.24,2.74,0.07,1.6,-0.07,5.0,6.5,4.73,3.43,-1.14, ,4.92, ,1.1,0.66, ,4.62,4.2, , , ,-2.83, , ,1.6, ,0.12,3.78, ,-2.43,-0.73,2.12,3.75,0.27,1.36,0.84,5.98,5.09,4.3,1.44,-3.55, ,5.28, ,1.3,0.1, ,3.87,3.48, , , ,1.93, , ,1.35,1.3,2.13,3.63,4.76,-12.19,-10.43,-10.66,14.52,15.11,15.45,3.52,1.7,4.36,4.39,,,,
662,96379987,11/4/2025,11:58:04,,,-0.04,-0.61,-0.41,-3.52,5.22,4.0,4.16,7.12,0.08,-0.51,0.55,-0.91,3.98,4.18,2.88,7.63, , , , , , , , ,-1.01,-2.09,-0.15,3.04,0.43,2.01,0.31,4.91,6.21,3.63,3.11,-0.48, ,4.85, ,0.99,0.14, ,4.48,3.93, , , ,-3.79, , ,1.07, ,0.14,4.1, ,-1.86,-0.79,2.57,3.5,0.19,1.72,0.47,5.01,4.65,3.92,2.22,-2.38, ,6.27, ,1.59,-0.78, ,4.9,3.28, , , ,0.26, , ,1.99,0.99,1.53,3.56,4.38,-11.24,-10.65,-10.5,14.02,15.14,15.35,4.28,1.55,5.07,3.94,,,,
663,96380274,11/4/2025,12:00:10,,,-0.07,-0.21,-0.41,-3.3,4.49,3.58,4,6.95,-0.86,-1.12,0.16,-1.57,4.4,4.6,3.5,7.55, , , , , , , , ,-2.52,-1.61,1.73,3.99,1.31,1.47,0.78,4.47,6.5,4.81,0.98,-1.92, ,5.12, ,0.59,1.32, ,4.12,5.13, , , ,-2.68, , ,1.47, ,0.1,3.49, ,1.24,-0.4,-0.26,2.82,0.64,1.67,0.75,5.64,4.75,3.45, ,0.86, ,8.09, ,2.58,-2.11, ,5.6,2.12, , , ,-0.19, , ,2.03,0.89,1.36,3.62,4.46,-11.91,-10.46,-10.68,13.87,15.13,15.24,3.4,1.67,4.58,4.69,,,,
664,96380514,11/4/2025,12:01:40,,,0.59,0.56,0.31,-1.32,5.24,3.83,4.24,5.12,-0.17,-0.22,-0.23,-0.02,3.67,3.04,3.07,5.41, , , , , , , , ,-4.21,-2.46,-0.05,3.42,0.61,1.66,-0.25,5.17,6.99,4.87,2.17,-3.6, ,4.59, ,0.58,2.79, ,4.47,4.59, , , ,-3.75, , ,1.16, ,-0.29,3.53, ,-0.6,-0.49,2.19,2.97,0.48,1.7,0.89,4.15,4.24,4.18,3.57,-0.88, ,6.52, ,1.77,-1.79, ,5.37,2.74, , , ,0.07, , ,2.36,0.83,1.33,3.98,4.31,-11.61,-10.47,-10.56,14.52,15.08,15.33,3.58,1.34,3.94,4.98,,,,
665,97057285,11/4/2025,12:04:29,,,-0.06,-0.17,-0.63,-2.0,5.17,4.03,4.68,4.47,-0.03,0.38,0.26,1.11,3.7,2.49,2.8,4.47, , , , , , , , ,-2.83,-2.23,0.12,2.79,1.34,1.87,0.21,4.43,6.77,4.3,2.81,-3.08, ,6.14, ,0.49,2.01, ,5.5,4.35, , , ,-4.07, , ,2.64, ,-0.12,3.69, ,-1.77,-0.05,3.24,3.54,0.09,0.71,1.15,4.73,5.0,4.5,1.72,-2.42, ,4.52, ,1.31,-0.75, ,4.13,3.23, , , ,0.7, , ,1.32,1.3,2.08,3.84,4.72,-11.18,-10.23,-10.08,15.01,15.03,15.41,3.83,1.56,4.29,4.64,,,,
666,97057277,11/4/2025,12:05:10,,,-0.04,0.26,-0.02,-1.74,5.37,4.64,5.11,5.81,0.04,-0.8,-0.04,-0.52,3.12,2.69,2.71,5.55, , , , , , , , ,-1.85,-1.7,-0.17,3.27,0.94,1.56,0.14,5.57,7.17,4.74,2.89,-1.86, ,4.68, ,0.91,1.95, ,4.78,4.46, , , ,-2.49, , ,1.37, ,0.94,3.65, ,-2.88,-0.76,2.44,3.24,0.51,1.08,0.75,4.78,5.38,4.44,2.02,-3.17, ,4.35, ,1.33,-0.18, ,3.99,4.42, , , ,1.01, , ,1.51,1.37,2.2,4.09,5.18,-11.45,-9.98,-10.32,14.35,15.06,15.17,3.65,1.02,4.75,4.14,,,,
667,97057269,11/4/2025,12:05:52,,,0.45,0.43,0.08,-0.83,4.56,3.55,3.97,4.72,0.05,-0.57,-0.33,-0.16,3.59,3.27,3.14,5.08, , , , , , , , ,-1.23,-1.22,2.15,4.09,1.33,1.86,0.19,4.68,7.07,5.44,0.89,-1.29, ,4.17, ,0.65,2.36, ,4.48,5.65, , , ,-3.55, , ,1.46, ,0.42,3.55, ,-2.03,-0.5,2.36,3.32,0.38,1.01,0.71,4.18,5.08,4.38,1.91,-1.62, ,7.05, ,1.53,-1.0, ,4.99,4.0, , , ,-0.25, , ,2.45,0.75,0.99,3.91,4.33,-11.73,-10.18,-10.66,14.96,15.01,15.4,4.21,1.09,4.4,4.78,,,,
668,97046809,11/4/2025,12:06:34,,,-0.81,0.2,-0.68,-1.47,4.39,3.9,4.74,4.58,0.36,1.28,0.91,0.18,3.77,2.89,3.08,5.39, , , , , , , , ,-2.4,-1.55,0.14,3.32,0.54,1.4,0.56,4.88,6.57,4.98,2.71,-2.47, ,6.82, ,0.48,1.7, ,5.0,3.63, , , ,-3.36, , ,3.15, ,-0.35,3.92, ,-1.72,-0.76,2.48,3.19,0.36,1.11,0.86,4.86,4.88,3.95,2.44,-2.6, ,7.13, ,1.8,0.05, ,5.01,3.75, , , ,0.78, , ,2.07,1.04,1.82,3.78,4.29,-11.36,-10.01,-10.33,14.63,14.62,15.18,4.06,1.28,3.81,4.9,,,,
669,97057251,11/4/2025,12:07:16,,,0.7,1.37,-0.24,-0.75,4.66,4.16,4.87,5.05,-0.25,-1.01,-0.66,-0.3,3.51,2.55,3.1,4.81, , , , , , , , ,-3.7,-1.88,0.76,3.27,1.11,1.88,0.12,5.08,7.06,4.74,1.83,-3.72, ,4.85, ,0.49,2.7, ,4.44,5.2, , , ,-2.57, , ,1.64, ,0.85,3.67, ,-0.82,-0.41,2.19,3.66,0.3,1.45,0.65,5.68,5.55,4.24,2.82,-1.78, ,6.46, ,1.8,-1.12, ,4.11,2.45, , , ,0.6, , ,2.41,1.2,2.06,4.12,4.64,-11.26,-10.63,-10.37,15.4,14.96,15.55,4.34,1.44,4.23,5.09,,,,
670,97057244,11/4/2025,12:18:50,,,-0.67,0.37,-0.48,-1.83,5.36,4.74,5.37,5.65,-0.35,-0.96,-0.2,-1.02,2.75,2.35,3.24,5.88, , , , , , , , ,-2.28, ,0.57, ,0.73,1.6,0.4,5.21,6.79,5.08,2.21,-1.97, ,5.06, ,0.74,1.6, ,4.27,4.31, , , ,-2.94, , ,1.62, ,0.11,3.86, ,0.11,-0.3,1.73,2.16,0.35,1.09,0.74,4.81,5.2,3.98,3.55,-1.18, ,5.5, ,2.22,-0.97, ,4.69,3.22, , , ,1.39, , ,1.53,1.48,2.53,4.16,5.24,-11.29,-11.04,-10.73,14.66,14.68,15.23,4.14,1.75,4.34,4.32,,,,
671,97057236,11/4/2025,12:19:37,,,0.23,0.26,-0.29,-3.38,4.83,3.99,3.34,7.23,-0.44,-1.11,-0.16,-1.38,4.13,4.19,3.35,7.82, , , , , , , , ,-1.97,-1.54,0.06,3.57,0.23,1.18,0.25,5.43,6.72,4.74,2.58,-1.04, ,5.52, ,0.88,0.88, ,4.23,3.5, , , ,-3.8, , ,1.81, ,-0.28,3.9, ,-1.99,-0.68,1.0,3.22,0.37,1.61,0.33,5.51,4.7,4.26,1.21,-3.29, ,4.98, ,1.29,0.16, ,4.45,4.35, , , ,1.38, , ,1.99,1.16,2.11,3.78,4.64,-11.79,-10.84,-10.64,14.37,15.23,15.52,3.41,2.06,5.09,4.22,,,,
672,97057293,11/4/2025,12:20:19,,,0.23,-0.12,0.17,-3.5,4.69,4.07,3.08,7.42,-0.17,-0.33,0.19,-0.42,4.34,4.29,3.35,7.41, , , , , , , , ,-1.89,-1.76,0.94,3.73,0.84,1.37,0.48,4.89,6.62,4.56,1.77,-1.55, ,6.93, ,0.6,2.47, ,4.87,4.08, , , ,-3.52, , ,2.64, ,-0.47,3.63, ,-0.34,-0.91,2.19,3.23,-0.06,1.41,0.05,5.72,4.58,3.71,3.23,0.43, ,5.7, ,2.1,-2.19, ,4.65,3.4, , , ,-0.93, , ,1.7,0.93,1.06,3.94,4.83,-11.77,-10.44,-10.39,14.07,14.91,15.47,3.36,1.96,4.4,4.56,,,,
673,97056253,11/4/2025,12:46:54,,,0.19,0.43,-0.08,-1.63,5.24,4.48,5.04,5.24,-0.39,0.23,-0.48,0.66,3.75,2.75,3.28,5.0, , , , , , , , ,-2.73,-1.35,0.81,3.45,0.61,1.29,0.84,4.83,6.83,4.91,2.08,-1.75, ,3.66, ,0.66,1.26, ,4.34,5.42, , , ,-3.05, , ,0.47, ,0.49,3.62, ,-1.85,-0.54,3.15,4.04,0.73,1.86,1.02,4.65,4.84,4.55,1.88,-1.15, ,4.49, ,1.57,-0.07, ,4.15,4.21, , , ,-1.4, , ,3.53,0.64,1.27,4.19,3.83,-11.39,-10.68,-10.45,13.44,15.28,15.0,3.23,1.31,4.74,3.65,,,,
674,97047716,11/4/2025,12:47:36,,,-0.22,0.34,-0.63,-1.87,4.87,4.28,5.13,4.63,0.09,-0.97,-0.2,-1.12,3.35,2.55,2.7,4.95, , , , , , , , ,-1.55,-1.43,0.26,3.54,0.63,1.25,0.36,4.97,7.26,5.08,2.6,-0.85, ,6.28, ,0.76,1.63, ,5.47,4.42, , , ,-3.2, , ,1.99, ,-0.59,3.35, ,-2.2,-0.25,3.02,3.54,0.47,1.67,0.83,4.59,4.95,4.49,1.79,-2.31, ,5.08, ,1.41,-0.45, ,4.41,3.45, , , ,-0.53, , ,1.67,0.85,1.11,3.83,4.57,-11.63,-10.25,-10.39,14.89,14.73,15.47,4.13,1.2,3.78,4.46,,,,
675,96379896,11/4/2025,12:48:19,,,0.06,0.25,-0.01,-3.56,5.06,4.34,2.13,7.46,-1.17,-1.41,-0.14,-1.93,3.69,4.16,2.88,7.44, , , , , , , , ,-2.42,-2,0.16,3.42,0.51,1.16,0.41,4.8,6.06,3.81,2.76,-1.83, ,5.77, ,0.6,1.6, ,4.99,4.61, , , ,-3.46, , ,2.03, ,-0.3,3.76, ,-2.08,-0.7,2.86,3.7,0.43,1.66,0.58,4.88,4.91,4.76,2.25,-1.63, ,5.25, ,1.72,-0.28, ,3.94,2.95, , , ,-1.21, , ,2.43,0.64,1.04,3.94,4.31,-11.56,-11.04,-10.5,13.68,14.74,14.67,3.24,1.31,4.76,3.83,,,,
676,97047690,11/4/2025,12:49:00,,,0.7,0.8,-0.1,-1.4,4.95,3.92,4.82,4.9,-0.54,-0.81,0.17,-0.67,3.75,2.95,2.77,4.79, , , , , , , , ,-2.73,-1.74,0.63,3.44,0.69,1.25,0.63,5.36,7.27,4.86,2.13,-1.67, ,4.76, ,0.68,1.08, ,4.5,4.77, , , ,-2.65, , ,1.19, ,0.24,3.48, ,-1.47,-0.39,2.45,3.48,0.73,1.38,1.29,4.74,4.55,3.78,3.16,-0.18, ,6.23, ,2.0,-0.88, ,5.28,2.63, , , ,-1.97, , ,2.3,0.46,0.33,3.82,4.27,-11.06,-10.67,-10.3,13.98,15.32,15.32,3.79,1.24,4.21,3.86,,,,
677,97047682,11/4/2025,12:49:43,,,-0.32,-0.33,-0.7,-3.4,4.89,4.04,3.77,7.12,-0.59,-0.91,-0.24,-0.79,3.61,3.68,2.55,6.59, , , , , , , , ,-3.38,-1.78,1.67,3.8,0.76,1.5,0.83,4.43,6.72,4.89,1.09,-3.29, ,6.36, ,0.48,2.16, ,4.51,4.06, , , ,-2.93, , ,2.82, ,0.03,3.84, ,-2.25,-1.0,3.01,3.59,0.42,1.42,-0.12,4.37,4.52,4.0,2.33,-1.7, ,5.42, ,1.53,-0.89, ,4.57,3.94, , , ,-1.05, , ,1.47,0.73,0.76,3.9,4.57,-11.75,-10.54,-10.2,14.42,15.21,15.7,3.61,2.15,4.07,4.35,,,,
678,97056139,11/4/2025,12:50:25,,,-0.36,-0.24,-0.89,-2.53,4.85,4.63,4.87,6.07,-1.42,-1.4,-0.55,-0.5,4.15,2.94,2.73,4.74, , , , , , , , ,-0.98,-1.67,0.11,3.25,1.18,1.73,0.18,5.47,6.83,5.0,2.74,-0.89, ,6.46, ,0.74,1.5, ,5.15,3.76, , , ,-3.06, , ,2.47, ,-0.31,3.49, ,-2.22,-0.69,3.03,3.85,1.03,0.82,1.17,4.58,4.88,4.78,2.31,-1.19, ,4.81, ,1.57,-1.43, ,4.34,3.54, , , ,-2.04, , ,1.97,0.64,0.57,3.81,4.47,-11.05,-10.12,-9.81,14.46,15.12,15.63,3.42,1.34,4.55,3.99,,,,
679,97056121,11/4/2025,12:51:07,,,-0.57,0.8,-0.71,-0.62,4.37,3.86,4.23,4.52,-1.83,-0.48,0.02,-0.35,3.79,3.38,3.33,5.09, , , , , , , , ,-3.02,-2.02,1.72,3.89,0.75,1.52,0.25,4.52,7.12,5.55,0.83,-2.27, ,4.57, ,0.57,2.55, ,4.18,5.57, , , ,-3.03, , ,1.37, ,0.28,3.66, ,-1.49,-0.4,3.17,3.69,0.8,0.85,1.04,4.69,4.86,4.05,2.05,-1.73, ,5.17, ,1.41,-1.02, ,4.75,4.12, , , ,0.24, , ,1.58,1.0,1.75,3.83,4.59,-11.3,-10.68,-10.45,14.41,14.61,15.47,3.82,1.45,4.12,3.85,,,,
680,97056113,11/4/2025,12:51:49,,,-0.44,0.96,-0.79,-0.5,5.66,5.39,6.16,5.35,-1.87,-1.32,-0.45,-1.24,3.78,2.91,3.2,5.48, , , , , , , , ,-1.41,-1.89,-0.09,3.26,0.58,1.86,0.1,4.04,7.06,4.66,3.18,-0.65, ,5.53, ,0.88,0.39, ,4.99,3.22, , , ,-4.01, , ,1.58, ,-0.69,3.58, ,-2.71,-0.76,2.56,3.37,0.77,1.06,1.09,4.74,4.65,4.18,1.51,-2.99, ,4.91, ,1.28,-0.39, ,4.42,3.78, , , ,0.1, , ,1.11,1.17,1.83,3.82,4.91,-11.69,-10.56,-10.41,14.57,15.67,15.86,3.37,1.67,4.52,4.17,,,,
681,97056105,11/4/2025,12:52:32,,,0.75,0.14,-0.09,-3.62,5.29,4.47,2.57,7.83,-1.22,-1.39,0.23,-1.79,4.06,3.81,2.98,7.3, , , , , , , , ,-2.43,-1.52,-0.07,3.03,1.17,1.68,0.47,5.13,6.66,4.24,2.88,-1.3, ,5.41, ,0.81,1.18, ,5.0,4.26, , , ,-4.06, , ,1.41, ,-0.35,3.35, ,-0.87,-0.76,2.98,3.38,0.84,1.32,0.75,4.58,4.41,3.29,2.27,-0.98, ,7.3, ,1.58,-1.45, ,5.95,3.46, , , ,-0.1, , ,2.79,0.9,1.36,3.72,4.05,-11.55,-10.77,-10.45,13.91,15.36,15.32,3.2,1.65,4.99,3.78,,,,
682,97053086,11/4/2025,12:53:14,,,0.13,0.6,-0.87,-1.58,4.95,4.62,5.21,5.89,-1.06,-1.34,-0.81,-1.29,3.65,2.37,2.89,4.92, , , , , , , , ,-2.42,-1.35,1.72,3.98,1.3,1.87,0.19,4.78,6.86,5.05,0.67,-2.16, ,4.28, ,0.63,2.75, ,3.98,5.71, , , ,-2.39, , ,0.57, ,0.73,3.5, ,-2.24,-0.84,2.9,3.26,0.84,1.02,0.88,4.74,4.59,3.64,1.66,-2.83, ,6.48, ,1.43,-0.19, ,5.06,4.33, , , ,0.41, , ,2.21,1.05,1.86,3.59,4.09,-11.06,-10.52,-10.18,14.63,15.47,15.78,4.07,1.46,4.73,3.67,,,,
683,97053078,11/4/2025,12:56:41,,,0.03,0.59, ,-2.95,4.62,3.81, ,6.6,-1.45,-1.64,-0.54,-2.31,3.99,4.2,3.33,7.92, , , , , , , , ,-1.64,-1.18,0.65,3.6,0.6,1.34,0.64,3.91,6.14,4.69,2.0,-0.35, ,4.9, ,0.86,1.17, ,4.11,4.69, , , ,-3.64, , ,1.23, ,0.05,3.76, ,0.55,-0.31,1.29,2.68,0.74,1.12,0.86,5.35,4.44,3.02,4.18,0.67, ,7.08, ,2.28,-1.99, ,5.36,2.61, , , ,-1.0, , ,2.56,0.85,1.21,4.19,4.68,-11.14,-10.59,-10.12,13.91,14.7,15.14,3.55,1.0,4.73,4.41,,,,
684,97053060,11/4/2025,12:57:23,,,0.48,0.76,-0.9,-0.71,4.92,4.32,5.03,4.64,-0.97, ,-0.28,-1.02,3.78, ,3.3,5.26, , , , , , , , ,-2.28,-1.56,0.24,3.59,0.99,1.92,0.49,4.05,6.57,4.59,2.45,-2.01, ,5.68, ,0.67,1.06, ,4.8,4.37, , , ,-2.66, , ,2.01, ,0.06,3.5, ,-2.54,-0.84,2.61,3.02,0.98,1.11,1.09,5.0,4.56,3.74,2.29,-2.55, ,6.61, ,1.79,0.71, ,5.17,3.08, , , ,-0.95, , ,2.98,0.6,1.0,4.19,4.1,-11.83,-10.24,-10.29,14.27,15.22,15.35,3.23,1.8,4.46,4.52,,,,
685,97053052,11/4/2025,12:58:05,,,-0.05,0.79,-0.1,-1.57,4.59,3.96,4.74,4.51,-0.68,-0.93,-0.34,-0.4,3.99,3.37,3.9,5.13, , , , , , , , ,-2.02,-1.4,0.03,3.38,0.69,1.61,0.75,5.17,7.11,5.18,2.66,-1.21, ,3.86, ,0.87,0.49, ,4.24,5.2, , , ,-2.71, , ,0.08, ,0.84,3.25, ,-1.67,-0.73,2.7,3.31,0.73,1.34,0.67,4.32,4.77,4.31,2,-2.11, ,4.46, ,1.56,0.05, ,4.34,3.86, , , ,0.6, , ,1.3,1.36,1.93,3.75,4.65,-11.44,-10.48,-10.29,14.43,14.72,15.22,3.49,1.65,4.23,4.65,,,,
686,97053045,11/4/2025,12:58:47,,,0.56,-0.06,-0.15,-4.1,4.92,3.98,3.95,7.34,-1.69,-1.16,-0.02,-1.5,4.68,4.08,3.32,7.1, , , , , , , , ,-2.7,-1.61,1.43,3.85,0.86,1.4,0.64,5.44,7.35,5.26,1.08,-3.05, ,5.0, ,0.54,2.99, ,4.27,5.39, , , ,-1.96, , ,1.6, ,0.74,3.48, ,0.74,0.03,1.12,3.04,0.46,1.16,1.12,5.24,5.29,3.5,4.37,0.56, ,6.12, ,2.47,-1.3, ,4.6,1.9, , , ,-0.59, , ,1.89,0.88,1.18,4.02,4.5,-12.35,-10.49,-10.87,14.59,15.41,15.77,3.47,1.89,4.33,4.35,,,,
687,97053037,11/4/2025,13:10:48,,,0.25,0.31,-0.81,-0.66,4.45,4.12,4.83,4.56,-0.79,-0.17,-0.4,0.65,3.97,2.59,3.15,3.87, , , , , , , , ,-3.91,-1.89,0.83,3.57,1.39,1.98,0.36,4.7,6.93,5.11,1.53,-3.03, ,4.94, ,0.55,2.42, ,4.31,5.2, , , ,-3.21, , ,0.93, ,0.05,3.53, ,-1.9,-0.46,3.04,3.45,1.21,1.3,1.03,4.28,5.16,4.24,1.84,-2.25, ,4.51, ,1.47,0.32, ,4.74,4.17, , , ,0.58, , ,1.34,1.2,2.03,3.54,4.35,-11.65,-10.21,-10.41,14.78,14.92,15.74,3.98,1.43,3.85,4.62,,,,
688,97053029,11/4/2025,13:11:46,,,0.44,-0.66,-0.3,-2.87,5.06,4.41,4.97,5.85,-0.52,-0.71,-0.27,-0.71,3.86,2.64,3.14,4.97, , , , , , , , ,-1.94,-1.78,0.82,3.43,0.62,1.72,-0.02,5.88,7.63,5.18,1.52,-2.42, ,4.02, ,0.68,2.51, ,4.33,5.67, , , ,-1.93, , ,0.63, ,0.9,3.39, ,-1.57,-0.42,2.78,3.22,1.09,1.36,1.27,5.03,4.75,4.04,2.57,-0.59, ,6.67, ,1.76,-1.06, ,5.56,2.86, , , ,-1.59, , ,3.13,0.57,0.89,4.11,4.01,-11.75,-10.17,-10.46,15.05,15.32,15.82,3.58,1.43,4.12,4.85,,,,
689,97053011,11/4/2025,13:12:39,,,-0.47,-0.37,-0.85,-3.19,4.92,3.93,4.01,6.86,-0.59,-1.48,-0.6,-1.71,3.82,3.74,2.6,7.79, , , , , , , , ,-0.71,-1.64,-0.63,2.67,0.55,0.43,0.38,5.0,2.04,4.14,3.45,-0.77, ,6.96, ,1.17,1.71, ,5.83,3.64, , , ,-3.68, , ,2.6, ,-0.44,3.12, ,-0.89,-0.78,2.33,2.98,0.02,1.29,0.28,4.82,4.31,3.61,2.56,-1.46, ,5.8, ,1.65,-0.45, ,5.24,3.94, , , ,1.17, , ,0.78,1.18,1.91,3.57,4.61,-11.69,-10.53,-10.65,14.62,15.09,15.56,3.42,1.96,4.19,5.17,,,,
690,97053003,11/4/2025,13:13:35,,,-0.53,0.17,-0.64,-1.35,5.08,4.21,4.84,4.99,-0.18,-0.23,-0.14,-0.24,3.45,2.81,2.94,4.91, , , , , , , , ,-2.93,-1.99,0.01,3.4,0.3,1.97,0.07,4.77,6.85,4.85,2.6,-2.22, ,6.24, ,0.64,1.43, ,5.31,4.16, , , ,-4.14, , ,2.26, ,-0.36,3.13, ,-1.63,-0.44,2.43,3.39,0.88,1.33,1.13,5.06,4.3,4.21,2.56,-1.79, ,6.28, ,1.61,-0.93, ,5.22,3.65, , , ,0.26, , ,1.9,1.11,2.08,3.56,4.24,-11.49,-10.19,-10.18,14.86,14.8,15.41,4.05,1.71,3.98,4.62,,,,
691,97053342,11/4/2025,13:14:26,,,-0.43,0.64,0.12,-2.82,4.72,3.5,3.93,6.31,-1.15,-1.65,-0.26,-2.85,4.27,4.32,3.24,8.22, , , , , , , , ,-4.28,-2.73,1.58,3.4,1.16,0.8,0.09,4.5,3.36,4.91,0.7,-3.78, ,6.61, ,0.33,2.87, ,5.11,5.12, , , ,-3.28, , ,2.59, ,-0.13,3.71, ,-2.33,-0.65,2.39,3.71,0.48,1.32,0.78,5.01,4.41,4.22,1.4,-3.68, ,5.78, ,1.25,0.2, ,4.52,3.5, , , ,0.91, , ,2.03,1.25,2.08,3.71,4.31,-11.43,-10.22,-10.16,14.82,14.91,15.65,4.27,1.49,3.55,4.75,,,,
692,97053334,11/4/2025,13:15:18,,,0.73,0.65,0.62,-2.69,5.1,4.25,3.37,7.02,-0.88,-1.82,-0.36,-2.35,3.88,3.74,3.47,8.07, , , , , , , , ,-3.03,-2.09,0.21,3.46,0.68,2.31,0.56,5.02,6.58,4.57,2.16,-2.68, ,5.84, ,0.64,1.9, ,4.46,4.4, , , ,-3.39, , ,1.57, ,0.33,3.51, ,-1.77,-0.73,1.69,3.27,0.45,1.44,0.94,4.91,4.82,3.66,1.82,-1.32, ,6.21, ,1.56,-0.75, ,4.86,4.2, , , ,-0.26, , ,1.39,1.03,1.59,3.57,4.55,-11.35,-10.23,-10.44,14.73,15.09,15.5,3.82,1.47,4.17,4.36,,,,
693,97053326,11/4/2025,16:04:58,,,-0.36,0.53,0.2,-0.81,4.84,3.98,4.68,4.8,-0.33,-0.88,0.16,-0.73,3.56,2.6,3.06,4.97, , , , , , , , ,-1.96,-1.99,0.18,3.23,0.15,2.05,0.09,4.59,6.7,4.46,2.36,-0.98, ,4.85, ,0.72,1.3, ,4.76,5.2, , , ,-3.75, , ,0.79, ,-0.39,3.11, ,-0.89,-0.57,2.63,2.92,0.59,1.08,1.33,4.79,4.5,4.1,2.44,-0.64, ,5.0, ,1.74,-0.99, ,4.46,3.88, , , ,-0.79, , ,1.12,1.15,1.69,3.75,4.85,-11.52,-10.62,-10.37,14.9,14.85,15.54,3.36,1.85,4.31,4.75,,,,
694,97047708,11/4/2025,16:05:40,,,-0.44,-0.38,-0.56,-2.55,4.85,4.0,4.54,4.94,0.05,-0.67,0.1,0.11,3.88,2.25,2.99,3.65, , , , , , , , ,-2.98,-1.55,1.23,3.66,0.9,1.03,1.03,4.91,5.46,5.06,1.15,-2.48, ,4.22, ,0.42,2.22, ,4.16,5.01, , , ,-3.39, , ,1.21, ,0.1,3.53, ,2.03,-0.21,0.49,2.48,0.57,1.56,0.32,4.89,4.66,2.61, ,1.83, ,10.48, ,2.72,-2.99, ,6.07,0.67, , , ,-0.76, , ,2.74,0.76,1.2,3.89,3.98,-11.19,-10.74,-10.42,14.17,15.62,15.54,3.44,1.6,4.94,3.69,,,,
695,97050132,11/4/2025,16:06:22,,,0.27,-0.21,-0.09,-2.26,4.4,4.04,4.41,4.87,-0.06,-1.31,-0.03,-1.46,3.61,3.06,3.12,5.01, , , , , , , , ,-3.89,-1.92,1.65,3.76,0.63,0.79,0.31,4.52,4.88,5.18,0.56,-2.8, ,6.37, ,0.54,2.23, ,4.81,5.6, , , ,-3.8, , ,1.86, ,-0.44,3.16, ,-1.09,-0.77,2.44,3.55,0.58,1.42,0.44,4.54,4.68,3.75,3.25,-1.67, ,7.92, ,2.11,0.04, ,5.67,2.3, , , ,-0.52, , ,3.48,0.7,1.41,3.98,3.75,-11.33,-10.71,-10.54,14.38,15.41,15.49,3.96,1.12,5.03,3.93,,,,
696,97050124,11/4/2025,16:07:05,,,-0.49,-0.05,-0.54,-2.3,5,4.39,4.71,5.26,-0.39,-0.8,-0.56,-0.11,3.51,3.08,3.18,5.44, , , , , , , , ,-2.45,-2.03,0.45,3.41,0.62,1.56,0.6,4.52,5.05,4.87,2.13,-1.82, ,6.34, ,0.64,1.19, ,5.2,3.94, , , ,-4.42, , ,2.72, ,-0.93,3.52, ,-3.09,-1.05,3.1,3.85,0.49,1.13,0.52,4.62,4.82,4.61,2.02,-3.22, ,5.25, ,1.38,0.43, ,4.55,3.12, , , ,-0.24, , ,2.27,1.22,1.75,3.87,4.14,-11.9,-10.58,-10.54,14.12,15.46,15.36,3.28,1.8,4.17,4.44,,,,
697,97050116,11/4/2025,16:07:47,,,-0.02,0.39,0.17,-2.9,5.05,4.5,4.46,7.36,-0.85,-1.31,0.06,-1.71,3.9,3.72,3.07,7.36, , , , , , , , ,-1.09,-1.86,-0.24,3.35,0.73,1.73,0.65,4.59,6.27,4.15,3.19,-0.72, ,5.08, ,0.9,1.11, ,4.85,4.54, , , ,-2.95, , ,1.38, ,0.29,3.46, ,-0.95,-0.34,2.6,3.65,0.6,1.47,0.73,5.43,5.0,4.24,2.98,-0.91, ,6.09, ,1.69,-0.61, ,4.52,3.1, , , ,-0.13, , ,2.41,0.97,1.4,3.6,4.17,-11.78,-10.27,-10.31,13.44,15.8,15.18,3.29,1.92,4.79,3.71,,,,
698,97050108,11/4/2025,16:08:29,,,0.22,0.21,0.35,-2.84,4.95,4.09,4.44,7.18,-1.22,-1.14,0.36,-1.52,3.74,3.67,3.04,7.46, , , , , , , , ,-2.9,-1.83,0.47,3.54,0.61,1.5,0.65,4.67,6.42,4.74,1.83,-2.28, ,4.76, ,0.69,1.75, ,4.24,5.26, , , ,-2.76, , ,0.91, ,0.51,3.36, ,-1.4,-0.61,2.5,3.01,0.84,1.35,0.69,5.13,4.97,4.04,2.95,-1.28, ,5.8, ,1.77,-0.32, ,4.5,3.18, , , ,0.1, , ,2.12,1.06,1.44,3.94,4.64,-11.72,-11.26,-10.89,15.28,15.1,15.97,4.0,1.96,4.41,5.02,,,,
699,97050090,11/4/2025,16:09:11,,,0.09,0.26,-0.41,-2.75,5.16,3.98,4.38,6.56,-0.76,-0.48,0.38,-0.87,4.07,3.73,2.94,6.91, , , , , , , , ,-3.36,-2.08,0.22,3.19,0.49,1.95,0.55,5.32,6.93,3.99,2.59,-3.03, ,4.82, ,0.65,2.05, ,5.1,4.87, , , ,-2.98, , ,1.32, ,0.34,3.49, ,0.07,-0.41,1.96,2.72,0.45,1.51,1.08,4.94,4.61,3.31,3.61,-0.2, ,5.17, ,1.81,-1.67, ,4.52,3.7, , , ,0.78, , ,1.17,1.37,2.01,3.7,4.71,-11.61,-10.11,-10.68,14.78,15.31,15.46,3.73,1.11,4.18,4.59,,,,
700,97050082,11/4/2025,16:09:53,,,0.67,0.87,-0.08,-2.29,5.33,4.08,0.98,7.27,-1.31,-0.57,0.7,-1.26,3.79,3.99,3.3,7.94, , , , , , , , ,-3.24,-1.88,1.16,3.97,0.47,1.45,0.26,4.51,5.04,4.94,1.21,-2.32, ,6.44, ,0.6,1.81, ,4.78,4.6, , , ,-4.38, , ,2.05, ,-0.78,3.35, ,-0.57,-0.37,2.17,3.17,0.29,1.31,0.67,4.47,4.43,3.5,3.39,-0.52, ,7.36, ,1.72,-1.24, ,4.63,2.33, , , ,-1.59, , ,2.88,0.68,0.9,3.97,4.2,-11.29,-10.08,-10.34,14.42,15.43,15.47,3.66,1.31,4.21,4.46,,,,
701,97050074,11/4/2025,16:10:35,,,0.06,0.3,-0.07,-1.63,4.85,4.07,4.48,5.04,-0.13,-0.23,-0.03,0.01,3.36,2.81,3.2,4.63, , , , , , , , ,-2.32,-1.75,-0.09,3.16,0.05,2.39,0.09,4.86,6.7,4.52,2.71,-2.13, ,4.22, ,0.91,1.3, ,4.4,4.51, , , ,-2.47, , ,1.04, ,0.48,3.71, ,-1.72,-0.66,2.5,4.32,0.85,1.24,0.82,4.33,5.08,4.5,2.7,-1.61, ,5.52, ,1.58,-0.96, ,3.87,2.81, , , ,-0.58, , ,1.52,1.01,1.33,3.6,4.47,-11.79,-10.81,-10.82,15.09,15.41,15.87,3.9,1.43,4.77,4.24,,,,
702,97050066,11/4/2025,16:11:18,,,-0.14,0.48,0.13,-1.34,5.06,4.56,4.71,5.18,-0.28,-0.96,-0.01,-0.39,2.94,2.47,2.79,4.49, , , , , , , , ,-2.19,-2.14,0.13,3.3,0.46,1.75,0.26,5.05,6.92,4.63,3.37,-1.67, ,5.68, ,0.79,1.04, ,5.15,4.11, , , ,-3.96, , ,2.12, ,-0.07,3.51, ,-0.87,-0.39,2.77,3.33,0.87,1.35,0.79,4.73,4.61,3.98,2.59,-0.77, ,6.84, ,1.64,-1.7, ,5.11,3.34, , , ,-0.38, , ,1.85,0.97,1.34,3.74,4.32,-11.29,-10.58,-10.48,14.5,14.86,15.48,3.67,1.06,4.48,4.1,,,,
703,97057228,11/4/2025,16:11:59,,,-0.07,-0.25,-0.39,-2.63,4.96,4.79,5.51,5.66,-0.02,-1.14,0.06,-1.21,3.56,2.68,3.25,5.87, , , , , , , , ,-2.86, ,0.28, ,0.14,1.78,0.19,4.25,6.35,5.09,2.69,-2.36, ,6.68, ,0.71,1.77, ,4.86,3.9, , , ,-4.48, , ,2.66, ,-0.56,3.64, ,-0.86,-0.39,2.12,3.49,0.68,1.5,0.84,4.97,4.89,4.26,2.96,-1.55, ,6.03, ,1.7,-1.03, ,5.16,2.6, , , ,-0.22, , ,2.42,1.04,1.68,3.93,4.59,-11.61,-10.19,-10.43,14.79,15.27,15.54,3.78,1.54,4.39,4.44,,,,
704,97047732,11/4/2025,16:16:55,,,0,0.05,-0.01,-2.27,4.76,4.84,5.02,5.78,0.11,-0.37,0.17,0.27,3.5,2.32,2.95,5.14, , , , , , , , ,0.37, ,-0.75, ,1.05,2.28,0.19,5.86,6.47,4.49,4.44,0.64, ,5.34, ,1.75,0.68, ,5.65,5.78, , , ,-2.72, , ,0.17, ,0.07,3.11, ,-1.46,-0.9,0.83,3.22,0.75,1.34,0.74,4.89,4.83,3.85,2.26,-0.98, ,5.14, ,1.61,-1.25, ,5.0,4.35, , , ,-0.79, , ,2.48,0.83,1.45,3.91,4.44,-11.47,-10.36,-10.37,14.5,15.05,15.39,3.47,1.86,4.49,4.3,,,,
705,97047724,11/4/2025,16:17:37,,,-0.42,1.01,0.28,-1.1,4.81,4.35,5.03,5.22,-0.5,-0.5,-0.32,-0.15,3.59,2.34,2.81,4.65, , , , , , , , ,-3.97,-2.21,0.56,3.35,1.0,1.87,0.31,5.08,5.43,4.38,2.24,-3.29, ,4.88, ,0.47,2.46, ,5.21,5.77, , , ,-2.45, , ,1.21, ,0.51,2.99, ,-1.62,-0.45,2.51,4.24,0.77,1.04,1.29,5.14,4.95,4.12,1.83,-1.8, ,4.89, ,1.53,0.01, ,3.74,3.35, , , ,0.19, , ,2.25,1.02,1.79,3.86,4.36,-11.14,-10.7,-10.47,14.46,15.28,15.27,3.93,0.96,4.53,4.54,,,,
706,97057129,11/4/2025,16:19:05,,,0.53,0.78,0.85,-1.86,5.01,4.34,4.55,5.19,-0.84,-0.81,-0.48,-0.41,3.83,2.75,3.15,4.72, , , , , , , , ,-1.27,-1.23,1.22,3.83,0.79,1.93,0.69,4.75,6.62,5.1,1.77,-1.0, ,7.37, ,0.76,1.61, ,5.09,4.76, , , ,-3.3, , ,2.62, ,-0.18,3.45, ,-1.25,-0.38,2.59,3.68,0.78,1.26,1.29,4.9,4.4,3.76,2.95,-0.89, ,5.34, ,1.68,-1.47, ,4.34,2.76, , , ,-0.41, , ,1.73,0.95,1.72,3.91,4.64,-11.08,-10.57,-10.13,14.52,15.19,15.46,4.12,0.83,4.3,4.2,,,,
707,97057111,11/4/2025,16:19:47,,,0.03,0.26,-0.41,-2.03,4.7,4.46,5.15,5.58,-0.19,-0.14,-0.04,-0.45,3.57,2.56,3.07,5.07, , , , , , , , ,-3.01, ,1.08, ,0.92,1.86,0.32,4.5,6.65,4.83,1.3,-2.64, ,6.24, ,0.52,2.19, ,4.73,4.98, , , ,-3.73, , ,1.92, ,-0.01,3.3, ,-2.14,-0.62,1.16,3.4,0.9,1.21,0.96,5.22,4.74,4.32,1.65,-2.59, ,4.24, ,1.31,-0.4, ,4.42,4.21, , , ,1.38, , ,1.47,1.47,2.35,3.84,5.27,-11.48,-10.75,-10.41,14.43,14.94,15.38,3.74,1.15,4.71,4.0,,,,
708,97057103,11/4/2025,16:20:29,,,-0.5,-0.46,-0.42,-3.03,4.86,4.63,5.6,5.83,-0.33,0.1,0.69,-0.43,3.47,2.21,3.05,5.55, , , , , , , , ,-1.59, ,0.32, ,0.66,2.47,0.13,4.57,6.23,4.55,3.39,-1.23, ,5.07, ,1.0,1.5, ,5.02,5.35, , , ,-2.67, , ,1.03, ,1.01,3.21, ,-1.67,0.01,0.75,3.39,1.16,0.76,1.71,4.7,4.44,4.47,2.65,-0.79, ,5.58, ,1.73,-0.73, ,4.31,3.4, , , ,-1.13, , ,2.5,0.9,1.43,4.0,4.45,-11.62,-10.53,-10.59,14.92,15.1,15.68,3.82,1.35,4.02,4.76,,,,
709,97057095,11/4/2025,16:21:12,,,0.16,0.1,-0.22,-3.21,4.85,4.1,2.8,7.27,-1.69,-0.13,1.09,-0.58,4.47,4.24,3.34,7.79, , , , , , , , ,-2.39, ,0.5, ,0.13,2.79,0.21,4.59,6.36,4.4,2.42,-2.34, ,5.8, ,0.78,2.08, ,4.94,4.89, , , ,-3.12, , ,1.46, ,-0.02,3.25, ,-1.14,-0.48,2.2,3.5,0.74,1.21,0.88,5.06,4.65,4.19,2.55,-1.62, ,5.2, ,1.56,-0.65, ,4.94,2.85, , , ,0.63, , ,1.84,1.24,2.15,4.11,5.15,-11.12,-10.58,-10.36,14.72,14.33,15.06,4.12,1.58,4.14,5.37,,,,
710,97057087,11/4/2025,16:21:54,,,-0.27,-0.16,-0.31,-2.04,4.9,4.05,5.08,4.86,-0.52,-0.67,0.26,-0.28,3.83,3.14,3.27,5.66, , , , , , , , ,-1.83,-1.39,0.51,3.71,1.0,1.94,0.69,5.41,6.85,4.69,2.43,-1.05, ,5.69, ,0.86,0.86, ,4.5,4.32, , , ,-3.34, , ,1.65, ,-0.04,3.67, ,-2.1,-0.5,1.18,3.95,0.51,1.05,1.15,5.31,4.65,4.36,1.98,-1.58, ,5.73, ,1.45,-0.84, ,4.42,3.32, , , ,-0.35, , ,2.05,0.98,1.91,3.8,4.55,-11.49,-10.23,-10.29,14.87,14.9,15.58,4.25,1.57,3.93,4.5,,,,
711,97057061,11/4/2025,16:22:36,,,-0.77,0.29,-0.38,-1.65,4.37,4.15,4.82,4.51,-0.68,-0.51,-0.1,-0.18,4.14,3.27,3.57,5.43, , , , , , , , ,-1.71, ,0.18, ,1.0,1.64,0.79,4.29,6.1,4.6,3.25,-1.62, ,6.39, ,1.02,1.15, ,5.07,4.56, , , ,-4.09, , ,2.18, ,-0.28,3.59, ,-3.05,-0.67,2.18,4.21,1.03,1.44,1.01,4.57,4.79,4.5,2.27,-2.28, ,5.37, ,1.37,-0.52, ,4.03,3.04, , , ,-0.9, , ,2.67,0.97,1.42,3.92,4.43,-11.02,-10.48,-10.08,15.2,15.28,15.75,3.68,1.38,4.39,4.16,,,,
712,97057301,11/4/2025,16:23:18,,,1.09,1.07,0.73,-2.7,5.07,4.44,4.01,7.34,-1.77,-1.48,0.3,-2.58,4.15,3.96,1.21,8.55, , , , , , , , ,-2.25,-1.9,0.4,3.19,0.8,1.92,0.41,4.59,6.31,4.5,2.41,-0.64, ,5.67, ,0.88,1.33, ,4.51,4.41, , , ,-4.7, , ,1.52, ,-1.09,3.54, ,-2.04,-0.34,2.47,3.44,0.74,1.58,1.13,5.95,4.69,4.1,2.94,-1.08, ,6.29, ,1.8,-0.99, ,4.39,2.76, , , ,-0.53, , ,2.02,0.92,1.0,3.48,4.23,-11.47,-10.65,-10.33,14.01,15.29,15.42,3.8,1.83,4.81,4.16,,,,
713,97057053,11/4/2025,16:24:00,,,0.7,0.74,0.55,-3.2,5.23,4.65,2.59,7.63,-1.35,-0.63,0.38,-1.39,4.39,3.79,3.61,7.7, , , , , , , , ,-2.38,-1.73,1.48,3.85,0.73,1.53,0.9,4.26,5.99,4.75,1.02,-1.57, ,4.15, ,0.72,2.17, ,4.16,6.35, , , ,-2.18, , ,-0.17, ,0.21,3.01, ,-2.45,-0.59,1.88,3.7,0.56,1.38,1.07,4.26,5.07,3.67,1.6,-2.47, ,4.35, ,1.34,-0.28, ,3.91,3.24, , , ,0.22, , ,2.31,1.0,1.94,4.21,4.98,-11.82,-10.41,-10.51,14.73,15.11,15.53,3.73,2.52,4.24,4.81,,,,
714,96379953,11/4/2025,16:29:56,,,-0.53,0.34,-0.26,-3.29,4.21,4.19,2.8,7.38,-0.95,0.16,0.74,-0.69,4.35,3.63,2.57,6.75, , , , , , , , ,-3.58,-2.04,0.29,3,0.87,0.56,0.42,4.64,3.4,4.73,2.35,-3.75, ,5.64, ,0.45,2.53, ,5.09,4.61, , , ,-2.72, , ,1.94, ,-0.27,3.36, ,-2.98,-0.3,5.05,4.53,0.73,0.7,1.36,4.87,5.06,4.5,0.08,-2.97, ,3.83, ,1.28,0.42, ,4.04,4.48, , , ,0.29, , ,1.63,1.29,1.89,3.67,4.61,-11.57,-10.32,-10.19,14.15,16.95,16.39,2.73,2.22,6.15,3.7,,,,
715,97057020,11/4/2025,16:30:38,,,-0.1,-0.22,-0.5,-2.74,5.24,4.58,5.31,5.42,-0.25,-0.54,0.06,-0.38,4.01,2.6,3.15,5.26, , , , , , , , ,-1.35, ,0.08, ,0.74,1.6,1.03,5.44,6.82,4.1,3.61,-0.83, ,4.48, ,1.17,0.87, ,4.91,4.92, , , ,-2.63, , ,0.83, ,0.17,3.25, ,-2.58,-0.19,2.16,3.82,0.73,1.2,1.21,4.73,5.06,4.22,1.96,-2.02, ,5.22, ,1.59,-0.13, ,3.88,3.15, , , ,-0.59, , ,2.28,1.06,1.63,3.74,4.28,-11.43,-10.47,-10.48,15.13,15.24,15.62,3.66,1.69,3.79,4.91,,,,
716,97057046,11/4/2025,16:32:02,,,-0.13,0.76,0.22,-2.68,4.82,4.29,4.78,6.75,-1.28,-0.89,0.51,-1.68,4.08,3.8,3.55,8.08, , , , , , , , ,-1.33, ,0.68, ,0.11,1.52,0.74,5.08,6.8,4.89,2.27,-1.18, ,6.33, ,0.77,1.56, ,4.75,4.32, , , ,-3.47, , ,2.55, ,-0.01,3.63, ,-2.36,-0.43,2.49,3.36,0.88,1.55,1.17,4.61,4.54,3.41,2.54,-2.24, ,5.6, ,1.86,0.1, ,4.65,3.55, , , ,-0.67, , ,2.62,1.05,1.58,3.74,4.49,-11.36,-10.58,-10.32,15.12,15.19,15.8,3.7,2.27,4.28,4.99,,,,
717,97057038,11/4/2025,16:32:45,,,-0.38,-0.68,-0.62,-2.76,4.82,4.22,5.21,5.47,-0.13,-0.74,-0.27,-0.42,3.71,2.98,3.34,6.0, , , , , , , , ,-2.47, ,0.46, ,0.73,1.94,0.63,5.06,6.47,4.0,2.84,-2.05, ,7.79, ,0.69,1.52, ,5.41,3.48, , , ,-4.37, , ,3.38, ,-0.96,3.77, ,-2.2,-0.09,2.33,4.39,0.89,1.36,1.18,4.62,5.31,5.12,0.19,-3.58, ,3.45, ,1.16,0.16, ,3.08,4.6, , , ,1.5, , ,1.44,1.44,2.47,3.71,5.05,-11.53,-10.62,-10.43,15.1,15.1,15.74,3.93,2.41,4.43,4.69,,,,
718,97057012,11/4/2025,16:33:27,,,-0.16,-0.11,-0.03,-2.41,5.28,5.01,4.95,5.8,-0.75,-0.93,-0.04,-0.44,3.46,2.31,2.69,4.18, , , , , , , , ,-1.86,-1.5,-0.02,3.47,0.67,1.93,0.83,4.64,6.59,4.61,3.1,-1.33, ,5.46, ,0.88,0.99, ,4.78,4.04, , , ,-3.69, , ,1.91, ,-0.38,3.54, ,-2.47,-0.47,2.73,3.89,0.83,1.3,0.89,5.03,5.65,4.52,1.64,-3.51, ,3.95, ,1.25,-0.13, ,3.91,3.25, , , ,0.32, , ,1.77,1.27,1.98,4.02,4.87,-11.24,-10.66,-10.31,14.23,16.25,15.84,4.24,1.85,5.35,4.21,,,,
719,97056980,11/4/2025,16:34:09,,,-1.43,-0.17,-0.36,-2.13,5.14,5.1,5.25,5.31,-0.63,-0.58,0.12,-0.18,3.98,2.73,2.7,5.08, , , , , , , , ,-1.89,-1.55,0.28,3.46,1.43,2.31,0.89,3.77,6.16,4.51,2.63,-1.32, ,5.08, ,0.86,0.64, ,4.58,4.65, , , ,-3.43, , ,1.31, ,-0.06,3.49, ,-2.51,-0.74,3.38,3.65,1.15,1.66,0.76,4.71,4.85,4.53,1.86,-1.59, ,4.95, ,1.48,-0.37, ,4.4,3.04, , , ,-1.17, , ,2.08,1.03,1.68,3.6,4.12,-11.11,-10.87,-10.25,14.71,14.93,15.62,3.8,1.14,4.64,4.55,,,,
720,97056998,11/4/2025,16:34:51,,,-1.01,-0.39,-0.62,-1.91,5.19,4.75,5.34,5.85,-0.32,-0.79,0.38,-0.39,3.35,2.82,3.22,5.03, , , , , , , , ,-2.75, ,1.93, ,1.88,0.78,0.68,4.33,1.81,4.29,0.79,-1.86, ,5.8, ,0.62,1.53, ,4.71,5.22, , , ,-4.22, , ,1.9, ,-0.38,3.33, ,-1.59,-0.44,2.63,3.07,1.29,1.29,1.19,5.2,5.41,3.82,2.46,-1.71, ,6.02, ,1.51,-0.72, ,5.26,3.9, , , ,-0.53, , ,3.11,1.01,1.58,3.67,3.93,-11.42,-10.25,-10.36,14.29,14.64,15.2,3.86,1.39,4.66,4.94,,,,
721,97070684,11/4/2025,16:35:33,,,-1.17,-0.47,-0.77,-2.09,5.31,5.47,5.38,5.89,-0.24,0.02,0.25,0.45,3.61,2.41,2.96,4.58, , , , , , , , ,-2.55,-1.98,0.9,3.64,0.82,2.48,0.2,3.63,5.91,4.4,2.04,-1.97, ,6.14, ,0.87,1.11, ,4.65,4.88, , , ,-2.76, , ,1.49, ,0.07,3.09, ,0.37,-0.14,1.6,3.23,1.42,1.13,1.27,4.22,4.81,4.1,4.37,0.67, ,7.51, ,2.5,-1.67, ,5.46,2.37, , , ,-0.17, , ,2.23,1.05,1.5,3.2,3.81,-10.91,-10.36,-10.18,14.69,14.74,15.36,3.38,1.55,4.21,4.74,,,,
722,97070692,11/4/2025,16:36:16,,,-1.58,0.0,-0.68,-1.97,5.15,5.29,5.46,5.6,0.09,-0.45,-0.35,0.68,3.65,2.08,3.33,4.37, , , , , , , , ,-2.88, ,0.78, ,1.15,2.4,0.44,3.7,6.39,5.32,1.95,-1.89, ,6.08, ,0.75,1.54, ,4.43,4.21, , , ,-3.79, , ,1.93, ,-0.75,3.42, ,-2.7,-0.86,2.16,3.6,0.5,2.19,-0.39,4.69,4.17,4.43,2.3,-2.3, ,3.4, ,1.65,-0.03, ,3.79,3.94, , , ,-0.25, , ,1.71,1.53,1.89,3.65,4.78,-10.75,-10.79,-10.26,14.29,14.53,15.1,4.32,1.28,4.42,4.74,,,,
723,97070676,11/4/2025,16:36:57,,,-1.16,0.83,-0.51,-1.61,4.89,4.31,4.48,6.88,-0.7,-0.75,-0.1,-0.97,4.66,4.25,3.92,7.41, , , , , , , , ,-2.79,-1.41,0.79,3.41,1.14,2.59,0.8,3.55,6.01,4.76,1.99,-2.31, ,5.23, ,0.6,1.76, ,4.63,4.4, , , ,-3.86, , ,1.94, ,-0.16,3.79, ,-1.77,-0.25,1.73,4.17,0.9,2.1,0.8,4.84,4.56,3.58,2.71,-1.52, ,5.3, ,1.46,-0.9, ,4.31,2.65, , , ,0.28, , ,2.21,1.24,1.75,3.94,4.47,-11.28,-10.5,-10.12,14.44,15.09,15.63,3.73,1.77,4.82,4.37,,,,
724,97057004,11/4/2025,16:45:46,,,-1,-0.24,-0.35,-1.91,5.21,4.62,4.96,5.0,-0.13,-0.65,-0.05,-0.23,3.52,2.47,2.82,4.54, , , , , , , , ,-2.11,-1.42,0.74,3.42,0.91,2.22,0.95,4.0,6.22,4.2,2.05,-1.7, ,5.5, ,0.61,1.32, ,5.08,5.37, , , ,-3.19, , ,1.21, ,0.24,2.99, ,-2.92,-0.6,4.19,4.02,1.1,2.13,1.13,4.69,4.85,4.47,1.44,-1.57, ,4.41, ,1.31,-0.12, ,4.53,4.26, , , ,-0.93, , ,2.03,0.83,1.12,3.83,4.44,-11.44,-10.49,-10.54,14.2,14.44,14.79,3.79,1.98,4.63,4.83,,,,
725,97070668,11/4/2025,16:57:19,,,-0.89,0.77,-0.7,-1.56,4.94,4.61,4.95,6.73,-1.04,-1.94,-0.58,-1.65,3.82,4.01,3.86,7.89, , , , , , , , ,-1.85,-1.36,0.28,3.61,0.61,1.69,0.83,3.86,5.85,4.67,2.4,-1.17, ,5.13, ,0.87,1.4, ,4.65,4.98, , , ,-3.14, , ,0.93, ,0.4,3.32, ,-2.89,-0.86,2.7,3.87,0.8,1.88,0.69,4.83,5.07,4.47,2.84,-2.17, ,4.38, ,1.6,-0.78, ,3.53,3.07, , , ,-1.53, , ,2.13,0.97,0.98,3.85,4.51,-11.25,-10.68,-10.35,14.83,15.21,15.77,3.84,1.74,4.72,4.86,,,,
726,97070643,11/4/2025,16:58:45,,,-1.2,0.7,-0.49,-2.09,5,5.35,5.08,7.55,-1.41,-1.12,0.37,-0.95,4.33,4.43,3.67,7.52, , , , , , , , ,-1.42,-1.4,0.38,4.13,1.28,2.3,0.76,3.89,5.94,4.85,2.44,-0.59, ,6.88, ,0.89,0.7, ,4.87,3.84, , , ,-4.26, , ,2.17, ,-0.84,3.25, ,-2.48,-0.79,2.24,3.57,1.07,1.41,0.91,5.0,4.91,4.44,2.93,-1.76, ,5.45, ,1.78,-0.86, ,4.35,3.17, , , ,-0.93, , ,2.25,1.02,1.44,3.44,3.88,-10.98,-10.48,-10.1,14.21,15.57,15.87,4.04,0.95,5.24,3.96,,,,
727,97070650,11/4/2025,16:59:49,,,-0.9,0.25,-1.08,-0.71,5.88,6.65,6.55,6.97,-0.62,-0.39,-0.21,0.3,3.77,2.72,3.47,5.32, , , , , , , , ,-1.31, ,1.19, ,1.25,2.15,1.15,3.63,5.8,4.44,2.27,-0.29, ,5.43, ,0.91,0.36, ,5.02,5.84, , , ,-2.75, , ,1.32, ,0.39,3.09, ,-1.06,-0.79,2.42,2.8,1.22,1.31,0.69,4.64,4.45,3.48,2.57,-1.44, ,6.83, ,1.9,-0.75, ,4.61,3.2, , , ,0.34, , ,3.09,1.32,1.85,4.16,4.57,-11.51,-11.13,-10.82,14.38,14.81,15.46,4.0,1.11,4.87,3.85,,,,
728,97070627,11/4/2025,17:01:00,,,-1.01,1.03,-0.81,-1.15,5.41,5.42,5.74,7.49,-0.46,-0.83,1.4,-0.47,4.55,3.73,-0.35,8.29, , , , , , , , ,-2.33,-1.29,1.23,3.63,1.05,2.34,1.09,3.89,5.67,4.27,1.85,-0.17, ,5.99, ,0.96,0.3, ,4.63,4.81, , , ,-4.14, , ,1.37, ,-0.78,3.34, ,-3.07,-0.71,4.78,3.79,0.94,1.33,0.68,4.72,4.16,3.48,0.59,-2.62, ,4.75, ,1.58,0.42, ,4.36,4.75, , , ,-0.03, , ,2.73,1.37,1.88,4.04,4.39,-10.71,-10.28,-9.92,14.73,15.38,15.41,3.51,1.35,4.33,4.19,,,,
729,97070635,11/4/2025,17:02:15,,,-1.04,-0.56,-0.91,-1.9,5.3,5.4,5.45,5.54,-0.98,-0.14,-0.14,0.72,3.72,2.68,3.04,4.71, , , , , , , , ,-2.18,-1.63,0.41,3.57,0.39,2.39,0.7,4.23,6.32,4.95,2.65,-0.65, ,5.3, ,1.02,0.5, ,4.08,4.04, , , ,-3.99, , ,1.45, ,-0.3,3.66, ,-1.86,-0.49,3.24,3.72,1.25,1.4,1.24,4.86,4.67,3.94,2.38,-1.37, ,5.42, ,1.71,-0.93, ,4.12,3.31, , , ,-0.26, , ,1.58,1.14,1.35,3.86,4.58,-11.34,-10.94,-10.64,14.77,14.46,15.26,4.19,1.26,4.26,4.36,,,,
730,97050140,11/4/2025,17:04:52,,,-0.85,0.95,-0.18,-1.32,4.22,5.47,5.43,7.25,-0.9,-2.05,-0.68,-2.02,3.56,4.36,3.53,7.31, , , , , , , , ,-2.9,-1.92,0.79,3.9,0.24,2.16,0.59,3.62,6.25,4.78,1.48,-1.97, ,5.47, ,0.55,1.59, ,4.79,5.31, , , ,-3.59, , ,0.95, ,-0.42,2.71, ,-2.24,-0.85,3.06,3.73,0.97,2.05,0.56,4.88,4.75,4.09,1.87,-2.13, ,6.63, ,1.56,-0.57, ,4.95,3.24, , , ,-0.59, , ,2.18,1.26,1.57,3.54,4.03,-11.91,-10.18,-10.58,14.61,15.09,15.38,3.7,1.63,3.76,4.87,,,,
731,97070619,11/4/2025,17:05:35,,,-1.04,-0.61,-1.38,-1.85,4.72,5.59,5.36,5.89,-1.02,0.02,0.15,0.79,4.27,3.29,3.95,4.87, , , , , , , , ,-1.7,-1.82,-0.07,3.24,0.66,2.54,0.02,3.83,6.21,4.33,3.38,-1.44, ,6.61, ,0.83,0.52, ,5.37,3.54, , , ,-3.5, , ,2.68, ,0.01,3.52, ,-2.43,-0.71,2.71,3.8,1.44,1.4,1.22,4.7,4.62,4.0,2.25,-2.53, ,6.76, ,1.56,-0.1, ,4.56,3.21, , , ,0.23, , ,1.93,1.06,1.43,3.75,4.17,-11.58,-10.88,-10.77,14.09,14.78,15.34,4.1,0.95,4.57,4.25,,,,
732,97070494,11/4/2025,17:06:46,,,-0.77,0.23,-0.61,-2.41,5.16,5.7,4.94,8.04,-0.04,-1.22,0.06,-1.01,3.64,3.62,3.32,7.92, , , , , , , , ,-1.88,-1.11,0.44,3.47,0.88,1.55,1.52,4.08,5.81,4.26,2.77,0.12, ,5.54, ,0.97,0.35, ,4.69,4.02, , , ,-5.03, , ,1.54, ,-1.24,3.75, ,-2.92,-0.88,4.64,3.83,0.84,1.39,0.6,4.73,4.56,4.35,1.47,-1.15, ,4.06, ,1.66,-1.07, ,4.31,4.96, , , ,-1.06, , ,1.26,1.17,1.27,3.59,4.55,-11.31,-10.48,-10.13,14.11,15.44,15.36,3.47,1.62,4.7,3.98,,,,
733,97070502,11/4/2025,17:08:07,,,-0.43,1.13,-0.43,-0.54,4.91,4.63,5.12,4.71,0.63,-1.83,-0.92,-1.32,3.36,2.77,2.76,5.39, , , , , , , , ,-1.31,-1.37,0.14,3.61,0.65,2.34,0.52,4.23,5.98,4.7,3.03,-0.43, ,5.48, ,1.01,0.01, ,4.53,4.11, , , ,-4.06, , ,1.43, ,-0.32,3.56, ,-3.57,-0.39,4.76,4.36,0.6,1.11,0.93,5.05,4.93,4.38,0.42,-4.12, ,3.26, ,1.01,0.88, ,3.91,4.62, , , ,0.41, , ,1.82,1.24,1.86,4.2,5.12,-11.51,-10.0,-10.23,14.1,14.98,15.02,3.16,1.8,4.26,4.37,,,,
734,97070486,11/4/2025,17:09:31,,,-0.87,-0.22,-0.3,-3.75,4.74,4.39,4.87,7.1,-0.8,-1.4,0.74,-1.69,3.84,4.27,-0.21,8.29, , , , , , , , ,-0.47, ,0.12, ,0.31,2.13,1.33,4.39,6.19,4.35,3.41,0.39, ,5.4, ,1.05,-0.14, ,5.44,5.08, , , ,-3.53, , ,1.17, ,0.1,3.21, ,-1.08,-0.75,2.3,3.42,0.9,1.88,0.3,5.25,4.54,3.49,3.5,-1.16, ,6.36, ,1.93,-1.02, ,4.79,2.7, , , ,0.14, , ,1.55,1.16,1.58,3.68,4.52,-11.62,-9.97,-11.26,13.99,15.55,14.71,3.68,0.25,4.82,4.33,,,,
735,97070478,11/4/2025,17:10:31,,,-0.7,0.4,-0.85,-1.02,4.95,4.58,4.99,5.18,-0.83,-1.03,-0.22,-0.73,3.66,2.66,2.99,4.99, , , , , , , , ,-1.6,-1.52,0.1,4.06,0.71,1.83,0.6,4.1,6.2,4.69,2.99,-1.86, ,5.91, ,0.66,1.27, ,5.14,3.95, , , ,-2.91, , ,2.5, ,-0.05,3.41, ,-2.84,-0.65,3.21,4.01,1.14,1.41,1.06,4.65,4.79,4.24,2.37,-1.96, ,5.31, ,1.56,-1.03, ,4.35,3.1, , , ,-0.84, , ,2.07,1.04,1.24,3.57,4.24,-11.17,-10.46,-10.11,14.19,14.88,15.0,3.23,1.84,4.39,4.25,,,,
736,97070452,11/4/2025,17:16:45,,,-0.45,-0.73,-0.59,-2.31,4.87,4.41,4.49,4.95,-1.1,-1.91,-0.71,-1.63,3.85,2.7,2.99,4.28, , , , , , , , ,-2.89,-2.06,0.09,3.5,0.08,1.83,0.3,4.03,6.21,4.04,2.91,-2.02, ,6.94, ,0.69,1.29, ,5.55,3.8, , , ,-4.32, , ,2.8, ,-0.98,3.35, ,-3.23,-0.61,2.52,3.75,1.21,1.31,1.0,4.89,4.93,4.38,2.39,-2.96, ,6.9, ,1.54,-0.47, ,4.53,2.29, , , ,0.04, , ,2.54,1.16,2.02,3.53,3.97,-11.48,-10.71,-10.46,14.06,15.27,15.28,3.53,0.9,4.7,3.82,,,,
737,97070460,11/4/2025,17:17:43,,,-0.5,-0.81,-0.88,-2.66,4.48,4.65,5.11,5.25,-1.0, ,-0.4,-0.43,3.86, ,2.94,5.16, , , , , , , , ,-2.36,-1.63,0.45,3.22,0.6,2.03,0.51,3.99,6.14,4.26,2.92,-1.56, ,5.46, ,0.75,0.92, ,5.08,4.4, , , ,-3.72, , ,1.73, ,-0.51,3.81, ,-2.86,-0.78,4.47,3.68,1.5,1.05,1.12,4.82,4.76,4.04,0.93,-2.56, ,4.05, ,1.37,-0.53, ,4.58,4.71, , , ,-0.43, , ,2.12,0.97,1.78,3.8,4.26,-10.97,-10.73,-10.35,13.87,15.02,15.06,3.56,1.6,4.42,4.01,,,,
738,97070437,11/4/2025,17:20:41,,,-0.73,0.51,-0.65,-1.19,4.19,4.35,4.95,4.58,-2.31,-0.41,-0.32,0.29,3.65,3.05,3.17,5.15, , , , , , , , ,-4.08,-1.99,0.64,3.49,0.69,1.92,0.57,3.61,6.09,4.49,2.16,-3.68, ,7.16, ,0.49,2.25, ,5.07,4.35, , , ,-3.75, , ,3.31, ,-0.54,3.48, ,-2.14,-0.72,2.83,2.96,1.26,1.13,0.98,4.9,4.19,3.43,3.09,-0.98, ,7.49, ,1.9,-1.6, ,5.65,3.01, , , ,-3.34, , ,3.12,0.98,0.53,3.84,3.71,-11.07,-10.48,-10.42,14.57,15.41,15.56,4.35,0.78,4.53,3.7,,,,
739,97070445,11/4/2025,17:21:23,,,-1.06,-0.02,-0.84,-2.0,5.02,4.54,5.08,5.05,-1.3,-0.61,-0.17,-0.09,3.89,2.98,2.94,5.17, , , , , , , , ,-1.42,-1.69,1.26,4.09,0.81,1.97,0.45,4.17,6.25,4.78,1.83,-0.68, ,4.61, ,0.79,0.18, ,4.77,5.74, , , ,-2.11, , ,1.01, ,0.59,3.03, ,-1.34,-0.29,3.2,3.9,1.44,1.47,1.1,4.91,4.79,4.32,2.39,-2.48, ,5.54, ,1.58,-0.57, ,4.28,3.41, , , ,0.4, , ,2.48,1.41,1.63,3.76,3.98,-11.49,-11.07,-10.99,14.56,15.37,15.7,4.22,0.89,4.54,3.62,,,,
740,97069538,11/4/2025,17:22:05,,,-0.49,0.29,-0.56,-2.44,5.17,4.33,4.97,6.9,-1.55,-1.36,1.36,-2.2,4.41,3.83,-0.45,8.59, , , , , , , , ,-2.81,-1.84,0.53,3.32,0.32,1.88,0.43,4.21,5.81,3.73,3.52,-2.33, ,6.42, ,0.77,1.13, ,5.27,3.98, , , ,-3.62, , ,2.8, ,-0.43,3.65, ,-3.36,-0.72,4.21,3.88,1.46,1.18,1.08,4.81,4.61,3.67,1.09,-2.73, ,4.7, ,1.48,-0.69, ,3.75,4.19, , , ,-0.99, , ,2.23,1.34,1.4,3.74,4.51,-11.4,-10.54,-10.43,14.07,16.24,15.78,4.2,1.46,5.19,3.57,,,,
741,97069546,11/4/2025,17:23:06,,,-0.7,-0.24,-0.99,-2.36,5.06,5.41,5.17,5.9,-1.24,-0.86,-0.28,-0.9,3.67,2.72,2.87,5.39, , , , , , , , ,-1.36,-1.87,-0.26,2.99,0.7,2.3,0.1,3.92,5.6,4.1,3.31,-1.15, ,4.65, ,1.28,1.07, ,4.8,4.97, , , ,-3.01, , ,0.84, ,0.31,3.5, ,-1.77,-0.49,3.28,3.85,1.25,0.78,1.0,4.85,5.23,4.16,2.04,-2.24, ,6.58, ,1.53,-0.83, ,4.88,3.74, , , ,0.72, , ,2.32,1.17,2.18,3.44,3.93,-11.51,-10.65,-10.76,14.58,15.45,15.96,4.33,1.14,4.4,3.99,,,,
742,97069520,11/4/2025,17:26:13,,,-1.18,0.1,-0.94,-1.51,5.37,4.55,5.51,5.12,-1.7,-0.02,0.18,0.58,3.69,2.62,2.9,5.14, , , , , , , , ,0.15,-1.6,0.43,3.59,0.91,2.44,0.4,4.33,6.28,4.16,3.01,-1.3, ,10.11, ,0.64,0.83, ,6.89,2.93, , , ,-3.96, , ,5.19, ,-0.69,3.27, ,-0.26,-0.17,2.99,2.84,1.39,1.28,1.44,5.19,4.86,4.18,2.78,-0.37, ,6.16, ,1.84,-1.31, ,4.73,3.78, , , ,0.33, , ,2.64,1.21,1.56,3.92,4.27,-11.18,-10.82,-10.48,14.91,15.19,15.77,4.49,1.49,4.44,4.36,,,,
743,97069512,11/4/2025,17:27:38,,,-0.12,0.58,-0.04,-2.25,5.3,4.22,5.01,7.04,-1.58,-1.13,1.45,-1.35,4.18,4.9,-0.5,8.08, , , , , , , , ,-2.87, ,1.9, ,1.17,2.46,0.36,4.22,6.41,4.35,1.21,-1.61, ,4.29, ,0.73,1.02, ,4.44,5.93, , , ,-3.16, , ,0.88, ,-0.25,3.06, ,-2.99,-0.65,2.88,3.86,1.25,1.55,0.54,4.53,4.81,4.38,1.97,-1.48, ,6.15, ,1.58,-1.21, ,4.23,3.32, , , ,-1.8, , ,2.76,1.15,0.88,3.59,4.08,-11.11,-11.18,-10.47,14.39,15.54,15.67,4.69,1.33,5.07,3.88,,,,
744,97069504,11/4/2025,17:32:29,,,-0.17,0.06,-0.27,-3.09,5.16,4.86,3.88,7.59,-2.39,-1.66,-0.19,-2.06,3.92,3.71,3.31,7.96, , , , , , , , ,-2.41,-1.47,0.11,3.55,0.62,1.93,0.66,4.08,6.07,4.58,2.57,-1.69, ,3.28, ,0.75,1.11, ,4.09,5.16, , , ,-1.98, , ,-0.09, ,0.95,3.43, ,0.23,-0.61,1.59,3.42,0.82,2.02,0.22,5.55,4.71,3.6,4.18,0.33, ,8.25, ,2.63,-1.0, ,4.72,1.51, , , ,-0.58, , ,3.03,0.98,1.11,4.03,4.07,-11.49,-10.57,-10.54,14.51,15.65,15.9,3.94,1.7,5.21,4.28,,,,
745,97070510,11/4/2025,17:47:56,,,-0.12,0.27,-0.27,-0.88,5.09,4.87,4.89,5.7,-1.39,-0.15,0.02,0.89,3.9,2.26,2.76,3.88, , , , , , , , ,-3.07,-1.74,0.49,3.8,-0.16,1.42,0.76,4.03,6.5,4.82,2.53,-1.57, ,4.97, ,0.74,0.98, ,4.44,4.33, , , ,-3.51, , ,1.48, ,-0.47,3.37, ,-1.88,-0.32,2.5,3.44,1.45,1.32,1.22,4.56,4.96,4.16,3.31,-1.45, ,6.1, ,2.06,-1.07, ,4.4,2.84, , , ,0.02, , ,1.91,1.04,1.78,3.8,4.28,-10.84,-10.65,-10.2,14.51,15.01,15.39,3.61,0.56,4.42,4.13,,,,
746,97069488,11/4/2025,17:51:36,,,-0.17,0.1,-0.01,-2.58,4.77,4.45,4.58,7.04,-1.67,-1.5,0.13,-1.55,4.24,3.92,3.81,7.06, , , , , , , , ,-1.5,-1.77,0.13,3.32,0.49,1.93,0.56,4.3,5.93,3.98,3.26,-1.1, ,4.63, ,0.88,0.7, ,4.86,4.61, , , ,-3.48, , ,1.49, ,-0.13,3.69, ,-0.58,-0.23,2.97,3.8,1.33,1.82,1.18,4.54,4.67,3.75,3.21,0.56, ,7.0, ,1.97,-2.18, ,4.71,2.28, , , ,-0.7, , ,2.03,0.85,1.08,3.59,4.15,-11.18,-10.99,-10.36,14.04,15.63,15.59,3.54,1.56,5.17,3.61,,,,
747,97069462,11/4/2025,17:52:17,,,-0.32,0.08,-0.04,-3.05,4.97,4.51,4.62,7.11,-2.88,-1.44,0.8,-1.63,4.11,3.84,1.09,7.21, , , , , , , , ,-1.88,-1.59,0.3,3.79,0.26,1.63,0.95,4.0,6.15,4.38,3.3,-0.81, ,3.48, ,1.06,0.43, ,4.68,5.53, , , ,-2.98, , ,-0.03, ,0.0,2.87, ,-1.11,-0.65,3.02,3.61,1.59,1.52,1.04,5.07,4.83,3.94,2.77,-0.39, ,4.99, ,2.05,-1.17, ,4.11,2.72, , , ,-0.05, , ,2.25,1.39,1.66,4.2,4.78,-10.8,-10.69,-10.2,14.27,15.61,15.78,3.86,1.47,4.93,3.87,,,,
748,97068894,11/4/2025,17:53:09,,,-0.79,0.43,-0.38,-2.44,4.94,4.96,4.56,7.5,-1.22,-0.39,1.44,-0.48,4.58,4.74,-0.08,8.04, , , , , , , , ,-0.05, ,1.19, ,0.89,1.83,1.27,4.18,5.88,4.9,2.44,1.45, ,5.05, ,1.26,-1.25, ,4.0,4.26, , , ,-3.52, , ,1.07, ,-0.38,3.69, ,-2.61,-1.01,2.19,3.87,0.98,1.42,0.42,4.6,4.21,3.25,2.16,-1.14, ,7.88, ,1.91,-0.7, ,5.07,2.45, , , ,-1.22, , ,2.75,1.03,1.02,3.6,3.94,-11.39,-10.38,-10.43,14.97,15.35,15.72,3.86,1.74,4.21,4.35,,,,
749,97069470,11/4/2025,18:16:27,,,-0.72,-0.35,-0.89,-2.27,5.09,4.99,5.14,5.85,-2.05,0.27,0.38,0.87,3.0,2.61,2.79,4.43, , , , , , , , ,-1.16,-1.69,0.33,3.26,0.73,2.27,0.74,4.19,6.61,4.59,3.22,-3.18, ,9.59, ,0.64,1.83, ,7.72,4.82, , , ,-2.42, , ,4.63, ,-0.09,2.61, ,0.24,-0.3,1.49,3.62,1.56,1.22,1.17,4.74,4.7,3.55,4.26,-0.06, ,7.54, ,2.41,-1.34, ,4.53,1.6, , , ,0.02, , ,1.95,1.02,1.56,4.02,4.63,-10.95,-10.86,-10.39,14.99,15.23,15.58,3.94,0.95,3.9,4.27,,,,
750,97068878,11/4/2025,18:17:10,,,-1.34,-0.39,-1.11,-2.22,4.99,5.04,5.26,5.71,-1.78,-1.27,0.06,-1.14,3.14,2.53,2.89,4.92, , , , , , , , ,-2.94,-1.79,0.35,3.69,0.84,1.8,0.69,3.93,6.28,5.3,2.7,-2.37, ,5.56, ,0.78,1.46, ,4.62,4.46, , , ,-3.45, , ,1.64, ,-0.13,3.26, ,-2.12,-0.4,2.72,3.65,1.32,1.15,1.45,4.84,4.9,4.04,2.91,-1.1, ,6.18, ,1.78,-0.86, ,4.45,2.71, , , ,-0.42, , ,2.03,0.98,1.23,3.75,4.27,-11.83,-10.76,-10.91,14.54,14.94,15.53,3.32,1.57,4.01,4.2,,,,
751,97068852,11/4/2025,18:17:51,,,-0.22,0.46,-0.02,-2.67,5.12,4.47,4.95,7.26,-1.11,-0.8,1.34,-0.67,3.8,3.55,-0.32,8.46, , , , , , , , ,-1.95, ,1.06, ,0.36,1.7,0.69,4.15,5.55,4.73,2.1,-1.24, ,7.01, ,0.83,1.02, ,4.99,5.06, , , ,-3.03, , ,1.98, ,-0.21,3.22, ,-3.73,-1.08,4.02,3.67,0.82,1.6,0.68,4.79,4.54,3.87,0.88,-3.08, ,4.82, ,1.29,0.1, ,4.67,4.58, , , ,-0.41, , ,2.19,1.14,1.38,3.76,4.4,-11.75,-10.88,-10.85,14.5,15.12,15.69,3.87,1.81,4.05,4.54,,,,
752,97068902,11/4/2025,18:18:34,,,-0.57,0.08,-0.47,-2.18,4.68,5.2,5.12,5.79,-0.38,-1.11,-0.33,-0.71,3.5,2.01,3.1,4.9, , , , , , , , ,-1.94, ,0.67, ,0.75,1.64,0.81,4.0,6.07,4.87,2.57,-1.19, ,4.59, ,0.9,1.13, ,4.55,5.69, , , ,-2.73, , ,0.61, ,0.65,3.39, ,0.52,-0.24,1.49,3.05,0.97,1.49,0.9,4.86,4.55,3.69,4.17,0.07, ,7.71, ,2.42,-0.88, ,5.5,1.93, , , ,-1.95, , ,-1.16,0.83,1.59,3.74,4.3,-10.79,-11.04,-10.45,14.5,14.82,15.29,4.38,1.2,4.58,4.13,,,,
753,97068886,11/4/2025,18:19:16,,,-0.38,-0.23,-0.89,-2.48,4.93,4.82,4.9,5.77,-0.7,-1.21,-0.69,-0.44,3.2,2.19,2.68,4.16, , , , , , , , ,-2.71,-1.96,0.84,3.57,0.4,1.95,0.39,4.02,6.28,4.12,2.07,-2.24, ,5.17, ,0.58,1.5, ,5.25,6.04, , , ,-2.54, , ,1.02, ,0.33,3.01, ,-2.7,-0.38,2.7,3.92,0.98,1.29,0.83,4.42,5.17,4.39,1.98,-2.81, ,5.46, ,1.48,0.21, ,3.99,2.55, , , ,0.23, , ,1.87,1.12,1.52,3.79,4.59,-11.38,-10.22,-10.52,14.29,15.54,15.58,3.6,1.67,4.6,4.02,,,,
754,97068860,11/4/2025,18:19:59,,,-1.08,0.16,-0.74,-1.58,4.54,4.64,5.18,5.35,-0.63,-0.6,-0.03,0.0,3.2,2.87,3.82,5.87, , , , , , , , ,-2.68, ,1.25, ,0.67,1.85,0.63,4.41,5.85,5.03,1.89,-1.97, ,5.25, ,0.78,1.73, ,4.71,6.44, , , ,-2.54, , ,1.08, ,0.79,3.27, ,-2.35,-0.53,2.55,3.67,0.84,1.58,0.77,4.58,5.03,4.37,2.85,-2.18, ,6.26, ,1.75,-0.33, ,4.94,2.74, , , ,-1.01, , ,3.03,0.89,1.23,3.86,4.26,-11.23,-10.68,-10.33,14.29,15.14,15.51,4.02,1.93,4.53,4.04,,,,
755,97069496,11/4/2025,18:34:25,,,-0.87,-0.75,-0.91,-2.32,5.06,5.17,5.17,6.24,-0.38,0.11,0.57,0.62,3.45,2.42,3.06,4.69, , , , , , , , ,-2.56,-1.64,0.81,3.8,0.57,1.66,0.89,4.19,5.95,4.73,1.79,-1.68, ,5.63, ,0.73,1.63, ,4.26,4.41, , , ,-4.15, , ,1.7, ,-0.49,3.7, ,-1.92,-0.68,2.71,3.76,1.48,1.57,0.66,4.65,4.84,4.17,2.74,-1.75, ,5.73, ,1.63,-0.73, ,3.78,2.55, , , ,-0.23, , ,2.03,1.01,1.51,4.14,4.62,-11.54,-10.82,-10.64,14.33,15.52,15.43,3.9,1.55,4.6,4.09,,,,
756,97068837,11/4/2025,18:48:06,,,0.39,1.08,-0.23,-1.77,5.48,4.51,4.51,7.17,-1.59,-0.52,0.26,-1.51,4.05,4.03,3.51,8.88, , , , , , , , ,-3.62,-2.32,0.8,3.37,1.31,2.09,0.58,4.52,4.67,4.11,1.55,-2.84, ,4.87, ,0.57,2.1, ,4.78,4.96, , , ,-3.36, , ,1.71, ,-0.03,3.71, ,-2.66,-0.89,2.62,3.27,0.96,1.52,0.88,5.0,4.17,4.15,2.57,-2.19, ,4.8, ,1.62,-0.5, ,3.75,2.84, , , ,-0.27, , ,1.58,1.0,1.3,4.1,5.02,-11.47,-10.37,-10.51,15.14,15.04,15.66,3.54,1.25,3.93,4.72,,,,
757,97068845,11/4/2025,18:48:48,,,-0.32,0.37,-0.26,-2.47,4.92,4.32,4.66,7.05,-0.6,-0.12,1.43,0.52,4.1,3.16,-0.03,7.76, , , , , , , , ,-1.66, ,2.12, ,0.65,1.8,0.53,4.04,6.07,5.07,1.3,-0.42, ,5.15, ,0.92,0.79, ,3.99,4.92, , , ,-4.02, , ,1.4, ,-0.27,3.67, ,-3.64,-0.89,3.11,3.65,0.72,1.62,0.34,4.85,4.18,3.78,1.27,-3.47, ,5.51, ,1.24,0.55, ,4.44,3.77, , , ,0.31, , ,2.18,0.95,1.55,3.62,4.32,-11.52,-10.76,-10.63,14.39,15.25,15.39,4.03,1.66,4.71,4.11,,,,
758,97052120,11/4/2025,18:49:30,,,-0.6,0.04,-0.25,-3.08,4.6,4.74,4.27,7.83,-0.95,-0.9,0.13,-0.61,4.25,3.9,3.77,8.14, , , , , , , , ,-1.38,-1.69,0.79,3.37,0.56,1.77,0.4,4.01,6.07,4.75,2.61,-0.08, ,4.23, ,1.19,1.06, ,4.23,4.6, , , ,-3.06, , ,1.0, ,-0.29,3.74, ,-2.89,-0.86,2.57,3.36,0.49,1.62,0.09,4.67,4.51,3.76,2.71,-1.12, ,6.65, ,1.8,-0.9, ,4.27,3.19, , , ,-1.39, , ,2.08,1.09,1.25,3.64,4.35,-11.27,-10.27,-10.25,14.35,15.13,15.44,3.61,1.62,4.57,4.44,,,,
759,97052906,11/4/2025,18:53:00,,,-0.63,0.35,-0.48,-1.14,5.02,4.28,4.81,4.77,-0.79,-0.82,-0.78,0.29,3.51,2.19,2.68,4.68, , , , , , , , ,-1.02,-1.16,-0.14,3.37,0.89,1.48,1.04,3.91,6.41,4.52,3.43,-0.03, ,4.44, ,1.11,0.93, ,4.78,5.08, , , ,-2.84, , ,0.58, ,0.12,3.22, ,-1.98,-0.54,3.06,3.38,0.9,1.25,0.87,4.37,4.43,4.11,2.46,-1.12, ,5.17, ,1.89,-1.01, ,4.05,4.17, , , ,-0.79, , ,2.02,1.47,1.5,3.68,4.42,-11.13,-10.48,-10.17,14.01,15.21,15.44,3.93,1.27,4.91,3.83,,,,
760,97052880,11/4/2025,18:53:41,,,-0.96,-0.23,-0.71,-2.13,4.98,4.8,4.98,5.73,-0.81,-0.4,0.06,0.31,3.13,2.32,2.64,4.95, , , , , , , , ,-1.85,-1.25,1.04,3.09,0.9,1.59,0.84,3.97,6.57,4.55,1.95,-0.82, ,4.97, ,0.96,1.76, ,4.64,5, , , ,-3.34, , ,1.59, ,-0.2,3.77, ,-3.24,-0.67,3.23,3.85,1.07,1.33,1.05,4.76,4.88,4.28,2.6,-1.62, ,5.39, ,1.55,-0.79, ,4.03,3.05, , , ,-2.63, , ,2.19,0.72,0.43,3.68,4.01,-11.29,-10.63,-10.46,14.29,15.28,15.31,3.47,1.39,4.53,3.92,,,,
761,97068829,11/4/2025,18:54:23,,,-0.84,-0.44,-0.83,-2.13,5.11,5.27,5.25,6.11,-0.53,0.1,0.35,0.68,3.12,2.66,2.77,5.69, , , , , , , , ,-2.44,-1.41,0.39,3.23,0.84,2.01,0.66,4.36,6.84,4.77,2.12,-1.27, ,5.46, ,0.36,-0.09, ,4.71,4.07, , , ,-4.22, , ,1.9, ,-0.68,3.58, ,-3.6,-0.98,3.36,3.99,1.18,1.27,1.06,4.53,4.64,4.18,1.23,-3.01, ,5.43, ,1.21,0.13, ,3.73,3.66, , , ,-0.51, , ,2.07,1.08,1.55,3.78,4.36,-11.21,-10.77,-10.47,13.75,14.8,14.99,3.52,1.13,4.76,3.78,,,,
762,97052872,11/4/2025,18:55:05,,,-0.36,0.61,-0.27,-2.31,5.08,4.07,3.5,6.65,-0.73,-0.99,-0.13,-0.83,4.52,3.87,3.71,8.25, , , , , , , , ,-0.15, ,-0.09, ,0.83,1.62,1.11,4.01,5.94,4.32,3.64,0.06, ,6.41, ,1.22,0.59, ,5.21,3.77, , , ,-3.05, , ,1.97, ,-0.22,3.38, ,-1.83,-0.62,1.97,3.81,0.57,1.62,0.1,4.24,4.0,3.69,2.27,0.05, ,7.08, ,1.82,-1.9, ,5.29,3.87, , , ,-1.32, , ,2.32,0.77,0.76,3.56,4.23,-11.3,-10.5,-10.3,14.94,15.22,15.99,3.41,1.35,4.27,4.29,,,,
763,97052898,11/4/2025,18:55:46,,,-1.12,-0.05,-0.84,-1.72,4.94,5.17,5.16,5.51,-0.58,-0.16,-0.09,0.77,3.37,2.17,2.74,4.81, , , , , , , , ,-1.91,-1.16,0.91,4.03,0.65,1.48,0.85,3.91,6.33,5.47,2.26,-0.67, ,6.27, ,1.01,1.37, ,4.62,3.78, , , ,-4.12, , ,2.47, ,-0.71,3.77, ,-3.25,-0.6,3.79,4.17,0.99,1.38,1.04,5.16,4.41,4.3,1.26,-2.54, ,4.87, ,1.34,-0.25, ,4.03,3.65, , , ,-0.89, , ,1.98,0.96,1.29,3.65,4.26,-11.29,-10.72,-10.29,14.0,14.86,15.12,4.62,1.22,4.57,4.09,,,,
764,97052864,11/4/2025,18:56:33,,,-0.3,-0.18,-0.27,-1.79,4.64,4.34,4.5,4.69,-1.25,-0.37,0.07,0.38,4.2,3.01,3.02,5.04, , , , , , , , ,-1.05,-1.62,0.2,3.6,0.82,1.96,0.56,3.95,6.13,4.88,3.06,0.38, ,6.05, ,1.15,-0.14, ,4.65,3.69, , , ,-3.64, , ,1.83, ,-0.58,3.82, ,-2.67,-0.69,2.49,3.69,1.16,1.19,1.14,4.45,4.5,4.06,2.68,-2.35, ,5.63, ,1.52,-0.28, ,4.49,3.16, , , ,-0.66, , ,2.12,0.97,1.4,3.81,4.4,-11.12,-10.52,-10.33,14.07,15.01,14.87,4.16,1.28,4.43,4.18,,,,
765,97052849,11/4/2025,19:01:57,,,-0.38,0.05,-0.15,-1.46,4.64,4.52,4.73,5.14,-1.3,-1.09,-0.15,-0.54,3.92,2.98,3.14,5.21, , , , , , , , ,-0.69,-1.22,-0.39,3.33,0.83,1.89,1.17,4.17,6.07,4.59,2.75,0.01, ,7.59, ,1.02,-0.01, ,5.09,3.86, , , ,-3.99, , ,3.18, ,-0.44,3.69, ,-3.0,-0.72,2.66,4.14,1.09,1.25,1.17,4.73,5.0,4.53,2.53,-1.46, ,5.61, ,1.48,-1.2, ,4.15,2.67, , , ,-2.14, , ,2.11,0.82,0.68,3.59,4.11,-11.11,-10.37,-10.25,13.86,15.18,15.01,4.13,1.37,4.97,3.94,,,,
766,97052823,11/4/2025,19:06:23,,,-0.66,-0.78,-0.48,-2.48,4.8,4.69,5.26,5.25,-0.21,-0.52,-0.13,0.6,3.9,2.6,3.16,5.2, , , , , , , , ,-2.61,-1.67,1.19,3.84,0.8,1.98,0.76,4.0,6.2,4.87,1.66,-1.49, ,3.33, ,0.87,0.75, ,3.95,6.07, , , ,-2.46, , ,-0.33, ,0.28,3.48, ,-3.48,-0.97,2.88,3.96,0.55,1.74,0.89,4.88,4.64,3.85,2.09,-2.83, ,5.07, ,1.31,-0.53, ,3.89,3.55, , , ,0.5, , ,1.07,1.28,1.85,3.51,4.64,-11.24,-10.81,-10.71,14.66,15.18,15.41,3.9,1.32,4.46,4.29,,,,
767,97052831,11/4/2025,19:07:08,,,-0.59,-0.13,-0.48,-1.87,4.56,5.0,4.9,5.4,-0.53,-0.4,-0.19,0.33,3.7,2.95,3.26,5.06, , , , , , , , ,-0.32,-0.95,-0.62,3.09,0.74,1.7,0.87,4.0,6.25,4.82,3.98,0.62, ,4.66, ,1.17,-0.76, ,4.75,4.03, , , ,-4.98, , ,0.85, ,-0.24,3.67, ,-1.05,-0.47,2.32,3.36,0.94,1.67,1.04,4.4,4.54,3.63,3.57,-0.19, ,7.68, ,2.19,-1.7, ,5.03,2.36, , , ,-1.21, , ,2.07,0.75,0.86,3.45,4.05,-11.25,-10.78,-10.51,14.6,14.84,15.45,4.37,1.47,4.18,4.41,,,,
768,96379664,11/4/2025,19:07:56,,,-1.1,-0.39,-0.96,-2.18,4.8,4.74,5.24,5.15,-0.25,-0.21,0.09,0.98,3.4,2.46,2.97,5.27, , , , , , , , ,-2.04,-1.43,0.45,3.49,0.91,2.07,1.09,4.28,6.37,4.97,2.96,-0.87, ,5.15, ,0.86,0.98, ,5.02,5.47, , , ,-3.62, , ,0.77, ,-0.29,2.99, ,-1.99,-0.77,2.59,3.84,0.35,1.8,0.39,4.89,4.75,4.28,2.79,-0.56, ,6.22, ,1.8,-0.93, ,4.45,3.48, , , ,-1.85, , ,1.95,0.85,0.67,3.49,4.13,-11.21,-10.66,-10.41,14.43,14.78,15.4,4.29,1.72,4.37,4.42,,,,
769,96379672,11/4/2025,19:09:23,,,-0.16,0.61,-0.05,-2.54,4.9,3.72,4.37,6.65,-0.98,-1,0.02,-1.63,4.27,4.12,3.52,8.26, , , , , , , , ,-2.79,-2.06,0.63,3.31,0.72,2.19,0.23,4.26,6.47,4.67,2.18,-1.51, ,4.97, ,0.71,1.66, ,4.79,4.88, , , ,-3.78, , ,1.06, ,-0.64,3.25, ,-2.05,-0.69,2.92,3.51,0.54,1.73,0.99,5.13,4.44,3.95,2.18,-1.69, ,5.73, ,1.46,-0.83, ,4.5,3.84, , , ,0.06, , ,1.45,1.06,1.58,3.37,4.27,-11.36,-10.85,-10.48,14.4,14.94,15.34,3.44,1.12,4.18,3.93,,,,
770,97061287,11/4/2025,19:10:25,,,-0.11,0.6,-0.05,-2.0,4.96,3.97,3.13,6.41,-1.59,-0.96,0.15,-1.16,3.72,3.91,3.28,7.99, , , , , , , , ,-3.45,-2.15,-0.09,3.39,0.66,1.86,0.47,4.0,5.85,4.57,2.95,-2.44, ,5.37, ,0.88,2.03, ,5.14,4.49, , , ,-3.54, , ,1.46, ,-0.27,3.64, ,-2.72,-0.79,2.78,3.66,0.83,1.47,0.84,4.61,4.48,4.0,2.43,-2.14, ,6.99, ,1.47,-1.03, ,4.79,3.0, , , ,-0.96, , ,2.16,0.72,1.12,3.54,3.91,-11.4,-10.5,-10.37,14.34,15.62,15.72,3.54,1.43,4.46,4.02,,,,
771,96379656,11/4/2025,19:11:31,,,-0.74,0.51,-0.62,-0.72,4.42,4.34,4.8,4.32,-0.78,-1.11,-0.37,-0.46,3.71,2.82,3.07,5.22, , , , , , , , ,-3.03,-1.94,0.39,3.59,0.55,2.49,0.28,4.12,6.15,4.91,2.61,-1.52, ,4.3, ,0.81,1.32, ,4.6,5.68, , , ,-2.93, , ,-0.3, ,0.46,2.99, ,-2.28,-0.94,2.11,3.4,0.67,2.08,0.64,3.93,4.96,4.14,2.61,-1.69, ,5.66, ,1.65,-0.86, ,4.19,2.83, , , ,-0.67, , ,2.09,0.92,1.14,3.87,4.41,-11.11,-11.55,-10.83,14.44,14.24,15.08,3.8,1.89,4.19,4.67,,,,
772,96379631,11/4/2025,19:15:30,,,-0.72,-0.51,-0.71,-2.39,4.74,5.06,4.97,5.89,-0.58,-1.06,-0.32,-0.35,3.25,2.13,2.4,4.57, , , , , , , , ,-1.35,-1.95,0.27,3.25,0.78,2.35,0.22,4.2,5.89,4.32,3.08,0.04, ,5.67, ,1.01,0.08, ,4.81,4.17, , , ,-4.06, , ,1.39, ,-0.46,3.54, ,-2.32,-0.98,2.89,2.97,0.75,1.78,0.64,4.78,4.98,4.1,2.39,-1.49, ,5.42, ,1.71,-0.36, ,4.68,3.41, , , ,-0.16, , ,1.98,1.11,1.37,3.39,4.13,-11.47,-10.61,-10.49,14.1,14.96,15.15,3.43,0.95,3.99,4.32,,,,
773,96379649,11/4/2025,19:16:11,,,-0.42,0.03,-0.57,-1.22,4.94,4.83,5.06,5.37,-1.13,-0.99,-0.4,-0.41,3.85,2.23,3.18,5.57, , , , , , , , ,-2.66,-2.42,-0.09,3.21,0.46,2.16,0.14,3.97,6.19,4.46,3.02,-2.17, ,5.7, ,0.84,1.18, ,5.01,4.15, , , ,-3.36, , ,1.94, ,-0.06,3.74, ,-2.98,-0.91,3.5,3.83,0.82,1.85,0.82,4.51,5.06,4.13,1.27,-2.55, ,4.87, ,1.36,-0.12, ,4.08,3.39, , , ,-0.83, , ,2.57,0.75,1.18,3.8,4.17,-11.27,-10.79,-10.4,13.97,14.87,15.09,4.0,1.12,4.35,4.11,,,,
774,96379615,11/4/2025,19:16:53,,,-0.33,0.52,-0.3,-3.06,4.62,4.04,3.13,6.95,-2.12,-1.1,0.27,-1.78,4.53,4.43,3.5,7.58, , , , , , , , ,-1.88,-1.9,0.35,3.43,0.68,1.94,0.16,4.05,6.18,5.02,2.67,-0.39, ,6.72, ,0.91,0.53, ,5.33,4.66, , , ,-4.6, , ,1.5, ,-0.95,3.12, ,-1.13,-0.67,2.48,3.66,1.02,1.27,1.04,4.39,4.63,4.12,3.11,-0.08, ,6.19, ,1.9,-1.99, ,4.17,2.48, , , ,-0.81, , ,1.72,1.0,1.28,3.45,4.21,-11.21,-10.6,-10.25,13.92,14.89,15.25,4.17,1.44,4.69,4.31,,,,
775,96379623,11/4/2025,19:17:34,,,-0.55,-0.95,-0.83,-3.06,4.57,4.72,5.03,5.65,-1.08,-0.34,0.18,0.13,3.85,2.55,3.21,5.13, , , , , , , , ,-1.35,-1.53,0.25,3.27,0.88,2.17,0.73,4.05,6.09,4.81,2.72,-0.38, ,5.62, ,1.0,0.31, ,4.67,4.49, , , ,-3.04, , ,1.52, ,0.09,3.78, ,-2.4,-0.67,2.72,2.95,1.06,1.4,0.94,5.32,4.41,4.29,2.31,-2.0, ,6.58, ,1.79,-1.3, ,4.5,2.87, , , ,-0.5, , ,2.33,1.3,1.38,3.58,4.09,-10.88,-10.57,-10.12,14.06,14.79,15.09,4.11,1.09,4.13,4.18,,,,
776,96379607,11/4/2025,19:18:16,,,-0.56,0.15,-0.72,-1.31,4.68,4.75,4.71,5.54,-0.62,-0.25,-0.03,0.44,3.6,3.01,3.0,5.34, , , , , , , , ,-2.38,-2.02,0.43,3.39,0.73,1.99,0.36,3.68,6.16,4.8,2.87,-1.21, ,6.83, ,0.72,0.59, ,5.38,4.11, , , ,-4.03, , ,2.63, ,-0.89,3.52, ,-1.13,-0.53,2.27,3.8,0.67,1.77,1.06,4.84,4.84,4.43,3.37,0.03, ,7.59, ,2.09,-1.52, ,4.54,2.35, , , ,-1.46, , ,2.14,0.85,0.82,3.44,3.87,-10.68,-11.34,-10.52,14.08,14.88,15.11,4.46,0.68,4.88,3.89,,,,
777,96380670,11/4/2025,19:23:08,,,-0.73,0.15,-0.18,-2.76,4.97,4.48,4.37,7.27,-1.57,-0.73,0.71,-1.3,3.99,3.92,3.06,7.69, , , , , , , , ,-2.4,-2.08,0.96,3.43,0.77,1.69,0.32,4.04,5.87,4.31,2.17,-0.91, ,6.64, ,0.95,1.68, ,5.22,4.67, , , ,-4.57, , ,2.06, ,-1.13,3.39, ,-2.19,-0.55,3.5,3.9,0.99,1.75,1.15,5.11,5.13,4.47,1.94,-1.79, ,4.09, ,1.52,-1.17, ,3.52,3.18, , , ,-1.32, , ,1.55,1.12,1.29,3.95,4.91,-11.15,-10.77,-10.28,14.36,15.07,15.3,3.45,1.3,4.04,4.29,,,,
778,97058713,11/4/2025,19:25:26,,,0.35,0.18,0.31,-3.1,4.86,4.21,4.48,7.27,-0.97,-1.17,1.02,-1.3,3.58,4.32,-0.27,8.8, , , , , , , , ,-3.51, ,1.15, ,0.77,1.72,0.25,4.0,6.35,4.7,1.42,-2.01, ,5.2, ,0.85,2.77, ,4.48,5.41, , , ,-3.5, , ,0.94, ,-0.02,3.63, ,0.75,-0.79,1.66,2.77,0.73,1.93,0.48,4.74,4.32,3.19,4.17,0.91, ,6.61, ,2.63,-1.88, ,4.89,2.88, , , ,-0.41, , ,1.74,1.14,1.52,3.6,4.53,-11.22,-10.82,-10.33,14.29,15.09,15.35,3.82,0.96,4.19,4.2,,,,
779,96380647,11/4/2025,19:26:13,,,-0.59,0.46,-0.09,-2.45,5,4.81,3.09,7.59,-1.0,-0.68,0.31,-0.74,4.19,3.83,3.08,8.01, , , , , , , , ,-1.89,-1.91,0.3,3.43,0.73,1.68,0.52,3.92,6.06,4.38,2.44,-1.24, ,4.27, ,1.02,2.28, ,4.36,5.63, , , ,-2.47, , ,0.3, ,0.49,3.42, ,-2.5,-1.21,2.8,3.09,0.88,1.72,0.17,4.47,4.38,4.13,2.23,-1.71, ,5.46, ,1.75,-0.81, ,3.78,3.06, , , ,-0.08, , ,1.03,1.18,1.44,3.65,4.73,-11.24,-10.76,-10.33,13.97,15.33,15.4,3.49,1.08,4.72,3.65,,,,
780,96380662,11/4/2025,19:27:16,,,-0.12,0.73,0,-2.42,4.73,4.77,2.56,7.86,-1.16,-1.13,0.12,-1.43,3.69,3.66,3.03,7.88, , , , , , , , ,-2.22,-1.73,1.68,4.19,1.05,1.81,0.49,3.7,6.35,5.15,1.04,-1.63, ,5.73, ,0.63,1.15, ,4.55,4.79, , , ,-2.91, , ,1.75, ,0.05,3.53, ,-1.64,-0.89,4.58,3.72,1.21,1.51,0.58,4.84,4.53,3.89,0.99,-1.28, ,3.38, ,1.66,-0.19, ,4.12,4.85, , , ,-0.26, , ,1.98,0.98,1.37,3.8,4.59,-11.13,-10.84,-10.35,14.41,15.73,15.78,4.04,1.53,4.79,4.62,,,,
781,96380621,11/4/2025,19:28:19,,,-0.8,0.56,-0.48,-0.5,4.36,4.06,4.52,4.24,-1.28,-0.73,0.11,-0.43,3.68,3.26,3.37,5.07, , , , , , , , ,-3.43,-1.62,0.6,3.86,0.84,1.77,0.68,3.8,6.15,5.21,2.29,-2.45, ,6.8, ,0.66,2.21, ,5.04,4.35, , , ,-3.9, , ,2.68, ,-0.58,3.55, ,-2.57,-0.85,2.67,3.65,1.55,1.05,1.38,4.82,5.1,4.1,2.27,-0.78, ,5.02, ,1.77,-1.49, ,3.85,3.26, , , ,-1.5, , ,1.07,1.09,1.08,3.41,4.51,-11.33,-10.65,-10.48,14.31,15.08,15.19,3.43,1.07,4.03,3.88,,,,
782,96380639,11/4/2025,19:29:09,,,-0.4,0.32,-0.27,-2.94,4.79,4.36,4.43,7.14,-0.92,-0.77,-0.21,-0.97,4.46,4.11,3.65,8.01, , , , , , , , ,-2.95,-1.79,0.17,3.36,0.98,1.71,0.58,4.31,6.51,4.61,2.75,-1.99, ,6.65, ,0.66,1.45, ,5.41,4.21, , , ,-4.2, , ,2.2, ,-0.73,3.16, ,-0.74,-0.63,2.69,3.13,0.82,1.69,0.56,5.1,4.2,3.21,3.14,0.22, ,6.27, ,1.87,-1.65, ,4.8,3.15, , , ,-1.12, , ,2.19,0.8,0.98,3.74,4.3,-11.0,-11.04,-10.41,14.45,14.94,15.59,3.84,0.99,4.01,4.25,,,,
783,96380605,11/4/2025,19:30:18,,,-0.86,0.37,-0.66,-1.62,4.98,4.61,5.05,5.2,-0.61,-1.23,-0.79,-0.29,3.45,2.74,3.21,5.78, , , , , , , , ,-3.88,-1.95,0.71,3.71,0.63,1.99,0.52,4.31,6.52,5.13,2.09,-3.45, ,6.54, ,0.38,2.49, ,5.06,4.74, , , ,-3.43, , ,2.1, ,-0.57,3.25, ,-3.5,-0.89,2.68,3.78,0.67,1.29,0.69,4.82,4.7,4.34,2.65,-2.36, ,5.89, ,1.56,-0.88, ,4.56,2.82, , , ,-1.21, , ,2.87,0.84,0.89,3.69,3.76,-10.9,-10.66,-10.22,14.37,15.3,15.53,3.7,1.22,4.8,4.15,,,,
784,96380613,11/4/2025,19:31:07,,,-0.07,0.1,0.02,-3.17,4.45,4.47,4.25,7.29,-1.24,-0.38,-0.17,0.23,4.38,3.69,3.29,7.15, , , , , , , , ,-2.19,-1.15,-0.03,3.68,0.63,1.38,1.06,4.07,6.25,4.48,2.99,-1.29, ,6.08, ,0.76,1.06, ,4.88,3.99, , , ,-4.34, , ,1.5, ,-0.5,3.48, ,-2.45,-0.88,2.82,3.4,0.6,1.57,0.4,4.6,4.21,3.61,2.36,-2.08, ,6.17, ,1.53,-0.83, ,4.42,3.13, , , ,-0.55, , ,2.47,0.88,0.97,4.08,4.36,-10.85,-10.73,-10.09,13.85,15.15,15.14,3.72,1.2,5.06,3.96,,,,
785,96380225,11/4/2025,19:32:03,,,-1.25,0.18,-0.62,-1.73,4.5,4.73,4.78,4.82,-0.56,-1.07,-0.3,-0.73,3.31,2.77,2.68,5.07, , , , , , , , ,-2.99,-1.59,0.99,3.51,0.79,1.96,0.77,4.24,6.25,5.04,1.98,-1.61, ,5.71, ,0.67,1.36, ,4.49,4.89, , , ,-3.5, , ,1.69, ,-0.35,3.51, ,-4.11,-0.76,3.87,4.32,0.78,1.16,0.66,4.78,5.06,5.14,1.56,-2.5, ,5.14, ,1.34,-0.43, ,3.6,3.46, , , ,-0.96, , ,1.82,0.96,0.97,3.29,4.07,-11.44,-10.59,-10.51,14.16,15.15,15.47,3.49,1.08,4.25,3.97,,,,
786,96380597,11/4/2025,19:45:12,,,-1.3,0.01,-0.67,-1.38,4.88,4.68,5.09,5.31,-0.82,-0.56,0.01,-0.46,3.74,3.49,3.4,5.98, , , , , , , , ,-1.4, ,0.55, ,0.48,1.9,0.85,4.1,6.65,4.55,2.94,-0.41, ,5.54, ,0.95,0.68, ,5.12,4.16, , , ,-3.58, , ,1.73, ,0.04,3.55, ,-0.63,-0.03,2.82,2.96,1.34,0.83,1.63,4.52,4.48,3.67,2.92,0.0, ,5.31, ,1.9,-1.34, ,4.36,4.12, , , ,-0.91, , ,1.92,0.81,0.93,3.54,4.58,-10.95,-10.85,-10.33,13.7,15.44,15.47,3.58,1.44,4.74,3.61,,,,
787,97052856,11/4/2025,19:46:36,,,-1.01,-0.94,-1.27,-2.72,4.82,5.07,5.79,5.59,-0.71,-0.52,-0.09,0.1,3.55,3.03,3.31,5.67, , , , , , , , ,-3.38, ,0.58, ,0.72,1.98,0.62,4.04,6.15,4.87,2.35,-2.25, ,5.68, ,0.86,1.53, ,4.5,4.86, , , ,-3.3, , ,1.4, ,-0.28,3.56, ,-1.59,-0.56,2.58,2.98,0.62,1.22,0.92,4.8,4.22,3.62,3.49,-0.02, ,5.99, ,2.11,-1.61, ,4.92,3.43, , , ,-1.85, , ,2.49,1.08,0.84,3.97,4.52,-11.52,-10.28,-10.42,14.78,15.02,15.66,3.91,1.88,4.21,4.63,,,,
788,96380191,11/4/2025,19:49:25,,,-0.12,0.34,-0.46,-1.63,4.79,5.03,5.06,5.65,-0.16,-0.91,-0.3,-0.25,3.3,2.59,3.0,5.68, , , , , , , , ,-1.71,-1.41,0.46,3.47,0.33,1.76,0.71,4.26,6.25,4.83,3.33,-0.46, ,6.62, ,0.99,0.02, ,4.91,4.09, , , ,-4.18, , ,2.68, ,-0.56,3.43, ,-1.42,-0.81,1.6,2.39,0.82,1.17,0.71,4.61,4.4,3.86,3.1,0.45, ,7.08, ,1.99,-1.45, ,5.34,3.82, , , ,-2.75, , ,2.76,0.49,0.15,3.46,3.65,-11.38,-10.66,-10.42,13.97,14.99,15.51,3.71,1.17,4.41,4.39,,,,
789,96380209,11/4/2025,19:50:07,,,-0.67,0.08,-0.67,-1.5,5.03,4.48,5.79,5.05,-0.61,-0.74,-0.42,-0.2,3.7,3.98,3.86,6.42, , , , , , , , ,-2.32, ,0.92, ,0.85,2.34,0.5,4.43,6.79,5.1,2.33,-1.52, ,5.8, ,0.78,0.65, ,4.82,4.34, , , ,-3.68, , ,2.04, ,-0.1,3.49, ,-3.03,-0.94,2.42,3.59,1.28,1.09,1.11,4.48,4.25,3.87,1.73,-2.88, ,5.19, ,1.29,-0.19, ,4.46,3.55, , , ,0.1, , ,2.55,1.07,1.87,3.84,4.45,-10.83,-11.41,-10.44,14.33,14.61,15.36,3.92,1.22,4.18,4.0,,,,
790,96380167,11/4/2025,19:50:50,,,-0.31,0.44,0.1,-2.54,4.9,4.28,4.36,7.06,-0.78,-0.63,0.28,-0.66,3.93,3.9,3.46,8.1, , , , , , , , ,-0.75,-1.63,-0.39,3.2,0.62,1.84,0.66,4.52,6.22,4.69,4.15,0.67, ,6.26, ,1.42,-0.15, ,5.35,3.82, , , ,-4.4, , ,1.86, ,-0.91,3.02, ,-2.51,-0.41,2.69,3.63,0.38,1.34,0.56,4.79,4.48,4.23,2.45,-1.17, ,7.46, ,1.62,-1.44, ,5.0,2.24, , , ,-1.57, , ,2.77,0.62,0.6,3.38,3.77,-10.91,-10.3,-10.01,14.05,15.39,15.56,3.56,1.45,4.3,4.58,,,,
791,96380183,11/4/2025,19:51:32,,,-1.39,0.21,-0.82,-0.99,4.69,4.04,4.98,4.57,-0.26,-1.06,-0.49,-0.12,3.81,2.67,3.05,5.47, , , , , , , , ,-1.95,-1.01,1.39,4.03,1.11,1.81,0.95,3.8,6.38,5.08,1.57,-0.65, ,5.02, ,0.88,0.95, ,4.13,4.81, , , ,-4.12, , ,1.52, ,-0.03,3.57, ,-2.23,-0.46,3.04,3.25,0.88,1.47,0.92,5.22,4.68,4.11,1.08,-1.63, ,3.73, ,1.52,-0.14, ,4.23,4.58, , , ,-0.14, , ,1.74,1.2,1.77,3.86,4.82,-11.15,-10.56,-10.16,13.8,15.03,15.12,3.94,1.3,3.8,4.1,,,,
792,96380142,11/4/2025,19:52:14,,,-0.4,-0.63,-0.83,-2.18,5.19,5.26,5.81,5.76,-1.45,-0.6,-0.38,0.11,3.74,2.59,3.47,5.31, , , , , , , , ,-1.47,-1.01,0.45,3.48,0.69,1.67,1.36,4.14,6.57,5.14,2.92,0.24, ,5.28, ,1.11,-0.25, ,4.63,4.05, , , ,-4.04, , ,1.67, ,-0.52,3.45, ,-1.39,-0.71,3.17,3.17,1.62,0.89,1.49,4.69,4.35,3.13,2.94,0.58, ,6.86, ,2.15,-1.93, ,5.04,3.97, , , ,-1.3, , ,2.27,0.81,0.94,3.43,3.97,-11.45,-10.44,-10.37,14.22,15.04,15.32,3.84,1.22,4.95,3.62,,,,
793,96380159,11/4/2025,19:52:56,,,-0.23,0.29,-0.13,-1.41,4.55,4.74,4.54,5.24,-1.58,-1.4,-0.46,-0.98,4.04,2.97,3.16,4.96, , , , , , , , ,-1.03,-1.3,-0.23,3.52,0.69,1.72,0.95,4.14,5.9,4.5,4.01,-0.01, ,7.53, ,0.97,-0.41, ,5.56,3.45, , , ,-4.99, , ,3.35, ,-0.86,3.63, ,-2.15,-0.86,1.2,3.65,1.41,0.9,1.19,4.84,4.37,3.94,2.11,-0.8, ,5.75, ,1.83,-1.01, ,4.67,3.93, , , ,-1.25, , ,2.43,1.22,1.39,3.62,4.45,-11.45,-10.54,-10.41,13.92,15.54,15.56,3.62,0.98,4.77,3.63,,,,
794,96379300,11/4/2025,19:53:38,,,-1.17,0.25,-0.51,-1.53,5.19,4.88,5.49,5.55,-0.86,-0.75,0.21,-0.35,3.68,2.19,3.29,5.23, , , , , , , , ,0.12,-0.85,-4.23,4.03,0.65,1.4,0.94,4.19,5.95,5.27,3.37,0.31, ,6.07, ,1.34,0.78, ,4.46,3.55, , , ,-4.07, , ,2.29, ,-0.47,3.83, ,-3.76,-0.82,3.94,4.02,1.33,0.98,1.31,5.11,5.32,4.44,1.59,-2.37, ,4.73, ,1.44,-0.7, ,4.33,3.95, , , ,-0.75, , ,2.33,0.88,1.15,3.51,4.04,-11.52,-10.57,-10.61,14.22,14.66,15.26,3.68,1.17,3.77,4.55,,,,
795,96379326,11/4/2025,19:59:20,,,-1.29,0.97,-0.43,-0.48,5.02,4.42,5.21,4.96,-1.26,-1.02,-0.3,-0.51,3.83,2.45,3.36,5.77, , , , , , , , ,-2.1, ,0.22, ,0.92,1.86,0.66,3.98,6.5,4.85,3.34,-1.22, ,5.93, ,0.78,0.83, ,5.23,4.17, , , ,-3.46, , ,1.92, ,-0.46,3.5, ,-2.73,-0.8,4.48,3.59,1.51,1.11,1.39,4.72,4.9,3.84,1.21,-0.82, ,4.95, ,1.84,-0.8, ,4.35,4.54, , , ,-1.54, , ,2.55,0.97,0.94,3.62,4.31,-11.43,-10.46,-10.4,13.71,15.22,15.33,3.48,1.12,4.78,4.02,,,,
796,96379318,11/4/2025,20:00:30,,,-0.33,0.37,-0.34,-2.73,4.56,4.54,2.83,7.36,-1.83,-0.83,1.02,-1.19,3.77,3.8,-0.2,8.47, , , , , , , , ,-1.24, ,0.42, ,0.81,0.8,0.88,4.45,2.25,4.32,2.83,-0.62, ,3.9, ,0.8,0.31, ,5.19,5.71, , , ,-2.74, , ,0.66, ,0.43,2.94, ,-2.25,-0.65,1.22,3.21,0.97,1.35,1.09,4.78,4.94,4.25,2.55,-1.46, ,4.89, ,1.53,-0.93, ,4.27,3.16, , , ,-1.68, , ,2.65,0.77,1.26,3.92,4.26,-11.2,-10.85,-10.36,14.14,15.08,15.52,3.58,1.39,4.51,4.23,,,,
797,96380134,11/4/2025,20:03:10,,,-0.45,0.17,-0.27,-3.25,4.81,4.59,3.71,7.46,-1.9,-0.95,-0.07,-1.66,4.0,4.06,3.15,7.34, , , , , , , , ,-3.35,-1.82,0.87,3.4,0.54,1.31,0.94,4.17,5.2,4.64,1.91,-2.46, ,5.53, ,0.59,1.72, ,4.72,4.28, , , ,-3.17, , ,2.4, ,-0.17,3.71, ,-3.97,-0.75,3.08,3.73,1.42,1.17,1.18,4.86,4.48,4.07,1.64,-3.42, ,6.62, ,1.39,0.19, ,4.55,3.23, , , ,0.03, , ,2.35,1.2,1.63,3.61,4.04,-11.2,-11.25,-10.73,14.09,15.21,15.28,3.8,0.97,4.85,3.85,,,,
798,96379284,11/4/2025,20:21:38,,,-1.17,0.21,-0.6,-1.35,5.19,4.29,5.16,4.99,-0.48,-0.54,-0.17,0.1,3.91,2.97,3.4,5.9, , , , , , , , ,0.59, ,-0.16, ,0.73,1.71,1.02,4.16,6.06,4.21,4.69,0.43, ,5.73, ,1.33,-0.23, ,5.21,3.82, , , ,-2.41, , ,1.54, ,0.07,3.72, ,-2.85,-0.64,3.78,3.3,1.18,1.33,1.08,4.63,4.81,4.35,1.41,-1.66, ,4.86, ,1.45,-0.57, ,4.26,4.57, , , ,-0.51, , ,2.4,1.0,1.31,3.54,4.12,-11.21,-10.91,-10.45,13.66,15.19,15.46,3.27,1.08,4.5,3.92,,,,
799,96379268,11/4/2025,20:22:20,,,-0.92,0.02,0.17,-1.73,4.58,4.11,4.29,4.26,-0.71,-1.04,-0.52,-0.69,4.05,2.83,3.06,5.1, , , , , , , , ,-1.86,-1.01,1.22,3.96,0.79,1.46,0.85,3.97,6.49,5.35,2.08,-0.47, ,5.51, ,0.92,1.31, ,4.51,4.8, , , ,-3.4, , ,1.71, ,-0.11,3.45, ,-2.89,-1.29,2.99,2.98,0.97,1.29,0.67,4.68,5.0,4.13,2.38,-0.54, ,6.59, ,1.81,-1.57, ,4.52,4.1, , , ,-1.99, , ,1.98,0.77,0.64,3.2,3.85,-11.24,-11.08,-10.57,14.2,15.01,15.41,4.19,1.09,4.92,4.25,,,,
800,96379276,11/4/2025,20:23:25,,,-0.57,0.38,-0.22,-0.96,4.46,3.85,4.22,4.05,-0.56,-0.04,0.25,0.46,4.46,3.62,3.29,5.53, , , , , , , , ,-1.95,-1.37,0.58,3.74,0.83,1.59,1.04,4.14,6.11,4.8,2.63,-0.73, ,5.47, ,0.95,1.55, ,4.56,4.55, , , ,-3.2, , ,1.7, ,-0.03,3.83, ,-1.13,-0.23,4.32,3.77,1.26,0.88,1.37,4.78,4.35,3.63,1.99,-0.43, ,5.94, ,1.86,-1.24, ,4.45,4.27, , , ,-0.42, , ,2.9,1.33,1.73,3.96,4.11,-10.85,-10.33,-9.94,13.87,15.62,15.16,3.42,1.22,4.58,4.07,,,,
801,96379250,11/4/2025,20:24:19,,,-0.26,0.48,0.04,-2.34,4.88,4.07,4.37,6.66,-1.22,-0.83,0.64,-1.41,4.24,3.89,3.2,7.77, , , , , , , , ,-0.99,-1,1.15,3.87,0.95,1.32,1.19,4.13,6.37,4.9,2.11,0.04, ,4.82, ,1.06,1.02, ,4.98,5.85, , , ,-3.12, , ,0.53, ,0.34,2.98, ,-2.48,-0.73,1.53,3.71,0.96,1.75,0.52,4.8,4.7,4.32,2.06,-1.59, ,6.78, ,1.71,-1.3, ,4.29,2.18, , , ,-0.9, , ,3.05,1.13,1.04,3.69,3.98,-11.31,-10.99,-10.49,13.81,14.89,15.08,4.13,1.71,4.47,4.03,,,,
802,96379235,11/4/2025,20:25:34,,,-0.86,-0.4,-0.37,-2.01,4.68,4.09,4.25,4.28,-0.09,-0.76,-0.02,-0.28,3.51,3,2.97,5.16, , , , , , , , ,-0.56,-1.43,-0.64,2.77,0.55,1.53,0.73,4.03,6.44,4.28,4.2,-0.59, ,5.34, ,1.27,1.14, ,5.91,5.55, , , ,-1.61, , ,0.92, ,0.85,2.79, ,-4.45,-1.14,3.8,4.11,1.08,1.49,0.72,4.53,5.0,5.03,1.38,-2.66, ,6.91, ,1.64,-0.49, ,3.73,2.74, , , ,-1.7, , ,2.71,1.07,1.15,3.67,3.82,-11.05,-10.32,-10.15,13.84,15.41,15.24,3.84,1.78,4.31,4.29,,,,
803,96379243,11/4/2025,20:26:46,,,-0.83,-0.23,-0.82,-1.82,4.81,4.84,5.04,5.36,-0.49,-0.16,0.46,0.26,4.12,3.09,3.1,4.84, , , , , , , , ,-2.47,-2.11,0.48,3.26,0.74,2.05,0.06,4.1,6.68,4.73,2.32,-1.93, ,6.35, ,0.74,2.02, ,5.37,4.48, , , ,-3.4, , ,2.13, ,0.04,3.55, ,-2.3,-1.08,2.62,3.66,0.79,1.49,0.55,4.51,4.22,4.42,2.61,-1.51, ,5.56, ,1.87,-1.19, ,3.52,2.06, , , ,-0.84, , ,2.23,1.27,1.26,4.33,4.99,-11.22,-10.62,-10.47,13.72,14.82,14.86,4.03,1.17,4.39,4.0,,,,
804,96379219,11/4/2025,20:27:58,,,-0.32,-0.15,-0.3,-3.37,4.65,4.49,4.1,7.23,-0.59,-1.32,0.17,-1.53,4.23,4.06,3.02,7.2, , , , , , , , ,-1.16,-0.79,0.55,3.77,0.82,1.27,1.06,4.25,6.28,4.96,2.64,-0.66, ,6.04, ,1.02,1.15, ,4.99,4.48, , , ,-3.95, , ,2.2, ,-0.33,3.18, ,-3.61,-1.1,2.52,3.27,1.09,1.51,0.81,4.76,4.23,4.2,2.51,-2.49, ,6.6, ,1.65,-0.41, ,4.11,3.27, , , ,-1.4, , ,2.62,1.17,1.42,3.72,4.04,-11.17,-10.89,-10.58,13.47,15.14,15.16,4.01,1.37,5.34,4.57,,,,
805,96380217,11/4/2025,20:33:33,,,-0.95,-0.67,-0.68,-2.31,5.11,4.76,5.61,5.38,-0.52,-0.57,0.27,-0.01,3.62,2.61,3.31,5.89, , , , , , , , ,-2, ,0.22, ,0.61,1.68,0.73,4.2,6.43,4.71,3.06,-0.99, ,5.14, ,0.92,0.89, ,4.77,4.39, , , ,-2.98, , ,1.83, ,-0.08,3.56, ,-3.25,-0.89,3.58,4.16,1.14,1.25,1.01,5.03,4.9,4.6,1.32,-2.63, ,7.11, ,1.54,-0.14, ,4.14,3.1, , , ,-0.55, , ,3.0,1.16,1.38,3.65,3.91,-11.65,-10.53,-10.56,13.86,15.08,15.2,3.9,1.26,4.59,4.13,,,,
806,96379227,11/4/2025,20:36:34,,,-1.04,-0.24,-0.4,-1.94,4.73,4.02,4.77,4.34,-0.2,-0.27,0.36,0.5,3.8,2.74,3.0,4.54, , , , , , , , ,-1.66,-1.13,0.15,3.25,0.87,1.44,1.0,4.09,6.37,4.57,2.95,-1.31, ,6.08, ,0.89,1.55, ,5.22,4.49, , , ,-2.94, , ,2.27, ,0.21,3.5, ,-1.8,-0.47,1.61,3.1,1.26,1.56,1.09,4.94,4.8,4.07,2.75,-0.65, ,6.73, ,1.73,-1.32, ,4.37,3.06, , , ,-0.96, , ,2.54,0.69,0.69,3.71,4.14,-11.16,-10.75,-10.56,14.47,14.82,15.2,3.86,1.16,4.33,3.74,,,,
807,96379193,11/4/2025,20:37:39,,,-0.5,0.1,0.07,-2.97,4.96,4.13,4.29,7.1,-1.18,-1.1,0.2,-1.43,4.22,3.76,3.35,8.12, , , , , , , , ,-4.04,-1.53,1.86,4.09,1.46,1.78,1.03,4.18,6.63,5.22,0.89,-3.09, ,4.96, ,0.53,2.44, ,4.36,5.74, , , ,-3.24, , ,1.15, ,-0.15,3.25, ,-2.93,-0.33,3.05,3.94,0.34,1.23,0.83,4.92,4.42,4.04,1.61,-2.37, ,6.12, ,1.55,-0.37, ,3.92,3.13, , , ,-0.57, , ,1.7,1.4,1.74,3.48,4.3,-11.3,-10.64,-10.29,14.47,14.84,15.38,3.69,1.58,3.85,4.42,,,,
808,96379201,11/4/2025,20:41:02,,,-0.32,-0.66,-0.53,-2.57,4.85,4.84,4.97,5.27,0.19,-0.33,0.25,0.85,3.78,2.62,2.95,4.81, , , , , , , , ,-1.97,-1.87,0.3,3.16,0.68,2.18,0.59,3.94,6.42,4.84,2.65,-1.01, ,5.36, ,0.81,0.49, ,4.72,4.21, , , ,-3.5, , ,1.66, ,-0.09,3.73, ,-2.68,-0.65,3.52,3.96,0.74,1.31,0.71,4.36,5.12,4.59,1.46,-2.4, ,6.21, ,1.44,-0.39, ,4.57,3.37, , , ,-0.14, , ,2.91,1.07,1.17,3.58,3.8,-11.71,-10.25,-10.52,14.05,15.09,15.19,3.62,1.72,4.16,4.35,,,,
809,96379185,11/4/2025,20:43:55,,,0.64,0.93,0.8,-0.85,3.91,3.45,3.74,3.81,-0.28,-1.29,-0.75,-0.84,3.7,3.51,3.31,5.67, , , , , , , , ,-1.77,-1.44,0.22,3.15,0.55,2.38,0.69,3.62,6.2,5.34,2.77,-1.66, ,6.25, ,0.91,0.95, ,4.67,3.98, , , ,-3.67, , ,2.47, ,-0.12,3.92, ,-2.76,-0.93,2.78,3.65,0.51,1.69,0.33,4.04,5.0,4.62,2,-2.24, ,4.79, ,1.6,-0.57, ,3.61,3.26, , , ,-0.25, , ,1.55,1.47,2.2,3.88,4.93,-11.26,-10.59,-10.54,14.13,14.79,15.15,3.73,1.59,4.17,3.72,,,,
810,96379151,11/4/2025,20:47:27,,,-0.55,-0.23,-0.44,-1.97,4.66,4.13,4.65,4.67,-0.08, ,0.05,0.21,3.7, ,3.04,5.38, , , , , , , , ,-3.43,-1.28,0.43,3.34,0.74,1.54,0.84,4.29,6.5,5.05,2.61,-2.88, ,5.48, ,0.67,1.79, ,4.79,4.34, , , ,-3.46, , ,2.21, ,-0.28,3.67, ,-2.72,-0.55,2.85,4.23,0.73,1.14,0.85,4.79,4.87,4.35,2.22,-1.84, ,6.28, ,1.53,-1.08, ,4.5,3.25, , , ,-0.51, , ,1.74,0.91,1.21,3.34,4.1,-11.19,-10.53,-10.54,14.61,14.91,15.47,3.54,1.4,4.05,4.13,,,,
811,96379177,11/4/2025,21:33:41,,,-0.57,0.37,-0.28,-0.78,4.6,3.78,4.48,4.41,-0.17,-0.26,-0.16,1.08,3.89,2.92,2.99,4.86, , , , , , , , ,-3.61,-1.26,0.97,3.75,0.77,1.66,1.03,3.81,6.77,5.63,1.8,-1.69, ,5.36, ,0.79,1.1, ,4.46,4.47, , , ,-4.5, , ,1.67, ,-0.89,3.15, ,-3.77,-0.73,4.27,3.72,0.98,1.41,0.8,4.16,4.78,4.43,0.9,-1.77, ,5.7, ,1.38,-0.67, ,4.2,4.1, , , ,-1.71, , ,1.61,0.87,0.6,3.24,4.01,-11.04,-10.69,-10.38,14.59,15.03,15.44,3.26,1.35,4.04,4.12,,,,
812,96379169,11/4/2025,21:34:23,,,0.01,0.48,-0.14,-2.34,4.45,4.47,2.42,7.47,-1.34,-0.91,-0.04,-1.53,4.03,3.66,3.05,7.8, , , , , , , , ,-1.57,-0.99,0.38,3.77,0.92,1.63,1.12,4.01,5.78,5.15,2.78,-0.4, ,5.43, ,1.03,0.58, ,4.54,4.54, , , ,-4.31, , ,1.49, ,-0.07,3.79, ,-3.01,-0.73,4.16,3.88,0.73,1.46,0.46,4.19,4.19,4.3,1.16,-2.42, ,4.09, ,1.53,0.3, ,4.02,3.56, , , ,-0.92, , ,2.4,1.19,1.51,4.24,4.86,-11.46,-10.47,-10.66,14.37,16.3,15.98,3.75,1.62,4.76,3.85,,,,
813,96379136,11/4/2025,21:35:06,,,-0.54,-0.29,-0.4,-2.26,4.69,4.8,4.79,5.65,-0.25,-0.4,-0.51,0.66,3.25,2.58,2.77,4.92, , , , , , , , ,-3.33,-1.05,0.42,3.39,1.09,1.42,1.31,4.38,6.37,5.14,2.56,-2.83, ,6.67, ,0.57,2.06, ,5.1,4.39, , , ,-4.17, , ,2.59, ,-0.64,3.44, ,-2.97,-0.95,2.63,3.58,0.38,1.42,0.14,4.78,4.88,4.34,2.65,-1.92, ,6.33, ,1.75,-0.79, ,4.92,3.04, , , ,-1.76, , ,2.18,0.73,0.73,3.42,3.92,-11.61,-10.42,-10.68,14.43,15.16,15.25,3.19,1.74,4.02,4.21,,,,
814,96379144,11/4/2025,21:35:47,,,-0.69,-0.87,-0.78,-2.39,4.56,4.08,4.68,4.84,-0.08,-0.71,-0.04,0.11,3.65,3.06,2.9,5.11, , , , , , , , ,-2.74,-1.04,1.63,3.79,1.55,1.94,1.49,4.51,6.99,5.36,1.32,-1.46, ,6.56, ,0.71,1.46, ,4.68,4.22, , , ,-4.44, , ,2.35, ,-0.69,3.65, ,-1.58,-0.57,2.64,2.89,0.98,1.44,0.81,4.81,4.75,4.06,2.83,-0.86, ,4.65, ,1.67,-1.64, ,4.09,2.92, , , ,-1.28, , ,1.42,1.03,0.91,3.84,4.88,-11.38,-10.38,-10.31,14.4,15.23,15.29,3.29,1.4,3.82,3.96,,,,
815,96379110,11/4/2025,21:36:29,,,-0.47,-0.05,-0.04,-2.55,4.99,4.02,4.75,4.89,-0.31,-1.55,-0.33,-1.11,3.12,2.85,3.15,5.53, , , , , , , , ,-2.95,-1.43,0.46,3.17,0.93,1.9,0.96,4.06,6.59,4.67,2.56,-2.33, ,6.44, ,0.6,1.77, ,5.17,4.22, , , ,-4.52, , ,2.07, ,-0.65,3.35, ,-2.64,-0.69,2.73,3.51,0.63,1.62,0.67,4.48,4.89,4.11,2.92,-1.38, ,5.43, ,1.79,-1.24, ,4.27,2.74, , , ,-1.42, , ,1.95,0.87,1.12,3.88,4.34,-11.43,-10.66,-10.56,14.13,15.3,15.32,4.14,1.33,5.06,4.19,,,,
816,96379128,11/4/2025,21:37:12,,,-0.6,0.17,-0.15,-1.81,4.35,4.05,4.38,4.33,-0.34,-0.64,-0.15,-0.04,3.43,3.17,2.97,5.07, , , , , , , , ,-1.82,-1.4,-0.13,3.18,0.86,1.89,1.02,4.55,6.34,5.1,3.49,-1.51, ,6.43, ,0.88,1.31, ,5.07,4.33, , , ,-3.45, , ,1.99, ,-0.05,3.44, ,-1.09,-0.43,2.33,3.46,0.59,1.57,0.77,4.8,4.69,3.93,3.07,-0.94, ,6.38, ,1.58,-1.67, ,4.73,2.52, , , ,0.89, , ,1.51,1.23,1.84,3.69,4.56,-11.26,-10.58,-10.41,13.83,15.97,15.51,4.07,1.42,5.02,3.53,,,,
817,96379094,11/4/2025,21:37:54,,,-0.97,-0.77,-0.87,-2.22,4.59,4.34,4.68,4.93,-0.68,-0.9,-0.03,-0.55,3.4,2.82,2.66,5.5, , , , , , , , ,-2.66,-1.69,0.28,3.26,0.61,1.97,0.69,4.54,6.78,4.57,2.72,-2.42, ,6.5, ,0.6,1.8, ,5.4,4.1, , , ,-3.69, , ,2.43, ,-0.46,3.35, ,-1.71,-1.05,1.45,3.4,1.01,1.55,0.57,4.5,4.7,4.13,3.48,-0.14, ,7.71, ,2.15,-0.94, ,5.41,3.15, , , ,-1.27, , ,2.1,0.88,0.88,3.54,4.07,-11.29,-10.32,-10.25,14.36,15.24,15.29,3.9,1.48,4.52,4.68,,,,
818,96379102,11/4/2025,21:38:36,,,-0.89,-0.56,-0.64,-1.69,4.45,4.02,4.87,4.59,-0.29,-0.33,-0.21,0.51,3.24,2.64,2.85,4.98, , , , , , , , ,-1.23,-0.83,0.06,3.66,0.75,1.42,1.13,4.09,6.38,4.62,3.04,0.04, ,4.69, ,0.95,0.09, ,4.81,4.74, , , ,-3.99, , ,0.93, ,-0.02,3.31, ,-1.76,-0.66,2.53,3.49,0.62,1.56,0.69,5.15,4.35,4.18,2.71,-1.8, ,5.99, ,1.61,-1.09, ,4.7,3.25, , , ,0.1, , ,1.75,1.16,1.73,3.68,4.43,-11.5,-10.7,-10.6,14.26,15.03,15.12,3.78,1.42,4.44,4.23,,,,
819,96379086,11/4/2025,21:39:18,,,-0.73,0.78,-0.06,-0.69,5.11,4.45,4.87,4.84,-0.63,-1.17,-0.42,-0.46,3.12,2.36,2.79,5.32, , , , , , , , ,-1.39,-0.91,0.36,3.5,0.72,1.52,1.52,4.56,6.6,4.78,2.73,-0.72, ,5.53, ,0.87,0.68, ,4.55,3.75, , , ,-3.48, , ,2.3, ,-0.25,3.76, ,-1.96,-0.6,2.99,3.28,0.68,1.03,0.83,4.89,4.53,3.99,2.58,-0.52, ,6.91, ,1.7,-1.26, ,4.86,3.36, , , ,-1.04, , ,1.9,0.83,0.96,3.38,4.07,-11.52,-10.84,-10.66,14.34,15.38,15.57,3.58,1.15,4.36,3.95,,,,
820,96379060,11/4/2025,21:40:00,,,-0.52,-0.36,-0.68,-2.05,4.85,4.64,5.12,5.14,-0.29,-0.37,-0.37,0.71,3.84,2.4,2.62,4.49, , , , , , , , ,-2.6,-1.21,0.27,3.61,0.48,1.45,1.02,4.01,6.03,4.64,2.84,-1.33, ,5.69, ,0.74,1, ,4.8,3.88, , , ,-3.97, , ,1.95, ,-0.83,3.46, ,-2.88,-0.75,2.79,3.61,0.98,0.99,0.92,5.24,4.69,3.83,2.34,-1.59, ,7.28, ,1.61,-0.52, ,4.69,3.29, , , ,-1.11, , ,2.42,0.88,1.03,3.57,3.86,-11.61,-10.49,-10.52,14.16,15.62,15.65,3.95,1.02,4.87,3.62,,,,
821,96379045,11/4/2025,21:42:07,,,-1.01,0.02,-0.55,-1.63,4.78,3.94,4.6,4.43,-0.32,-0.57,-0.21,0.52,3.62,2.4,2.7,4.3, , , , , , , , ,-2.76,-1.23,0.13,3.33,0.52,1.88,0.87,4.04,6.55,4.96,2.8,-2.43, ,6.24, ,0.65,1.4, ,4.91,4.27, , , ,-2.91, , ,2.21, ,-0.17,3.22, ,-0.82,-0.28,2.22,2.92,0.71,1.42,0.86,4.76,4.18,2.97,3.7,0.05, ,8.53, ,2.1,-1.69, ,5.77,3.35, , , ,-1.2, , ,2.48,0.82,1.0,3.59,3.73,-11.53,-10.41,-10.47,13.94,14.99,15.27,3.55,1.19,4.38,4.13,,,,
822,96379052,11/4/2025,21:42:49,,,-1.26,0.55,-0.37,-1.51,4.83,4.77,5.27,5.71,-1.2,-1.62,-0.23,-1.62,3.7,3.52,3.27,5.65, , , , , , , , ,-2.31,-1.15,1.32,4.1,0.75,1.48,0.95,4.31,6.52,5.27,1.32,-1.69, ,5.35, ,0.68,1.48, ,3.94,4.33, , , ,-4.21, , ,2.19, ,-0.41,3.74, ,-1.39,-0.39,3.22,3.65,1.15,1.29,1.09,4.72,4.84,4.3,2.52,-0.48, ,5.39, ,1.66,-2.13, ,4.12,2.82, , , ,-0.72, , ,2.09,0.91,1.3,3.88,4.49,-11.12,-10.89,-10.57,14.06,15.6,15.62,4.16,0.91,4.71,3.81,,,,
823,96379029,11/4/2025,21:43:31,,,-0.63,0.15,0.2,-3.01,4.88,4.07,4.04,6.48,-1.53,-1.49,0.02,-1.81,4.23,4.47,3.1,7.37, , , , , , , , ,-2.23,-1.23,0.27,3.22,0.85,1.23,1.32,4.04,6.34,4.87,3.0,-1.78, ,5.93, ,0.71,1.06, ,5.23,4.62, , , ,-3.02, , ,2.18, ,-0.19,3.29, ,-1.35,-0.24,2.46,3.42,1.17,1.23,1.18,4.9,4.74,3.99,2.79,-1.15, ,6.19, ,1.59,-1.51, ,4.6,3.36, , , ,0.02, , ,1.65,1.12,1.42,3.45,4.27,-11.07,-10.35,-10.22,14.32,15.47,15.49,3.95,0.94,4.51,3.78,,,,
824,96379037,11/4/2025,21:44:13,,,-0.26,0.11,-0.84,-1.37,4.89,4.45,5.07,4.54,-0.94,-1.07,-0.24,-0.37,4.1,3.16,3.16,4.95, , , , , , , , ,-2.17,-1.61,0.55,3.67,1.16,0.47,0.99,4.16,3.02,4.77,2.05,-1.72, ,4.69, ,0.66,1.16, ,4.54,4.26, , , ,-3.86, , ,1.35, ,-0.52,3.68, ,-1.83,-0.81,1.6,3.33,1.42,1.38,1.05,5.54,4.77,4.14,2.81,-1.88, ,5.99, ,1.61,-0.88, ,4.31,2.34, , , ,-0.53, , ,2.28,0.99,1.33,3.68,4.19,-11.38,-10.49,-10.37,14.0,15.32,15.21,3.88,0.82,4.95,3.71,,,,
825,96379003,11/4/2025,21:48:45,,,-1.08,0.24,-0.72,-0.98,4.81,4.32,5.23,5.11,-2.18,-1.59,-0.21,-1.52,3.95,2.73,3.21,5.34, , , , , , , , ,-1.92,-1.31,0.67,3.58,1.19,1.87,0.75,4.08,6.5,5.02,2.52,-1.0, ,6.58, ,0.72,0.67, ,5.06,4.14, , , ,-4.36, , ,2.82, ,-0.74,3.44, ,-3.54,-0.61,2.94,4.44,1.74,1.12,1.65,5.05,4.91,4.03,2.4,-2.13, ,5.24, ,1.68,-0.73, ,4.11,3.01, , , ,-1.96, , ,1.85,0.72,0.81,3.59,4.11,-10.93,-10.66,-10.27,14.1,15.81,15.31,4.01,1.27,4.68,3.84,,,,
826,96379011,11/4/2025,21:51:23,,,-0.65,0.18,-0.08,-1.18,4.14,4.1,4.41,4.57,-1.02,-1.06,-0.22,-0.11,4.25,3.41,3.17,4.87, , , , , , , , ,-1.21,-0.94,1.23,3.58,0.88,2.1,1.1,3.92,6.64,5.22,2.24,0.24, ,6.8, ,0.88,0.16, ,4.97,3.73, , , ,-4.44, , ,2.7, ,-0.88,3.54, ,-2.54,-0.86,3.09,4.1,0.99,1.14,0.67,4.79,4.72,4.46,1.54,-2.44, ,5.27, ,1.29,-0.62, ,4.53,3.25, , , ,0.16, , ,2.1,0.89,1.23,3.49,4.03,-11.32,-10.53,-10.45,14.16,15.59,15.59,4.17,0.89,4.31,3.69,,,,
827,96378997,11/4/2025,21:54:13,,,-1.32,0.42,-0.55,-0.84,4.87,4.36,5.16,4.69,-1.65,-1.55,-0.21,-1.62,3.77,2.9,3.1,5.66, , , , , , , , ,-1.24,-1.16,0.17,3.65,0.38,1.79,0.85,4.0,6.58,5.29,3.19,0.12, ,5.38, ,1.01,-0.39, ,4.5,3.53, , , ,-4.05, , ,1.64, ,-0.7,3.58, ,-1.66,-0.7,1.95,2.99,1.57,1.05,1.19,4.77,4.34,3.28,2.59,-1.2, ,5.94, ,1.61,-0.53, ,5.15,3.74, , , ,0.27, , ,2.19,1.09,2.1,3.88,4.31,-11.49,-10.77,-10.72,14.13,15.16,15.23,4.51,1.07,5.03,3.75,,,,
828,96378989,11/4/2025,21:54:54,,,-0.65,0.29,-1.16,-1.69,4.89,4.68,5.32,4.52,-0.93,-0.4,0.2,0.06,3.89,2.79,3.05,5.37, , , , , , , , ,-2.7,-1.31,1.04,3.76,0.88,1.71,1.07,4.09,6.66,5.23,1.89,-2.05, ,6.05, ,0.73,2.27, ,4.75,4.53, , , ,-3.2, , ,2.16, ,-0.56,3.36, ,-1.59,-0.5,1.92,2.89,1.61,0.92,1.29,4.59,4.72,3.43,2.34,-0.46, ,6.73, ,1.73,-0.86, ,5.49,4.01, , , ,-1.31, , ,2.82,0.69,0.92,3.48,3.76,-11.34,-10.52,-10.53,14.09,15.53,15.56,3.36,1.37,4.22,3.7,,,,
829,96379482,11/4/2025,22:01:52,,,-1.04,-0.1,-0.79,-2.02,5.05,4.85,5.5,5.63,-0.54,-1.08,0.05,-1.11,3.69,2.57,3.25,6.04, , , , , , , , ,-1.37, ,0.15, ,1.03,1.71,1.28,4.37,6.73,4.73,3.51,0.23, ,5.17, ,1.07,-0.68, ,4.78,3.96, , , ,-3.55, , ,1.56, ,-0.46,3.36, ,-1.86,-0.63,2.54,2.78,1.49,0.98,0.91,4.56,4.31,3.42,3.13,-0.39, ,7.85, ,1.73,-1.51, ,5.92,3.91, , , ,-1.22, , ,2.95,0.57,0.47,3.39,3.51,-11.36,-10.66,-10.43,14.14,15.81,15.62,3.48,1.48,4.83,3.65,,,,
830,96378971,11/4/2025,22:02:57,,,-1.04,0.4,-0.52,-1.13,5.13,4.86,5.21,5.08,-1.24,-1.22,-0.9,-1.14,3.72,2.78,3.16,5.79, , , , , , , , ,-2.16,-1.55,0.36,3.43,0.73,1.59,0.76,3.99,4.07,4.81,3.09,-0.68, ,4.55, ,0.85,0.65, ,4.75,4.3, , , ,-3.8, , ,1.38, ,-0.47,3.64, ,-3.16,-0.86,2.27,3.78,1.39,1.08,0.86,4.58,4.69,4.34,2.44,-1.47, ,6.05, ,1.58,-0.89, ,4.21,2.98, , , ,-2.25, , ,2.75,0.27,0.26,3.75,3.99,-11.39,-10.8,-10.51,14.47,15.61,15.74,3.78,0.93,4.55,3.67,,,,
831,96379490,11/4/2025,22:04:15,,,-0.94,0.41,-0.36,-1.4,4.77,5.06,5.19,5.4,-1.04,-1.6,-0.27,-1.29,3.66,2.29,3.0,5.1, , , , , , , , ,-0.99,-1.02,0.3,3.74,0.74,1.77,1.01,4.17,6.45,5.45,3.27,0.13, ,6.55, ,1.02,-0.14, ,4.91,3.7, , , ,-4.17, , ,2.47, ,-0.65,3.59, ,-2.28,-0.73,2.85,3.13,1.27,1.14,0.97,4.81,4.48,3.32,3.1,-1.13, ,6.21, ,1.88,-1.31, ,5.54,3.93, , , ,-1.4, , ,2.1,0.77,1.13,3.55,4.04,-11.51,-10.64,-10.52,14.4,15.45,15.38,3.89,1.22,4.61,3.74,,,,
832,96379466,11/4/2025,22:06:53,,,-1.26,-0.62,-1.21,-2.09,4.97,4.91,5.42,5.46,-1.23,-0.45,0.05,0.2,3.8,2.66,3.42,5.71, , , , , , , , ,-0.78, ,0.13, ,0.6,2.16,0.49,3.81,6.43,5.01,3.41,-0.05, ,5.8, ,1.08,-0.16, ,4.85,3.92, , , ,-4.14, , ,1.73, ,-0.52,3.57, ,-2.98,-0.3,4.73,3.66,1.57,0.64,1.62,4.66,4.47,4.18,1.11,-1.34, ,5.0, ,1.71,-0.82, ,4.46,4.58, , , ,-1.59, , ,2.66,0.66,0.8,3.57,3.82,-11.58,-10.52,-10.45,14.72,15.57,15.7,3.94,1.1,4.47,4.12,,,,
833,96379474,11/4/2025,22:07:34,,,-0.38,0.03,-0.15,-3.17,4.83,4.99,4.21,7.85,-1.4,-0.71,0.42,-1.06,4.27,4.05,2.98,7.42, , , , , , , , ,-0.91,-1.14,0.42,3.78,0.4,1.63,0.79,3.94,6.31,5.06,2.95,-0.36, ,5.79, ,0.83,0.16, ,5.13,4.32, , , ,-3.42, , ,1.99, ,-0.4,3.29, ,-1.65,-0.25,2.44,3.71,1.38,1.17,1.16,4.71,4.68,3.63,3.08,-0.6, ,6.42, ,1.98,-1.53, ,4.42,3.38, , , ,-1.19, , ,1.85,1.01,1.52,3.47,4.16,-11.38,-11.03,-10.55,13.93,15.58,15.28,4.29,1.16,4.97,3.69,,,,
834,96379441,11/4/2025,22:08:16,,,-0.51,-0.17,-0.67,-1.81,4.73,4.11,4.84,4.55,-1.03,-0.22,0.41,0.91,4.49,2.94,3.2,4.38, , , , , , , , ,-0.56,-0.95,0.58,3.66,0.38,1.99,0.83,4.4,7.12,5.29,2.82,0.13, ,6.18, ,1.04,0.96, ,4.92,3.68, , , ,-3.64, , ,2.56, ,-0.69,3.51, ,-2.56,-0.56,2.51,3.75,1.29,1.18,1.16,4.62,4.64,4.01,2.85,-0.4, ,5.93, ,1.81,-1.66, ,4.34,3.37, , , ,-2.52, , ,1.63,0.91,0.68,4.0,4.42,-11.09,-10.63,-10.35,14.64,15.42,15.46,3.79,0.89,4.21,3.88,,,,
835,96379458,11/4/2025,22:08:57,,,-0.62,-0.17,-0.84,-2.53,4.63,4.51,4.82,5.07,-1.66,-0.5,0.08,0.3,4.45,3.05,3.09,4.78, , , , , , , , ,-1.84,-0.9,1.07,3.89,1.2,1.79,0.96,3.93,6.46,5.17,2.09,-1.03, ,6.3, ,0.73,0.32, ,4.84,4.4, , , ,-3.97, , ,2.0, ,-0.49,3.51, ,-2.68,-0.73,1.89,3.38,1.23,1.36,0.88,5.16,4.7,3.84,3.03,-1.76, ,5.49, ,1.86,-0.32, ,4.32,4.1, , , ,-0.76, , ,1.87,1.34,1.95,3.85,4.56,-11.48,-10.35,-10.4,14.74,15.15,15.67,3.94,1.55,3.63,4.57,,,,
836,96379433,11/4/2025,22:09:39,,,-1.01,0.17,-1.14,-0.81,4.26,4.28,4.85,4.59,0.21,-0.64,-0.08,0.14,3.86,2.95,2.91,4.86, , , , , , , , ,-2.13,-0.91,0.21,3.82,0.77,1.87,1.11,3.89,6.33,4.99,2.72,-0.86, ,5.27, ,0.81,0.42, ,4.6,4.23, , , ,-3.67, , ,1.32, ,-0.29,3.4, ,-2.99,-0.66,3.66,3.82,0.82,1.51,0.53,4.62,4.47,4.66,1.54,-2.45, ,5.43, ,1.35,-0.83, ,4.39,3.95, , , ,-0.6, , ,2.59,0.82,1.37,3.59,3.93,-11.21,-10.98,-10.69,14.66,15.28,15.83,4.24,1.1,4.53,3.98,,,,
837,96379425,11/4/2025,22:10:20,,,-0.58,0.19,-0.64,-3.28,4.8,4.15,4.5,6.44,-0.42,-1.27,0.1,-1.16,4.94,4.15,3.48,7.82, , , , , , , , ,-1.02,-1.02,1.27,4.27,0.63,1.42,1.17,3.84,6.42,5.2,1.99,-0.5, ,6.1, ,1.0,1.67, ,4.55,4.12, , , ,-3.78, , ,2.1, ,-0.81,3.34, ,-1.35,-0.43,2.32,3.68,0.15,1.4,0.73,4.81,4.37,3.5,3.78,-0.24, ,6.37, ,1.73,-2.38, ,4.53,2.73, , , ,-2.56, , ,2.43,0.62,0.69,3.98,4.3,-11.69,-10.25,-10.38,14.52,15.07,15.54,3.98,1.89,4.38,4.19,,,,
838,97057657,11/4/2025,22:11:02,,,-0.85,0.36,-0.31,-1.32,4.4,4.03,4.55,4.25,-0.74,-1.04,0.02,-0.19,3.83,3.17,3.45,5.51, , , , , , , , ,-1.8,-1.14,-0.21,3.72,0.68,2.02,1.17,3.88,6.21,4.97,3.44,-1.35, ,6.18, ,0.8,0.64, ,5.2,4.08, , , ,-3.73, , ,1.95, ,-0.67,3.38, ,-2.81,-0.62,3.15,3.34,1.01,1.02,1.13,4.72,4.61,4.04,2.22,-1.75, ,5.83, ,1.49,-1.32, ,4.77,3.94, , , ,-1.13, , ,2.24,1.02,1.66,3.63,4.2,-11.23,-10.68,-10.44,14.48,15.47,15.69,3.9,0.86,4.43,3.84,,,,
839,97057665,11/4/2025,22:11:44,,,-0.86,0.09,-0.84,-1.44,4.75,4.68,5.1,4.89,-0.07,-0.74,-0.02,0.27,3.6,2.75,2.67,5.2, , , , , , , , ,-2.3,-1.44,0.81,4.08,0.8,2.03,0.6,3.81,6.69,5.53,1.87,-1.39, ,4.81, ,0.83,0.59, ,4.27,4.67, , , ,-3.51, , ,1.17, ,0.07,3.52, ,-1.75,-0.35,0.86,3.35,0.88,1.14,0.77,4.75,4.3,3.44,3.14,-0.33, ,7.16, ,1.79,-1.71, ,5.17,3.82, , , ,-0.99, , ,2.35,0.52,0.69,3.85,4.09,-11.47,-10.7,-10.39,14.3,15.59,15.61,3.84,0.77,4.67,3.56,,,,
840,97057632,11/4/2025,22:12:32,,,-0.53,0.76,-0.17,-0.69,5.1,4.69,5.1,5.12,0.14,-1.07,-0.22,-0.17,3.3,3.25,3.1,5.66, , , , , , , , ,-1.69, ,1.48, ,0.65,1.8,0.71,3.96,7.01,5.63,2.14,-0.5, ,5.66, ,0.9,1.53, ,4.68,4.09, , , ,-3.47, , ,2.39, ,-0.56,3.5, ,-3.15,-0.79,2.45,3.57,0.81,1.62,0.59,4.81,4.82,4.22,2.5,-1.56, ,6.6, ,1.52,-1.23, ,5.08,2.98, , , ,-1.23, , ,2.42,0.83,1.15,3.58,3.82,-11.63,-10.48,-10.46,14.67,15.45,15.8,3.74,1.84,4.25,4.04,,,,
841,97057640,11/4/2025,22:13:53,,,-0.5,0.57,-0.3,-2.26,4.78,4.35,4.39,6.89,-0.97,-0.92,1.11,-1.18,3.76,4.06,-0.06,8.59, , , , , , , , ,-1.49, ,0.25, ,0.59,1.68,0.8,4.03,5.88,4.68,3.34,-1.15, ,6.89, ,0.96,0.5, ,5.08,3.79, , , ,-3.75, , ,2.6, ,-0.56,3.52, ,-1.95,-0.76,2.33,3.66,0.6,1.4,0.26,4.75,4.73,3.95,2.87,-1.14, ,6.65, ,1.79,-1.01, ,4.55,2.86, , , ,-1.04, , ,2.69,0.79,0.98,3.67,4.21,-11.56,-10.93,-10.7,13.9,14.84,15.45,4.73,1.47,4.63,4.09,,,,
842,97057616,11/4/2025,22:15:14,,,-0.3,0.42,0.19,-3.17,4.7,4.45,4.56,7.25,-0.77,-0.77,0.34,-1.23,4.21,3.77,3.21,7.74, , , , , , , , ,0.53,-0.89,-0.5,3.04,0.5,1.66,1.33,5.17,6.26,4.33,4.86,0.59, ,7.02, ,1.43,0.25, ,5.52,3.86, , , ,-3.67, , ,2.18, ,-0.27,3.35, ,-2.35,-0.8,1.81,2.88,0.51,1.45,0.76,5.01,4.09,3.36,3.06,-1.23, ,7.37, ,1.95,-1.16, ,5.8,3.28, , , ,-2.05, , ,2.91,0.69,0.92,3.5,3.5,-11.7,-10.9,-10.82,13.74,15.7,15.57,4.04,1.73,5.62,4.33,,,,
843,97057624,11/4/2025,22:16:29,,,-0.32,0.76,-0.09,-2.85,4.34,4.05,4.37,7.2,-0.75,-1.19,-0.07,-1.03,4.59,4.44,3.58,8.32, , , , , , , , ,-1.75, ,1.01, ,1.36,0.53,1.22,4.31,3.05,4.58,2.14,-1.21, ,6.79, ,0.83,2.07, ,5.6,4.62, , , ,-3.55, , ,2.5, ,-0.05,3.41, ,-2.52,-0.45,1.48,4.02,0.43,1.29,0.54,4.29,4.79,3.7,2.02,-1.75, ,5.02, ,1.37,-1.22, ,4.39,3.27, , , ,-1.6, , ,2.24,0.81,0.86,3.99,4.69,-11.14,-10.54,-10.39,14.65,15.43,15.69,3.97,1.23,4.68,4.11,,,,
844,97057608,11/4/2025,22:17:15,,,-0.81,0.74,-0.45,-0.78,4.87,4.33,5,4.34,-0.18,-0.74,-0.04,0.27,3.95,3.22,3.16,5.55, , , , , , , , ,-2.4,-1.54,0.47,3.71,0.36,1.64,0.49,4.05,6.27,4.77,2.88,-1.03, ,5.94, ,1.11,1.46, ,4.96,4.15, , , ,-3.95, , ,2.27, ,-0.81,3.38, ,-2.38,-0.64,1.88,3.02,0.91,1.55,0.58,4.98,4.35,3.96,3.19,-1.29, ,7.05, ,1.99,-1.48, ,4.98,3.08, , , ,-0.25, , ,2.32,1.38,1.45,3.71,4.15,-11.53,-10.71,-10.64,14.43,15.36,15.48,3.58,1.12,4.22,4.2,,,,
845,96379078,11/4/2025,22:18:04,,,-1.25,-0.22,-0.78,-1.03,5.04,4.24,5.01,4.84,-0.34,-0.97,-0.29,0.07,3.7,2.94,3.31,5.85, , , , , , , , ,-2.42,-1.21,0.99,3.74,0.99,1.27,0.85,4.19,3.41,5.29,1.81,-1.7, ,6.26, ,0.63,1.53, ,4.87,3.9, , , ,-3.93, , ,2.55, ,-0.43,3.54, ,-0.86,-0.38,2.86,2.89,0.55,1.54,0.77,4.46,4.28,3.42,2.83,-0.36, ,6.36, ,1.76,-1.68, ,4.79,4.41, , , ,0.45, , ,1.82,1.11,1.83,3.64,4.39,-11.51,-10.34,-10.43,14.56,15.88,15.76,4.03,1.19,4.74,4.01,,,,
846,97057582,11/4/2025,22:19:37,,,-0.84,0.11,-0.41,-1.18,4.33,4.11,4.72,4.51,0.32,-0.42,0.12,0.45,3.68,2.92,3.08,5.09, , , , , , , , ,-0.28,-0.95,-0.39,3.04,0.93,1.43,1.26,5.21,6.46,5.06,4.09,0.54, ,5.38, ,1.43,0.47, ,5.03,4.52, , , ,-3.41, , ,0.84, ,-0.3,3.06, ,-2.17,-0.62,3.92,3.21,1.2,1.36,0.94,4.68,4.68,3.98,2,-0.44, ,6.63, ,1.84,-0.91, ,5.04,3.48, , , ,-1.5, , ,3.05,0.58,0.4,3.57,3.65,-11.05,-10.83,-10.53,14.6,15.72,15.76,4.02,1.01,5.02,3.55,,,,
847,97057590,11/4/2025,22:20:20,,,-0.79,-0.24,-0.53,-2.03,4.52,4.95,4.97,5.27,1.05,-0.8,-0.11,-0.01,3.49,2.85,2.87,4.95, , , , , , , , ,-1.48,-1.09,1.36,3.85,0.63,1.72,0.87,3.83,6.33,5.28,1.92,0.12, ,4.82, ,1.03,0.49, ,3.94,4.57, , , ,-3.72, , ,1.03, ,-0.43,3.64, ,-0.76,-0.45,2.02,2.87,0.65,1.67,0.67,4.66,4.87,3.88,3.63,-0.6, ,7.92, ,2.46,-0.47, ,5.41,2.51, , , ,-0.49, , ,3.18,1.14,1.44,3.95,3.93,-11.54,-10.43,-10.59,14.57,15.24,15.61,3.87,1.11,4.55,3.9,,,,
848,97053300,11/4/2025,22:24:53,,,-0.88,-0.76,-0.84,-2.3,4.37,4.24,4.84,4.85,0.29,-0.19,-0.06,1.1,4.02,2.8,3.17,4.77, , , , , , , , ,-1,-1.14,-0.06,3.22,0.53,1.22,0.94,4.04,5.84,4.79,3.88,0.01, ,6.88, ,1.2,0.63, ,5.23,3.9, , , ,-3.98, , ,2.52, ,-0.92,3.69, ,-1.71,-0.44,3.64,3.39,0.75,1.26,0.83,4.96,4.5,4.06,2.35,-0.94, ,6.69, ,1.93,-0.86, ,4.36,3.53, , , ,-0.32, , ,2.61,1.0,1.3,3.88,4.21,-11.15,-10.73,-10.32,14.64,15.62,15.83,3.76,0.75,5.21,3.36,,,,
849,97053318,11/4/2025,22:26:15,,,-1.35,-0.15,-0.68,-2.03,4.3,4.2,4.73,4.81,0.33,-0.06,-0.13,1.11,3.67,3.18,3.05,5.36, , , , , , , , , ,-1.21, ,3.42,0.61,1.75,1.06,3.99,6.35,4.78,2.92,-0.51, ,6.02, ,0.8,0.14, ,5.17,3.63, , , ,-4.2, , ,2.31, ,-0.57,3.64, ,-1.85,-0.55,2.28,3.1,0.88,1.24,0.61,4.59,4.51,4.08,2.03,-1.55, ,5.51, ,1.68,-0.55, ,4.39,3.68, , , ,-0.36, , ,2.01,0.92,1.3,3.82,4.49,-11.61,-10.68,-10.69,14.43,15.48,15.79,3.74,1.19,4.93,4.11,,,,
850,97053284,11/4/2025,22:27:38,,,-0.84,-0.78,-1.22,-2.65,4.53,4.99,5.42,5.02,-0.04,0.01,0.31,1.01,3.83,2.5,2.88,5.42, , , , , , , , ,-0.2,-0.94,0.05,3.38,0.52,1.97,1.01,4.19,6.09,4.79,3.4,0.48, ,6.34, ,1.38,0.59, ,4.53,3.55, , , ,-3.27, , ,2.17, ,-0.31,3.71, ,-2.53,-0.64,2.49,2.86,0.89,1.04,0.7,4.75,4.38,3.83,2.55,-1.64, ,6.35, ,1.68,-0.68, ,5.35,3.98, , , ,-0.55, , ,1.8,1.03,1.25,3.48,4.28,-11.09,-11.16,-10.35,14.39,15.69,15.81,3.88,1.26,5.27,3.71,,,,
851,97053292,11/4/2025,22:28:20,,,-0.64,0.36,-0.5,-1.63,4.75,4.82,4.97,5.25,-0.77,-1.44,-0.19,-1.15,4.05,2.7,2.77,4.77, , , , , , , , ,-2.08,-1.13,0.2,3.58,0.28,1.7,0.84,4.09,6.27,4.98,3.13,-1.51, ,6.44, ,0.68,0.88, ,5.04,2.99, , , ,-4.8, , ,2.7, ,-1.23,3.97, ,-4.44,-1.05,4.15,4.13,1.55,1.28,0.57,4.67,4.76,4.71,0.5,-4.07, ,5.1, ,1.18,0.76, ,4.12,3.85, , , ,-0.11, , ,2.53,1.16,1.28,3.91,4.25,-11.71,-10.15,-10.51,14.63,15.49,15.9,3.38,1.22,4.53,4.46,,,,
852,97047450,11/4/2025,22:29:02,,,-0.95,0.45,-0.28,-1.13,4.55,4.76,4.9,5.31,-1.44,-1.32,-0.66,-0.36,4.35,2.86,3.54,5.28, , , , , , , , ,-1.12,-0.79,0.2,3.16,0.58,1.55,1.11,4.21,6,4.52,3.43,-0.76, ,7.1, ,0.9,0.23, ,5.47,4.12, , , ,-4.01, , ,2.53, ,-0.83,3.63, ,-3.58,-0.98,4.8,3.76,1.66,0.91,1.24,4.71,4.46,3.7,0.51,-2.23, ,4.28, ,1.56,0.42, ,4.05,4.66, , , ,-1.77, , ,1.84,0.89,0.99,3.5,4.17,-11.49,-10.45,-10.53,14.78,15.53,15.76,3.68,1.29,4.08,4.12,,,,
853,96379508,11/4/2025,22:29:59,,,-0.28,-0.6,-0.22,-3.47,2.68,4.29,2.66,7.26,-2.26,-1.13,0.42,-1.24,4.24,3.88,3.09,7.99, , , , , , , , ,-3.31,-1.24,1.87,3.83,1.56,1.46,1.19,4.19,6.62,5.55,1.04,-2.29, ,5.44, ,0.67,2.12, ,4.23,4.91, , , ,-4.03, , ,1.63, ,-0.37,3.7, ,-2.39,-0.78,3.9,3.34,1.42,1.41,1.2,4.74,4.38,3.57,2.08,-1.33, ,5.84, ,1.93,-0.87, ,4.78,4.4, , , ,-0.5, , ,2.46,1.4,1.36,3.61,3.99,-11.07,-10.74,-10.46,13.75,15.51,15.27,3.5,0.97,4.99,3.63,,,,
854,97053276,11/4/2025,22:31:02,,,-0.32,-0.65,-0.78,-2.76,5.36,4.56,4.68,5.26,-0.86,-1.17,-0.04,-0.32,4.71,2.98,3.5,5.46, , , , , , , , ,-1.09, ,-0.22, ,0.54,1.45,1.07,4.21,6.25,4.8,3.31,-1.1, ,5.95, ,0.81,1.01, ,5.09,3.64, , , ,-4.06, , ,2.0, ,-0.44,3.57, ,-0.9,-0.5,2.57,3.2,1.72,1.04,1.3,4.4,4.49,3.4,2.69,-0.49, ,6.2, ,2.01,-1.53, ,4.61,3.44, , , ,0.01, , ,2.22,1.21,1.53,3.56,4.24,-11.34,-11.1,-10.54,14.13,15.79,15.64,4.19,0.9,5.28,3.36,,,,
855,97058390,11/4/2025,22:35:51,,,-0.69,0.48,-0.19,-2.9,5.55,4.98,5.02,7.64,-2.32,-1.02,0.28,-1.48,4.15,3.97,1.46,8.17, , , , , , , , ,0.52,-1.26,0.16,3.73,0.39,1.61,0.92,4.22,3.86,4.47,3.51,0.88, ,6.3, ,1.16,-0.82, ,5.37,3.04, , , ,-4.29, , ,2.38, ,-0.76,3.62, ,-2.85,-0.71,2.25,3.33,1.29,1.19,1.14,4.86,4.2,3.7,1.84,-3.08, ,5.75, ,1.4,0.07, ,4.87,4.09, , , ,0.18, , ,2.98,1.25,1.45,3.59,4.22,-11.93,-10.34,-10.72,14.26,15.83,15.82,3.59,1.54,4.94,3.95,,,,
856,97058382,11/4/2025,22:42:15,,,-0.5,0.51,0.22,-2.66,4.92,4.25,2.79,7.1,-2.07,-1.13,0.15,-2.13,4.75,3.99,3.1,7.8, , , , , , , , ,-1.15,-0.73,1.7,3.84,0.79,1.02,1.13,4.18,4.41,5.39,1.68,-0.3, ,4.92, ,1.01,1.17, ,4.38,4.85, , , ,-3.66, , ,1.48, ,-0.49,3.24, ,-2.17,-0.57,4.01,3.74,1.09,1.26,1.21,4.96,4.46,3.91,1.77,-1.45, ,5.53, ,1.57,-0.65, ,4.25,3.43, , , ,-0.28, , ,2.53,0.99,1.8,3.78,4.17,-11.55,-10.55,-10.42,14.51,15.27,15.22,3.77,1.28,4.34,4.65,,,,
857,50268374,11/4/2025,22:43:48,,,-0.62,0.68,-0.37,-1.27,4.67,4.19,4.42,5.07,-1.18,-0.74,0.02,0.07,4.45,3.47,3.81,5.67, , , , , , , , ,-0.97,-1,0.34,2.99,1.22,1.52,1.11,4.94,6.72,5.11,3.33,-0.5, ,5.73, ,0.84,0.25, ,5.16,4.24, , , ,-3.7, , ,2.56, ,-0.32,3.47, ,-2.12,-0.72,3.24,3.0,1.35,1.2,1.17,4.86,4.31,3.34,2.73,-0.97, ,7.25, ,1.88,-1.77, ,5.15,3.63, , , ,-0.71, , ,2.97,0.9,1.18,3.6,3.71,-11.89,-10.26,-10.61,14.72,15.54,15.7,3.29,1.25,4.11,4.53,,,,
858,97058374,11/4/2025,22:44:31,,,-0.18,1.11,0.11,-1.15,4.76,3.75,4.27,4.01,-1.39,-0.78,-0.22,0.03,4.46,3.75,3.97,5.27, , , , , , , , ,-1.45,-1.21,0.42,3.47,1.12,1.67,1.11,4.61,7.02,5.5,2.38,-0.92, ,5.01, ,0.92,1.43, ,4.43,4.71, , , ,-3.64, , ,1.35, ,-0.24,3.59, ,-0.97,-0.6,2.64,2.73,1.48,0.95,1.1,4.68,4.27,3.46,3.27,-0.06, ,6.89, ,2.08,-1.71, ,5.59,2.62, , , ,-0.12, , ,3.22,1.12,1.2,4.1,3.94,-11.8,-10.58,-10.64,14.48,15.57,15.58,3.79,1.18,4.41,4.04,,,,
859,97058325,11/4/2025,22:45:13,,,-0.59,0.0,-0.4,-3.19,5.15,4.68,4.71,7.37,-2.43,-1.11,0.03,-1.26,3.58,3.61,3.41,7.6, , , , , , , , ,-2.05,-1.62,0.13,3.04,0.87,1.6,0.72,3.95,6.1,4.23,3.14,-0.5, ,5.38, ,0.96,0.22, ,5.04,4.45, , , ,-4.37, , ,1.42, ,-0.62,3.55, ,-0.74,-0.55,2.27,2.81,0.89,1.45,0.71,5.24,4.3,4.02,3.67,-0.11, ,5.95, ,2.11,-1.98, ,5.37,2.72, , , ,0.28, , ,2.33,1.33,1.89,3.68,4.09,-11.33,-10.74,-10.5,14.54,15.14,15.36,3.96,0.89,4.6,4.25,,,,
860,97051296,11/4/2025,22:45:55,,,-0.96,0.3,-0.46,-2.11,4.78,4.49,4.8,5.17,-1.1,-0.66,-0.12,0.39,4.65,2.83,3.35,4.73, , , , , , , , ,-0.9,-0.86,0.03,3.37,0.95,1.51,1.03,4.62,6.4,4.96,3.53,-0.67, ,6.03, ,1.12,1.03, ,5.13,4.43, , , ,-3.22, , ,2.19, ,-0.34,3.46, ,-0.91,-0.67,2.39,2.86,1.35,1.21,0.97,4.81,3.99,3.03,3.86,0.25, ,6.6, ,2.47,-1.19, ,5.41,3.54, , , ,-0.99, , ,1.89,1.24,1.05,3.69,4.19,-11.35,-10.24,-10.17,14.83,15.19,15.56,3.44,1.62,4.27,4.61,,,,
861,97058341,11/4/2025,22:46:37,,,-0.54,0.33,-0.66,-2.68,4.53,4.47,4.14,7.34,-1.63,-1.74,0.21,-2.17,4.65,4.37,3.38,7.54, , , , , , , , ,-0.82,-1.24,0.6,3.45,0.76,1.5,0.73,4.16,6.06,5.05,2.94,-0.06, ,5.74, ,0.97,-0.13, ,4.6,3.92, , , ,-4.31, , ,2.15, ,-0.87,3.55, ,-1.43,-0.52,2.41,2.93,1.06,1.33,0.84,5.03,4.71,3.6,3.15,-1.15, ,5.64, ,1.7,-1.15, ,4.19,3.1, , , ,0.07, , ,3.03,0.92,1.18,4.14,4.67,-11.47,-10.4,-10.39,14.32,15.49,15.56,3.32,1.5,4.58,4.2,,,,
862,97051270,11/4/2025,22:47:19,,,-0.18,0.49,-0.2,-2.74,5.03,4.16,4.67,7.27,-1.47,-0.66,0.59,-1.27,4.43,3.91,3.27,8.01, , , , , , , , ,-1.74,-1.64,0.38,3.16,1.31,2.02,0.64,5.0,6.74,5.12,3.25,-1.37, ,6.76, ,0.95,1.61, ,5.31,3.75, , , ,-4.31, , ,3.45, ,-1.08,3.72, ,-1.01,-0.67,2.22,2.99,1.2,1.35,1.3,4.94,4.44,3.39,3.53,0.17, ,5.9, ,2.36,-1.67, ,4.59,3.81, , , ,-0.41, , ,1.75,1.31,1.55,3.55,4.54,-11.3,-10.71,-10.54,14.5,15.65,15.72,3.56,1.43,4.77,4.1,,,,
863,50268366,11/4/2025,22:50:33,,,-0.59,0.63,-0.56,-1.49,4.68,4.7,4.99,5.13,-0.95,-0.29,-0.08,0.21,4.79,3.64,3.86,5.81, , , , , , , , ,-2.09, ,0.47, ,0.66,1.9,0.02,3.96,6.27,5.13,2.73,-2.06, ,6.03, ,0.74,1.59, ,5.43,4.77, , , ,-4.34, , ,2.2, ,-0.47,3.43, ,-2.84,-0.8,2.46,3.08,1.26,1.21,1.2,4.85,4.53,3.54,2.16,-1.88, ,5.87, ,1.49,-0.69, ,4.59,3.97, , , ,-1.01, , ,3.17,1.02,1.32,4.23,4.39,-11.86,-10.33,-10.54,14.69,15.55,15.74,3.44,1.71,4.14,4.56,,,,
864,50268358,11/4/2025,22:51:15,,,-1.07,0.68,-0.46,-0.85,4.85,4.48,4.68,5.11,-2.49,-0.14,0.15,0.73,4.17,2.93,3.38,4.91, , , , , , , , ,-0.53,-0.81,-0.04,3.12,0.51,1.33,1.03,4.01,6.38,4.82,3.52,-0.81, ,5.76, ,0.84,0.46, ,5.55,4.69, , , ,-3.13, , ,1.83, ,0.03,3.23, ,-2.17,-0.49,1.18,2.97,1.59,1.05,1.5,4.88,4.53,3.49,2.5,-2.21, ,5.53, ,1.63,-0.72, ,4.6,3.64, , , ,0.2, , ,2.54,1.42,2.03,4.32,4.85,-11.25,-10.7,-10.35,14.78,15.18,15.44,3.79,1.56,4.48,4.41,,,,
865,97051288,11/4/2025,22:51:56,,,-0.51,0.53,-0.37,-1.38,5.37,4.37,4.73,4.88,-0.49,0.07,0.42,0.8,4.35,2.99,3.47,5.3, , , , , , , , ,-1.04,-1.22,0.16,3.35,0.89,1.74,0.93,4.79,6.53,4.8,3.21,-0.73, ,7.09, ,0.79,0.96, ,5.27,3.13, , , ,-4.74, , ,3.38, ,-1.0,4.15, ,-1.74,-0.56,0.81,3.2,1.37,1.14,1.29,4.46,4.46,3.71,2.7,-1.17, ,4.45, ,1.6,-1.35, ,3.88,3.41, , , ,-0.49, , ,1.86,1.15,1.33,4.2,4.97,-11.77,-10.66,-10.64,14.86,14.71,15.73,4.04,1.61,3.9,4.48,,,,
