,JSN,DATE,TIME,Lab#,File Name,H9942M006_X,H9942M007_X,H9942M006_Y,H9942M006_Z,H9942M007_Y,H9942M007_Z,H9943M005_X,H9943M006_X,H9943M005_Y,H9943M005_Z,H9943M006_Y,H9943M006_Z,H1292M001_X,M9144M001_Y,M9144M001_Z,H1292M001_Y,H1292M001_Z,H1752M001_X,H5444DD01_X,H9384M001_X,H9384M001_Y,H9384M001_Z,H5444DD01_Y,H5444DD01_Z,H1752M001_Y,H1752M001_Z,H1293M001_X,M9141M001_Y,M9141M001_Z,H1293M001_Y,H1293M001_Z,H1753M002_X,H5445DD01_X,H9385M001_X,H5445DD01_Y,H5445DD01_Z,H9385M001_Y,H9385M001_Z,H1753M002_Y,H1753M002_Z,H6197M001_X,H6264M001_X,H9418M001_X,H6197M001_Y,H6197M001_Z,H6264M001_Y,H6264M001_Z,H9418M001_Y,H9418M001_Z,H6197M001B_X,H6265M001_X,H9419M001_X,H6265M001_Y,H6265M001_Z,H9419M001_Y,H9419M001_Z,H6197M001B_Y,H6197M001B_Z,H9392MA02_X,L9392MA01_Z,H9392MA02_Z,H3660DA01B_X,L3664M005B_X,S9392M049_Y,H3660DA01B_Y,H3660DA01B_Z,L3664M005B_Y,L3664M005B_Z,H3660DA01_X,L3664M005_X,H3660DA01_Y,H3660DA01_Z,L3664M005_Y,L3664M005_Z,H9393MA02_X,L9393MA01_Z,H9393MA02_Z,H3661DA01B_X,L3665M002_X,S9393M049_Y,H3661DA01B_Y,H3661DA01B_Z,L3665M002_Y,L3665M002_Z,H3661DA01_X,L3665M002B_X,H3661DA01_Y,H3661DA01_Z,L3665M002B_Y,L3665M002B_Z,H9451DA01_X,L9451DA02_X,H9451DA01_Y,H9451DA01_Z,L9451DA02_Z
0,97054993,11/3/2025,5:31:29,,,-1.44,-1.18,0.34,0.1,0,0.18,0.03,0.11,-0.71,-0.39,-0.57,0.18,1.97,-0.68,-0.23,-1.38,-0.14,0.89,-0.55,2.29,-1.57,-0.08,-1.99,-1.0,-1.93,-0.11,-0.44,1.25,0.06,2.3,-1.85,0.78, ,1.39, , ,1.58,0.7,2.01,-0.49,5.43,-0.3,-1.24,0.03,2.64,-0.24,2.46,-3.9,2.39,2.82,1.75,0.01,2.24,0.79,0.06,0.3,0.34,0.39,-0.35,0.11,0.2,-0.76,0.06,-1.8,-1.91,0.23,-2.49,0.23,-1.72,-0.18,0.27,1.09,0.71,1.37,0.4,0.15,0.05,1.97,0.72,1.9,2.25,0.76,-0.02,-0.21,-0.39,1.04,-1.19,1.08,-0.97,0.54,1.57,1.54,0.37,0.99,1.02
1,97054977,11/3/2025,5:32:22,,,-0.91,-0.51,0.25,0.01,0,0.14,0.0,0.28,-0.74,-0.31,-0.63,0.13,1.9,-0.66,-0.36,-1.4,-0.31,0.82,-0.5,2.09,-1.64,-0.37,-2.09,-1.15,-2.39,-0.25,-0.3,1.28,-0.1,2.38,-1.91,0.7,0.91,1.2,3.33,-0.16,1.51,0.42,1.98,-0.62,5.76,-0.41,-1.32,0.07,2.46,-0.5,2.21,-3.99,2.23,2.48,1.62,-0.02,2.22,0.68,-0.04,0.06,0.34,0.2,-0.31,0.21,0,-0.91,-0.85,-2.07,-2.6,-0.2,-1.7,-0.1,-1.59,-0.42,0.33,1.02,0.14,1.35,0.3,0.05,-0.14,1.86,0.6,1.79,1.47,0.71,0.16,-0.47,-0.58,1.57,-1.69,1.36,-1.03,0.4,1.34,1.59,0.44,1.16,0.84
2,97054969,11/3/2025,5:33:02,,,-1.46,-1.07,0.34,0.03,-0.08,-0.11,0.63,0.8,-0.68,-0.46,-0.49,-0.03,1.75,-0.27,-0.36,-1.04,-0.27,0.64,-0.66,2.07,-1.41,-0.37,-1.72,-1.24,-2.4,-0.43,-0.43,0.94,-0.08,1.98,-1.92,0.65, ,1.27, , ,1.33,0.6,1.84,-0.66,5.38,-0.59,-1.42,0.31,2.39,-0.36,2.12,-3.78,2.15,2.54,1.6,-0.04,2.01,0.6,-0.15,0.06,0.02,0.25,-0.4,0.04,0.02,-0.87,0.39,-1.74,-2.12,-0.39,-2.29,-0.21,-1.75,0.02,0.35,0.74,0.75,1.0,0.21,0.19,-0.08,2.46,0.37,1.44,1.25,0.55,-0.66,-0.42,-0.42,1.2,-1.7,1.18,-1.09,0.55,1.45,1.49,0.8,0.88,0.73
3,97054951,11/3/2025,5:34:48,,,-1.22,-0.84,0.37,0.04,0.01,0.04,0.37,0.45,-0.75,-0.52,-0.56,0.01,1.8,-0.4,-0.4,-1.17,-0.36,0.75,-0.61,2.04,-1.54,-0.63,-1.86,-1.26,-2.82,-0.47,-0.26,1.08,-0.17,2.16,-2.13,0.75,0.99,1.26,3.18,-0.15,1.32,0.24,1.9,-0.74,5.64,-0.42,-1.35,0.17,2.34,-0.43,2.02,-3.88,2.17,2.75,1.62,0.06,1.96,0.43,-0.13,0,-0.07,0.14,-0.27,0.19,-0.09,-1.13,-0.49,-1.92,-2.43,-0.3,-1.82,-0.51,-1.45,-0.61,0.24,0.8,-0.03,1.06,0.27,-0.1,-0.17,1.81,0.86,1.42,0.96,0.65,-0.58,-0.81,-0.45,1.24,-1.75,0.72,-0.94,0.53,1.4,1.53,0.89,0.89,0.7
4,97054936,11/3/2025,5:59:42,,,-1.16,-0.83,0.25,0.01,0.03,0.13,0.45,0.53,-0.66,-0.48,-0.53,0,1.84,-0.68,-0.44,-1.1,-0.39,0.65,-0.75,2.07,-1.61,-0.56,-1.9,-1.39,-2.53,-0.46,-0.3,1.27,-0.2,2.29,-2.16,0.88,0.92,1.36,3.4,-0.05,1.57,0.46,2.12,-0.61,5.8,-0.3,-1.24,0.11,2.39,-0.35,2.14,-3.81,2.17,2.63,1.68,0.1,2.2,0.6,0.1,0.21,0.27,0.43,-0.22,0.1,-0.01,-0.99,-0.12,-1.92,-1.9,-0.28,-2.07,-0.5,-1.56,-0.12,0.27,0.68,0.01,1.03,0.3,0.19,-0.02,2.25,0.99,1.8,1.49,0.88,0.45,-0.42,-0.32,1.48,-1.25,0.99,-0.78,0.56,1.17,1.48,0.56,0.97,0.8
5,97055099,11/3/2025,6:09:07,,,-1.05,-0.9,0.52,-0.09,0.05,0.04,-0.15,0.11,-0.74,-0.48,-0.41,0.02,1.14,-0.65,-0.48,-1.18,-0.63,0.56,-1.4,1.92,-1.61,-0.67,-1.81,-1.56,-2.65,-0.48,-1.16,1.14,-2.28,2.36,-4.18,0.95,0.35,1.31,3.48,-2.34,1.53,0.24,2.09,-0.74,5.48,-0.54,-1.39,0.19,2.33,-0.35,2.05,-3.79,2.13,2.68,1.74,0.09,2.03,0.34,-0.12,0.1,0.18,0.24,-0.42,0.06,-0.19,-1.09,0.14,-1.86,-1.7,-0.28,-2.46,-0.7,0.07,-0.52,1.63,0.71,0.17,1.03,0.28,0.17,-0.08,2.27,1.07,1.69,1.53,0.61,0.01,-0.56,-0.32,1.18,-1.2,1.03,-0.57,0.41,2.13,2.02,1.08,0.83,0.65
6,97046700,11/3/2025,6:11:27,,,-0.94,-0.62,0.6,-0.07,0.25,0.14,0.31,0.26,-0.81,-0.56,-0.61,0.03,1.21,-0.64,-0.24,-1.27,-0.44,0.65,-1.25,2.1,-1.62,-0.33,-2.01,-1.21,-2.6,-0.25,-1.13,1.32,-1.48,2.46,-3.24,0.83,0.39,1.34,3.65,-1.42,1.6,0.34,2.08,-0.7,5.8,-0.36,-1.23,0.16,2.55,-0.41,2.32,-3.91,2.42,2.55,1.67,0.12,2.26,0.6,0.08,0.14,0.39,0.38,-0.27,0.03,0.03,-0.48,-0.01,-1.95,-1.83,-0.35,-2.2,-0.44,-0.05,0.14,1.1,0.84,0.52,1.1,0.34,0.12,-0.09,2.35,0.99,2.24,2.27,0.54,-0.02,-0.34,-0.19,1.85,-1.45,1.03,-0.77,0.15,2.13,1.8,0.58,0.7,0.55
7,97046692,11/3/2025,6:12:22,,,-1.15,-0.91,0.64,0.05,0.23,0.04,0.16,0.17,-0.74,-0.56,-0.49,0,1.12,-0.66,-0.11,-1.24,-0.24,0.61,-1.25,2.03,-1.61,-0.22,-1.97,-1.04,-2.74,-0.2,-1.25,1.32,-1.73,2.46,-3.46,0.77,0.19,1.27,3.53,-1.65,1.54,0.16,1.99,-0.91,5.72,-0.38,-1.32,0.14,2.68,-0.4,2.43,-3.9,2.49,2.62,1.63,0.07,2.11,0.44,0.03,-0.07,0.11,0.07,-0.28,0.2,0.15,-0.85,-0.67,-2.01,-2.17,0.41,-1.84,0.15,-1.48,-0.21,0.28,1.11,0.22,1.38,0.33,0.22,-0.31,2.08,0.9,1.99,2.21,0.2,0.3,-0.66,-0.58,1.59,-1.61,0.88,-0.81,0.48,1.87,1.83,0.75,0.98,0.51
8,97046692,11/3/2025,6:13:02,,,-1.16,-0.9,0.67,0.06,0.21,0.08,0.11,0.2,-0.7,-0.61,-0.51,0.01,1.11,-0.72,-0.14,-1.22,-0.29,0.59,-1.28,2.02,-1.61,-0.24,-1.98,-1.06,-2.75,-0.19,-1.26,1.34,-1.74,2.46,-3.48,0.76,0.19,1.27,3.55,-1.64,1.55,0.15,2,-0.96,5.74,-0.42,-1.34,0.13,2.68,-0.4,2.42,-3.91,2.49,2.63,1.64,0.08,2.07,0.45,-0.01,-0.09,0.09,0.06,-0.22,0.21,-0.02,-0.85,-0.67,-2.03,-2.14,0.42,-1.87,0.14,-1.49,-0.2,0.28,1.11,0.22,1.37,0.28,0.19,-0.34,2.06,0.87,1.96,2.25,0.15,0.29,-0.67,-0.57,1.58,-1.62,0.9,-0.8,0.4,1.85,1.83,0.73,0.96,0.49
9,97074470,11/3/2025,6:18:02,,,-0.76,-0.16,0.34,0.02,0.2,-0.16,0.61,0.67,-0.64,-0.69,-0.43,-0.02,2.0,-0.73,-0.19,-1.21,-0.07,0.75,-0.22,2.12,-1.67,-0.29,-2.03,-0.97,-2.9,-0.11,0.26,1.19,-1.65,2.44,-3.45,0.84,1.47,1.43,3.43,-1.53,1.56,0.4,2.05,-0.82,5.71,-0.31,-1.2,0.13,2.68,-0.47,2.42,-3.94,2.52,2.48,1.8,0.16,2.15,0.57,0.14,0.2,0.36,0.21,-0.15,0.03,0.14,-0.95,-0.23,-1.92,-2.21,-0.15,-1.85,-0.26,-1.15,0.18,0.49,0.98,0.49,1.31,0.54,0.05,-0.21,2.78,1.31,1.93,1.92,0.61,0.13,-0.9,-0.21,1.44,-1.5,1.24,-0.94,0.3,1.57,1.84,0.7,0.83,0.63
10,97055073,11/3/2025,7:11:10,,,-0.85,-0.63,0.63,0.06,0.06,0.3,0.01,0.2,-0.74,-0.4,-0.62,0.07,1.74,-0.24,-0.35,-0.72,-0.44,0.56,-0.97,1.9,-1.29,-0.56,-1.53,-1.32,-2.37,-0.33,-0.37,0.77,-1.43,1.92,-3.25,0.71,0.69,1.22,3,-1.24,1.2,0.44,1.52,-0.58,5.49,-0.47,-1.38,0.62,2.47,0,2.26,-3.51,2.28,2.42,1.65,-0.09,1.7,0.86,-0.36,0.36,-0.09,0.39,-0.29,-0.17,0.06,-1.09,-0.62,-1.4,-2.19,-0.1,-1.51,-0.2,-0.62,0.02,1.25,0.69,0.3,0.94,0.34,0.12,0,2.11,0.23,1.67,0.92,0.78,0.21,-0.52,-0.25,1.37,-1.66,0.95,-1.27,0.15,1.56,1.39,0.44,0.49,0.7
11,97047518,11/3/2025,7:11:50,,,-1.09,-0.87,0.72,-0.04,0.18,0.1,0.22,0.27,-0.82,-0.59,-0.59,0.05,1.79,-0.31,-0.55,-0.87,-0.54,0.61,-0.91,1.99,-1.34,-0.71,-1.73,-1.43,-2.17,-0.54,-0.28,0.94,-1.44,2.1,-3.43,0.59,0.72,1.2,3.26,-1.32,1.3,0.48,1.59,-0.62,5.62,-0.41,-1.31,0.39,2.23,-0.12,2.02,-3.55,2.04,2.45,1.65,0,1.93,0.78,-0.17,0.29,0.17,0.36,-0.26,0.02,-0.13,-1.11,0.03,-1.63,-2.16,-0.34,-2.35,-0.64,-0.2,-0.36,1.4,0.81,0.44,1.01,0.37,0.09,-0.03,2.31,0.76,1.64,1.38,0.79,-0.13,-0.74,-0.54,1.26,-1.54,1.02,-0.96,0.37,1.52,1.59,0.96,0.53,0.5
12,97055040,11/3/2025,7:17:28,,,-1.38,-0.69,0.91,0.05,0.4,0.12,0.1,0.16,-0.89,-0.65,-0.67,0.1,1.76,-0.26,-0.54,-0.76,-0.57,0.55,-0.93,1.98,-1.15,-0.55,-1.51,-1.42,-1.91,-0.51,-0.34,0.81,-1.65,1.9,-3.52,0.6,0.7,1.19,3.15,-1.62,1.09,0.35,1.48,-0.74,5.59,-0.42,-1.37,0.66,2.32,0.03,2.12,-3.37,2.12,2.45,1.5,0,1.66,0.61,-0.45,0.08,-0.18,0.22,-0.2,0.08,-0.11,-0.84,0.06,-1.51,-1.9,-0.37,-2.05,-0.62,-0.24,-0.36,1.78,0.64,0.44,0.79,0.29,0.1,-0.15,2.59,0.38,1.58,1.68,0.73,-0.25,-0.5,-0.32,1.46,-1.59,1.02,-1.23,0.42,1.0,1.5,0.73,1.15,0.6
13,97055032,11/3/2025,7:18:20,,,-1.04,-0.82,0.64,0.1,0.13,-0.03,-0.11,0.01,-0.66,-0.7,-0.47,0,1.72,-0.82,-0.4,-1.24,-0.45,0.7,-0.95,2.0,-1.75,-0.39,-2.06,-1.31,-2.08,-0.4,-0.24,1.31,-1.73,2.47,-3.62,0.77,0.74,1.22,3.52,-1.67,1.69,0.21,2,-0.86,5.25,-0.44,-1.31,0.08,2.43,-0.49,2.07,-3.81,2.19,2.6,1.62,0.03,2.24,0.55,0.12,0.02,0.3,0.16,-0.33,0.02,-0.03,0.1,-0.04,-1.95,-1.33,-0.26,-1.95,-0.44,-0.29,-0.09,1.71,0.78,0.15,1.05,0.4,0.15,-0.24,2.69,0.65,2.03,2.13,0.63,0.09,-0.47,-0.68,1.43,-1.26,1.07,-0.55,0.11,1.84,1.45,1.23,0.94,0.87
14,97051163,11/3/2025,7:22:23,,,-1.09,-0.89,0.51,0.12,0.27,0.12,0.46,0.74,-0.73,-0.46,-0.6,-0.02,1.79,-0.99,-0.42,-1.47,-0.45,0.65,-0.91,1.93,-2.03,-0.47,-2.26,-1.29,-3.02,-0.31,-0.27,1.5,-1.62,2.7,-3.61,0.73, ,1.31, , ,1.89,0.31,2.41,-0.91,5.52,-0.41,-1.33,-0.21,2.48,-0.96,2.13,-4.21,2.36,2.51,1.64,0.02,2.44,0.47,0.38,0.04,0.61,0.13,-0.3,0.1,0.01,-0.83,0.06,-2.09,-2.29,-0.13,-2.26,-0.49,-0.34,-0.36,1.39,0.96,0.54,1.07,0.44,0.14,-0.22,2.13,0.94,2.18,1.91,0.67,0.48,-0.57,-0.55,1.6,-1.2,1.01,-0.8,0.21,1.1,1.53,0.77,1.14,0.53
15,97051148,11/3/2025,7:23:40,,,-1.39,-1.02,0.75,0.12,0.21,0.06,0.18,0.41,-0.7,-0.58,-0.55,0.04,1.49,-0.95,-0.22,-1.4,-0.37,0.46,-1.2,1.72,-1.91,-0.23,-2.19,-1.13,-2.55,-0.21,-0.52,1.5,-1.65,2.55,-3.52,0.55,0.5,1.14,3.69,-1.5,1.85,0.36,2.15,-0.75,5.21,-0.66,-1.57,-0.07,2.65,-0.7,2.27,-4.07,2.47,2.47,1.45,-0.15,2.4,0.61,0.17,0.15,0.33,0.25,-0.69,0.2,0.1,-1.32,-0.08,-2.01,-2.55,-0.01,-2.04,-0.27,-1.43,-0.41,0.63,1.03,0.1,1.36,0.4,0.17,-0.1,2.49,1.06,2.07,2.21,0.59,0.51,-0.35,-0.66,1.48,-1.14,1.11,-0.17,0.38,1.7,1.47,0.58,0.71,0.53
16,97051122,11/3/2025,7:45:17,,,-1.21,-1.02,0.37,0.11,0.14,0.22,0.64,0.82,-0.52,-0.71,-0.34,0.03,1.76,-0.64,-0.3,-1.1,-0.43,0.49,-0.94,1.78,-1.71,-0.47,-1.78,-1.29,-2.85,-0.32,-0.54,1.18,-1.59,2.29,-3.34,0.74,0.76,1.41,3.31,-1.55,1.64,0.5,2,-0.78,5.53,-0.62,-1.53,0.31,2.49,-0.54,2.18,-3.96,2.29,2.49,1.71,0.08,2.18,0.65,0.11,0.12,0.25,0.29,-0.38,0.11,-0.06,-1.16,-0.05,-1.81,-2.04,-0.11,-1.72,-0.15,-1.87,-0.31,0.29,0.9,0.48,1.09,0.45,0.07,-0.14,2.52,1.08,1.76,1.58,0.47,0.09,-0.53,-0.55,1.58,-1.22,1.14,-0.94,0.45,1.54,1.77,0.79,0.86,0.42
17,97079065,11/3/2025,7:48:00,,,-1.36,-0.99,0.37,0.18,-0.03,0.26,0.02,0.27,-0.76,-0.51,-0.65,0.08,1.76,-0.41,-0.39,-1.08,-0.44,0.51,-0.86,2.03,-1.43,-0.51,-1.77,-1.3,-2.58,-0.28,-0.69,1.03,-1.63,2.12,-3.34,0.63,0.74,1.33,3.19,-1.56,1.39,0.31,1.83,-0.87,5.3,-0.53,-1.37,0.44,2.54,-0.11,2.37,-3.64,2.28,2.63,1.68,0,1.92,0.52,-0.18,0.1,-0.12,0.18,-0.32,0.35,0.06,-0.72,-0.19,-1.59,-1.97,-0.19,-1.8,-0.26,-0.09,-0.42,2.26,0.89,0.97,1.19,0.41,0.16,-0.13,2.56,0.69,1.42,1.41,0.42,-0.23,-0.58,-0.71,1.51,-0.79,1.08,-0.78,0.18,1.68,1.61,0.61,1.03,0.59
18,97079040,11/3/2025,7:49:51,,,-0.95, ,0.36,0.03, , ,-0.44,0.07,-0.79,-0.43,-0.57,0.13,1.9,-0.66,-0.42,-1.52,-0.36,0.81,-0.74,2.16,-2.01,-0.42,-2.25,-1.35,-2.63,-0.36,-0.51,1.52,-1.25,2.64,-3.13,0.77,0.78,1.43,3.79,-1.23,1.98,0.21,2.39,-0.91,5.48,-0.35,-1.17,-0.19,2.46,-0.78,2.15,-4.16,2.22,2.63,1.74,0.15,2.55,0.48,0.41,0,0.71,0.14,-0.12,0.19,-0.03,-0.78,-0.24,-2.04,-2.14,-0.28,-2.17,-0.37,-0.66,-0.63,1.31,0.92,0.01,1.25,0.51,0.11,-0.4,2.33,1.1,1.82,1.8,0.4,-0.23,-0.73,-0.68,1.37,-0.29,1.33,-0.51,0.36,1.68,1.79,0.99,0.8,0.6
19,97055008,11/3/2025,7:52:16,,,-1.38,-0.95,0.55,0.15,-0.06,0.29,0.08,0.27,-0.71,-0.4,-0.56,0.1,1.7,-1.11,-0.21,-1.61,-0.21,0.58,-0.97,1.98,-2.01,-0.17,-2.31,-1.22,-2.94,-0.17,-0.72,1.67,-1.23,2.81,-2.99,0.74,0.68,1.22,3.82,-1.13,1.96,0.24,2.34,-0.95,5.39,-0.55,-1.35,-0.22,2.65,-0.82,2.33,-4.16,2.33,2.32,1.56,-0.11,2.39,0.58,0.41,0.01,0.86,0.11,-0.32,0.33,0.17,-1.14,-0.06,-2.07,-2.4,-0.12,-2.18,-0.25,-0.29,1.01,1.47,1.05,0.52,1.42,0.34,0.0,-0.34,2.55,1.31,1.93,2.08,0.2,-0.09,-0.78,-0.63,1.58,-0.29,1.24,-0.29,0.27,1.33,1.75,1.38,0.62,0.29
20,97051106,11/3/2025,7:53:11,,,-1.38,-0.88,0.76,0.02,0.35,0.18,0.35,0.5,-0.81,-0.68,-0.61,-0.06,1.76,-0.69,-0.52,-1.16,-0.47,0.66,-0.9,1.83,-1.7,-0.74,-1.86,-1.32,-2.81,-0.43,-0.53,1.05,-1.05,2.26,-2.95,0.71,0.66,1.27,3.33,-1.09,1.53,0.31,1.95,-0.79,5.56,-0.47,-1.36,0.2,2.38,-0.61,2.08,-3.94,2.17,2.68,1.64, ,2.16,0.63, , ,0.02,0.25,-0.28,0.08,-0.12,0.55,-0.22,-1.75,-0.3,-0.11,-1.75,-0.41,-1.95,-0.24,0.56,0.61,0.67,1.07,0.39,0.02,-0.21,2.68,0.92,1.7,1.6,0.54,-0.09,-0.57,-0.53,1.64,-1.64,1.3,-1.02,0.14,1.47,1.52,0.73,0.66,0.19
21,97054985,11/3/2025,7:53:56,,,-1.18,-0.74,0.73,-0.04,0.13,0.03,0.14,0.19,-0.9,-0.65,-0.65,0.01,1.64,-0.64,-0.59,-1.23,-0.5,0.59,-0.94,2.0,-1.65,-0.74,-1.9,-1.53,-2.72,-0.54,-0.53,1.29,-1.02,2.33,-2.86,0.67,0.75,1.23,3.37,-1.11,1.53,0.22,1.94,-0.93,5.68,-0.52,-1.33,0.22,2.26,-0.44,2.01,-3.88,1.99,2.39,1.55,0.05,2.05,0.51,0.13,-0.02,0.25,0.14,-0.31,0.24,-0.22,-1.03,0,-1.7,-1.93,-0.39,-1.82,-0.77,-1.39,-0.36,0.93,0.96,0.79,1.18,0.38,0.16,-0.27,2.56,1.07,1.59,1.47,0.61,-0.62,-0.75,-1.25,1.49,-1.09,1.32,-0.69,0.15,1.63,1.49,0.74,0.93,0.38
22,97054910,11/3/2025,7:55:46,,,-0.51,-0.23,0.63,-0.15,0.2,-0.03,-0.26,-0.17,-0.74,-0.52,-0.49,0.12,1.63,-0.35,-0.43,-0.83,-0.4,0.56,-0.91,1.91,-1.24,-0.7,-1.5,-1.49,-2.42,-0.53,-0.53,0.87,-0.76,1.87,-2.59,0.64,0.75,1.25,3.01,-0.65,1.16,0.33,1.6,-0.74,5.73,-0.6,-1.4,0.64,2.3,-0.04,2.11,-3.51,2.12,2.43,1.64,0.03,1.74,0.69,-0.34,0.18,-0.19,0.28,-0.25,0.07,-0.11,-1.08,-0.39,-1.44,-1.8,-0.26,-1.29,-0.42,-0.38,-0.1,1.81,0.81,0.53,1.09,0.31,0.21,0.01,2.77,0.73,1.46,1.59,0.86,-0.08,-0.43,0.05,1.48,-1.62,1.28,-0.93,0.26,2.0,1.82,0.59,1.03,0.45
23,97055024,11/3/2025,7:56:43,,,-1.01,-0.78,0.39,0.05,0.09,0.32,-0.07,0.04,-0.81,-0.5,-0.65,0.09,1.71,-0.45,-0.38,-0.95,-0.54,0.47,-1.03,1.89,-1.4,-0.56,-1.79,-1.31,-2.81,-0.48,-0.61,1.01,-0.94,2.11,-2.68,0.51,0.72,1.12,3.23,-0.94,1.29,0.14,1.77,-1.02,5.4,-0.6,-1.43,0.42,2.41,-0.28,2.08,-3.73,2.21,2.49,1.43,-0.12,1.86,0.38,-0.11,-0.04,0.12,0.1,-0.34,0.14,-0.03,-0.95,-0.37,-1.74,-2.01,-0.41,-1.41,-0.21,-0.42,-0.1,1.96,0.83,0.71,1.18,0.28,-0.11,-0.25,1.44,0.67,1.36,1.24,0.47,0,-0.81,-0.39,1.31,-0.75,1.18,-0.49,0.2,1.49,1.56,0.62,1.08,0.64
24,97054894,11/3/2025,7:57:42,,,-1.15, ,0.6,-0.03, , ,0.28,0.41,-0.78,-0.52,-0.54,-0.01,1.72,-0.6,-0.61,-1.11,-0.56,0.67,-0.87,1.94,-1.58,-0.75,-1.92,-1.62,-2.54,-0.53,-0.58,1.1,-0.84,2.33,-2.66,0.74,0.75,1.31,3.37,-0.82,1.46,0.23,1.95,-0.88,5.23,-0.44,-1.31,0.31,2.25,-0.41,1.94,-3.74,2.01,2.51,1.61,0.1,2.01,0.53,0.04,-0.05,0.09,0.12,-0.32,-0.06,-0.17,-0.88,-0.07,-1.71,-1.92,-0.4,-1.59,-0.49,-0.02,-0.46,1.86,0.78,0.3,0.95,0.47,-0.04,-0.22,2.39,1.66,1.49,1.49,0.51,0.04,-0.53,-0.17,1.31,-1.41,1.13,-0.84,0.53,1.34,1.76,0.78,0.91,0.71
25,97051171,11/3/2025,7:58:37,,,-0.75,-0.34,0.77,-0.05,0.38,0,0.32,0.34,-0.92,-0.54,-0.68,0.04,1.77,-0.46,-0.63,-0.9,-0.6,0.66,-0.92,2.04,-1.39,-0.7,-1.68,-1.56,-2.6,-0.6,-0.46,0.92,-0.99,2.04,-2.81,0.79,0.74,1.33,3.32,-0.9,1.26,0.22,1.78,-1.02,5.51, ,-1.24,0.49,2.25, , ,-3.6,2.08,2.64,1.68,0.13,1.82,0.46,-0.2,-0.22,-0.15,0.1,-0.22,0.06,-0.15,-0.93,-0.04,-1.54,-1.6,-0.44,-1.35,-0.36,-1.46,-0.43,1.09,0.86,1.0,1.01,0.43,0.04,-0.35,2.96,1.04,1.49,1.79,0.44,-0.45,-0.51,-0.82,1.58,-0.75,1.47,-0.75,0.49,1.59,1.6,0.52,1.04,0.6
26,97051155,11/3/2025,8:01:33,,,-0.88,-0.55,0.83,0,0.3,0.03,0.52,0.6,-0.83,-0.64,-0.65,-0.03,1.8,-0.8,-0.43,-1.26,-0.44,0.59,-0.89,1.97,-1.7,-0.49,-2.13,-1.41,-2.78,-0.35,-0.69,1.3,-1.01,2.47,-2.77,0.65,0.71,1.27,3.66,-1.03,1.61,0.1,1.98,-1.01,5.68,-0.47,-1.35,0.16,2.46,-0.52,2.23,-3.93,2.28,2.55,1.66,0.05,2.27,0.34,0.12,-0.09,0.39,0.07,-0.29,0.17,-0.11,-0.8,0.18,-1.93,-1.91,-0.21,-2.14,-0.38,-2.43,-0.68,0.11,0.95,0.26,1.3,0.43,0.11,-0.36,2.32,1.5,1.74,1.71,0.26,-0.03,-0.44,-0.51,1.25,-0.83,1.24,-0.51,0.42,1.49,1.67,0.74,0.95,0.78
27,97054852,11/3/2025,8:02:36,,,-1.55,-1.36,0.73,0,0.19,0.19,0.26,0.4,-0.81,-0.58,-0.63,-0.03,1.76,-0.5,-0.52,-0.98,-0.71,0.71,-0.9,1.97,-1.47,-0.67,-1.87,-1.57,-2.43,-0.51,-0.69,1.11,-0.75,2.24,-2.62,0.59,0.67,1.28,3.26,-0.77,1.36,0.49,1.83,-0.77,5.69,-0.4,-1.28,0.32,2.29,-0.29,2,-3.72,2.11,2.49,1.54,-0.02,1.93,0.67,-0.05,0.17,0.06,0.26,-0.23,0.18,-0.11,-0.87,-0.17,-1.6,-1.64,-0.3,-1.83,-0.47,0.12,0.08,2.04,0.72,0.48,1.18,0.45,-0.01,-0.07,2.08,0.63,1.68,1.36,0.44,-0.13,-0.39,-0.14,1.57,-1.32,1.07,-0.53,0.38,1.37,1.36,0.75,0.91,0.6
28,97054928,11/3/2025,8:03:17,,,-1.03,-0.83,0.55,0.05,0.31,0.11,0.28,0.53,-0.8,-0.5,-0.7,-0.01,1.61,-0.71,-0.41,-1.23,-0.43,0.63,-1.0,2.01,-1.6,-0.33,-2.0,-1.38,-2.45,-0.33,-0.68,1.39,-0.91,2.44,-2.7,0.69,0.74,1.35,3.43,-0.87,1.59,0.35,1.96,-0.89,5.51,-0.54,-1.34,0.22,2.52,-0.39,2.26,-3.82,2.25,2.46,1.68,0.11,2.1,0.56,0.09,-0.02,0.25,0.17,-0.25,0.1,-0.04,-0.89,0.19,-1.9,-1.8,-0.34,-2.04,-0.44,-1.88,-0.62,0.47,0.71,0.82,1.13,0.34,-0.09,-0.22,2.52,0.93,1.61,1.46,0.69,0,-0.77,-0.64,1.4,-0.6,1.32,-0.76,-0.12,1.51,1.78,1.03,1.02,0.58
29,97051189,11/3/2025,8:03:58,,,-1.19,-0.89,0.69,0.02,0.02,0.05,0.21,0.29,-0.6,-0.66,-0.43,-0.04,1.78,-0.63,-0.73,-1.07,-0.75,0.7,-0.87,1.88,-1.56,-0.58,-1.88,-1.69,-1.98,-0.57,-0.48,1.09,-0.89,2.26,-2.68,0.79,0.81,1.31,3.36,-0.97,1.43,0.22,1.74,-0.84,5.44,-0.55,-1.36,0.35,2.23,-0.3,1.87,-3.61,1.95,2.44,1.69,0.13,1.91,0.55,-0.08,0.04,0.22,0.19,-0.19,0.07,-0.3,-0.89,0.07,-1.83,-1.72,-0.25,-1.99,-0.61,-0.44,-0.04,1.04,0.48,0.31,0.9,0.43,0.0,-0.23,2.66,1.06,1.78,1.9,0.38,0.46,-0.68,-0.36,1.53,-1.29,1.33,-0.53,0.19,1.61,1.6,0.83,0.99,0.7
30,97054902,11/3/2025,8:04:39,,,-1.47,-1.23,0.8,0.07,0.22,0.06,0.29,0.52,-0.71,-1.01,-0.66,-0.02,1.66,-0.64,-0.46,-1.27,-0.49,0.71,-0.89,1.97,-1.63,-0.33,-2.06,-1.47,-2.41,-0.39,-0.77,1.35,-0.8,2.41,-2.57,0.63,0.7,1.28,3.46,-0.82,1.57,0.37,1.99,-0.83,5.6,-0.43,-1.3,0.14,2.41,-0.4,2.1,-3.81,2.14,2.48,1.61,0.06,2.03,0.66,0.13,0.04,0.24,0.18,-0.23,0.22,-0.1,-0.78,-0.05,-1.86,-2.28,-0.35,-2.22,-0.44,-1.83,-0.03,0.25,0.78,0.48,1.08,0.46,-0.03,-0.2,2.57,0.84,1.58,1.56,0.49,-0.64,-0.56,-0.11,1.08,-0.75,1.38,-0.5,0.59,1.36,1.63,0.95,1.06,0.54
31,97054860,11/3/2025,8:06:17,,,-1.02,-0.72,0.52,-0.02,0.15,-0.02,-0.19,-0.14,-0.72,-0.48,-0.61,0.11,1.62,-0.77,-0.37,-1.26,-0.51,0.64,-0.97,1.89,-1.64,-0.17,-1.98,-1.31,-1.95,-0.39,-0.73,1.36,-0.99,2.45,-2.84,0.59,0.53,1.18,3.45,-0.95,1.51,0.33,1.98,-0.91,5.39,-0.57,-1.4,0.16,2.41,-0.31,2.2,-3.69,2.2,2.41,1.49,0,2.07,0.63,0.01,-0.03,0.33,0.1,-0.32,0.04,0.08,-1.14,-0.26,-1.52,-1.86,0.05,-1.9,-0.3,-1.6,-0.37,0.55,0.94,0.47,1.17,0.18,0.12,-0.28,2.31,0.5,1.58,1.48,0.53,-0.5,-0.53,-0.28,1.16,-0.82,1.37,-0.74,0.35,1.19,1.48,0.14,1.04,0.62
32,97054837,11/3/2025,8:07:47,,,-0.9,-0.59,0.58,0.09,0.02,0.22,0.31,0.31,-0.5,-0.52,-0.32,0.14,1.77,-0.52,-0.4,-0.89,-0.49,0.68,-0.92,1.9,-1.47,-0.15,-1.66,-1.28,-2.23,-0.36,-0.68,1.16,-0.66,2.13,-2.65,0.71,0.78,1.27,3.07,-0.76,1.3,0.4,1.69,-0.76,5.68,-0.55,-1.36,0.41,2.47,-0.18,2.24,-3.58,2.26,2.65,1.64,0.09,1.85,0.71,-0.18,0.2,-0.11,0.21,-0.21,0.22,0.03,-0.59,0.45,-1.36,-1.42,0.08,-2.14,-0.38,-1.11,-0.15,1.37,0.94,0.68,1.06,0.18,0.05,-0.03,2.1,0.98,1.29,1.13,0.7,-0.09,-0.22,-0.62,1.2,-1.3,1.56,-0.62,0.66,1.36,1.67,0.54,0.99,0.38
33,97078273,11/3/2025,8:11:49,,,-1.22,-0.82,0.62,0.14,0.21,0.28,0.2,0.44,-0.68,-0.68,-0.56,0.08,1.8,-0.62,-0.23,-1.35,-0.33,0.8,-0.99,1.93,-1.79,-0.13,-2.11,-1.28,-1.95,-0.11,-0.57,1.45,-0.7,2.56,-2.59,0.67,0.65,1.32,3.61,-0.62,1.65,0.56,1.99,-0.62,5.83, ,-1.2,0.02,2.64, , ,-3.86,2.38,2.55,1.63,0,2.18,0.78,0.15,0.39,0.58,0.4,-0.24,0.25,0.14,-0.83,-0.15,-1.85,-2.36,0.05,-1.78,-0.21,-0.83,-0.1,1.75,1.13,0.8,1.41,0.26,0.15,0.02,2.54,1.29,2.05,2.06,0.65,0.4,-0.45,-0.38,1.39,-0.4,1.59,-0.66,0.3,1.53,1.78,0.62,1.17,0.65
34,97078265,11/3/2025,8:12:30,,,-0.93,-0.64,0.42,0.02,0.25,-0.09,0.28,0.46,-0.74,-0.55,-0.57,-0.01,1.45,-1.32,-0.11,-1.66,-0.13,0.57,-1.13,1.82,-2.1,-0.12,-2.44,-1.12,-2.87,-0.05,-0.74,1.9,-0.7,2.9,-2.61,0.56, ,1.14, , ,2.04,0.5,2.38,-0.73,5.0,-0.61,-1.41,-0.23,2.65,-0.9,2.45,-4.22,2.5,2.45,1.43,-0.16,2.52,0.75,0.47,0.31,0.75,0.27,-0.63,0.5,0.14,-1.13,-0.27,-2.14,-2.52,0.31,-2.08,-0.03,-0.4,-0.07,1.7,1.07,0.4,1.43,0.3,0.19,-0.1,2.52,1.14,2.25,2.39,0.65,0.37,-0.56,-0.29,1.12,-0.47,1.32,-0.55,0.44,1.46,1.9,0.8,1.02,1.11
35,97047500,11/3/2025,8:13:40,,,-0.81,-0.55,0.58,-0.11,0.27,-0.11,0.24,0.46,-0.79,-0.56,-0.67,0.05,1.73,-0.68,-0.46,-0.97,-0.66,0.64,-0.92,1.89,-1.55,-0.53,-1.85,-1.38,-2.04,-0.61,-0.56,1.2,-0.56,2.2,-2.54,0.57,0.55,1.27,3.23,-0.68,1.49,0.58,1.9,-0.71,5.43,-0.58,-1.36,0.24,2.19,-0.3,2.04,-3.66,2.03,2.48,1.55,-0.01,2.03,0.69,-0.09,0.2,0.17,0.4,-0.28,0.03,-0.27,-0.71,-0.57,-1.81,-1.94,-0.36,-2.01,-0.62,-1.89,-0.32,0.46,0.41,0.8,1.06,0.13,0.23,0.07,2.46,0.95,1.57,1.16,0.71,-0.29,-0.35,-0.41,0.92,-1.53,1.37,-0.79,0.68,1.89,1.68,0.34,1.1,0.89
36,97053789,11/3/2025,8:18:20,,,-1.17,-0.81,0.48,0.03,0.27,0.16,0.31,0.49,-0.8,-0.61,-0.5,0.02,1.85,-0.58,-0.53,-1.1,-0.63,0.62,-0.8,1.98,-1.49,-0.44,-1.87,-1.27,-2.41,-0.48,-0.42,1.08,-0.5,2.2,-2.37,0.8, ,1.22, , ,1.41,0.55,1.89,-0.59,5.42,-0.5,-1.34,0.33,2.34,-0.32,2.13,-3.72,2.09,2.42,1.58,0,1.85,0.91,-0.05,0.33,0.34,0.39,-0.23,0.03,-0.04,-0.77,0.19,-1.77,-1.68,-0.2,-2.03,-0.39,-1.2,-0.47,0.74,0.76,0.43,1.06,0.18,0.18,0.11,2.54,1.43,1.48,1.67,0.81,0.25,-0.31,-0.09,1.01,-1.18,1.57,-0.46,0.67,1.49,1.61,0.27,1.33,0.65
37,97053797,11/3/2025,8:19:18,,,-1.1,-0.79,0.39,0.12,0.25,0.13,0.39,0.59,-0.78,-0.64,-0.52,0,1.72,-0.83,-0.41,-1.33,-0.49,0.6,-0.84,1.85,-1.83,-0.29,-2.1,-1.23,-2.6,-0.3,-0.59,1.37,-0.81,2.42,-2.7,0.47, ,1.16, , ,1.69,0.35,2.17,-0.89,5.51,-0.62,-1.41,-0.02,2.41,-0.6,2.19,-3.98,2.26,2.32,1.49,-0.04,2.24,0.52,0.2,0.14,0.63,0.14,-0.38,0.34,0.01,-0.76,-0.05,-2.12,-2.01,0.13,-2.4,-0.37,-2.0,-0.31,0.28,0.86,0.8,1.16,0.18,0.25,-0.2,2.19,0.53,1.71,1.57,0.42,-0.07,-0.48,-0.1,1.07,-0.84,1.21,-0.59,0.24,1.54,1.77,0.19,0.89,0.98
38,97077317,11/3/2025,8:20:26,,,-0.87,-0.62,0.57,0.1,0.19,-0.07,0.61,0.92,-0.54,-0.8,-0.53,-0.08,1.86,-0.68,-0.18,-1.14,-0.41,0.65,-0.82,1.91,-1.59,-0.28,-1.9,-1.01,-2.89,-0.16,-0.59,1.17,-0.63,2.21,-2.53,0.61,0.7,1.26,3.33,-0.6,1.45,0.52,1.87,-0.69,5.39, ,-1.31,0.29,2.59, , ,-3.84,2.43,2.4,1.58,-0.01,2.07,0.67,-0.02,0.16,0.29,0.29,-0.2,0.3,0.15,-0.96,-0.16,-1.75,-1.86,0.14,-1.98,-0.14,-0.39,1.49,1.28,0.98,0.62,1.47,0.22,0.12,-0.11,2.71,0.98,1.78,1.63,0.46,-0.14,-0.48,-0.28,1.33,-1.27,1.44,-0.68,0.45,0.78,1.78,0.96,1.21,0.78
39,97077309,11/3/2025,8:25:19,,,-1.16,-0.75,0.54,0.12,0.11,0.05,0.34,0.66,-0.6,-0.62,-0.3,-0.02,1.67,-0.74,-0.34,-1.34,-0.31,0.58,-0.86,1.87,-1.76,-0.3,-2.09,-1.15,-2.98,-0.23,-0.57,1.4,-0.81,2.44,-2.66,0.62, ,1.19, , ,1.68,0.24,2.04,-1.05,5.35,-0.54,-1.42,0.05,2.51,-0.57,2.35,-4.04,2.36,2.56,1.49,0.02,2.15,0.49,0.29,-0.1,0.24,0.05,-0.3,0.27,0.12,-1.06,0.04,-1.78,-2.38,-0.17,-2.06,-0.19,-0.39,-0.43,1.75,0.96,0.6,1.36,0.18,0.02,-0.31,2.24,0.35,1.5,1.66,0.32,-0.38,-0.38,-0.46,1.4,-0.72,1.37,-0.74,0.25,1.54,1.62,0.43,1.22,0.87
40,97078257,11/3/2025,8:26:05,,,-1.28,-0.88,0.63,0.1,0.25,0.27,-0.26,0.1,-0.9,-0.42,-0.63,0.1,1.68,-0.72,-0.34,-1.36,-0.25,0.73,-0.78,2.01,-1.74,-0.24,-2.16,-1.13,-2.54,-0.2,-0.48,1.39,-0.57,2.53,-2.51,0.72,0.73,1.36,3.55,-0.55,1.66,0.81,1.99,-0.68,5.48,-0.38,-1.24,0.09,2.54,-0.52,2.35,-3.85,2.28,2.52,1.59,0.03,2.06,0.85,0.04,0.38,0.42,0.35,-0.17,0.15,0.05,-0.72,-0.26,-1.94,-2.06,0.0,-2,-0.23,-1.74,-0.32,0.4,0.82,0.65,1.21,0.3,0.11,0.04,2.57,0.84,2.01,2.79,0.7,-0.08,-0.46,-0.42,1.16,-0.39,1.55,-0.55,0.61,1.64,1.92,0.64,1.02,0.72
41,97053771,11/3/2025,8:26:52,,,-1.22,-1,0.39,0.09,0.01,0.58,0.15,0.27,-0.8,-0.61,-0.48,0.08,1.68,-0.88,-0.38,-1.39,-0.37,0.7,-0.83,1.95,-1.8,-0.21,-2.21,-1.2,-2.38,-0.22,-0.65,1.47,-0.47,2.6,-2.33,0.66,0.65,1.2,3.63,-0.44,1.69,0.58,2.01,-0.57,5.27,-0.44,-1.29,0.07,2.53,-0.63,2.32,-3.93,2.32,2.47,1.53,-0.04,2.11,0.92,0.11,0.39,0.53,0.34,-0.22,0.08,0.03,-0.81,-0.15,-1.73,-2.15,0.05,-2.08,-0.21,-0.08,0.03,1.85,1.1,0.6,1.26,0.13,0.15,0.13,2.33,1.16,2.09,2.09,0.66,0.47,-0.38,-0.3,1.48,-1.15,1.36,-0.92,0.33,1.5,1.97,0.41,0.91,0.77
42,97053755,11/3/2025,8:27:33,,,-1.46,-1.25,0.56,0.18,0.03,0.42,0.02,0.4,-0.74,-0.44,-0.42,0.05,1.63,-0.29,-0.36,-0.92,-0.29,0.65,-0.84,1.89,-1.4,-0.4,-1.64,-1.16,-2.65,-0.27,-0.62,0.89,-0.31,2.05,-2.04,0.74,0.61,1.22,3.05,-0.31,1.23,0.51,1.64,-0.55,5.54,-0.48,-1.3,0.44,2.49,-0.33,2.24,-3.65,2.24,2.6,1.58,0.06,1.82,0.87,-0.16,0.44,0.11,0.45,-0.29,0.15,0.04,-0.84,0.15,-1.45,-1.89,0.01,-1.85,-0.48,-0.48,0.14,1.87,0.97,1.17,1.31,0.28,0.25,0.24,2.64,0.75,1.43,1.85,0.93,0.11,-0.2,-0.05,1.17,-1.69,1.38,-0.91,0.58,1.66,1.93,0.88,0.99,0.88
43,97077283,11/3/2025,8:29:25,,,-1.13,-0.79,0.7,0.01,0.16,0.14,0.22,0.46,-0.85,-0.69,-0.58,-0.03,1.65,-0.15,-0.5,-0.64,-0.63,0.42,-0.92,1.79,-1.16,-0.51,-1.46,-1.52,-2.54,-0.48,-0.4,0.76,-0.65,1.74,-2.54,0.48,0.78,1.13,2.83,-0.59,0.99,0.46,1.49,-0.86,5.61,-0.7,-1.49,0.69,2.33,0.04,2.21,-3.5,2.17,2.2,1.45,-0.05,1.58,0.57,-0.46,0.09,0.0,0.17,-0.35,-0.09,-0.17,-1.18,-0.13,-1.29,-1.47,-0.38,-1.15,-0.35,-1.89,-0.15,1.25,0.53,1.13,1.05,0.11,0.08,-0.15,1.89,0.64,0.98,0.92,0.81,-0.95,-0.43,-0.39,1.28,-0.95,1.85,-0.84,0.35,1.37,1.56,0.17,0.66,0.58
44,97077267,11/3/2025,8:30:56,,,-1.19,-0.91,0.73,0.1,0.21,0.04,0.13,0.59,-0.82,-0.49,-0.58,0.03,1.52,-1.03,-0.47,-1.52,-0.45,0.64,-0.93,1.79,-1.88,-0.41,-2.23,-1.28,-2.91,-0.27,-0.57,1.65,-0.86,2.52,-2.66,0.56,0.6,1.13,3.59,-0.84,1.67,0.15,2.06,-0.96,5.43,-0.61,-1.39,0.05,2.46,-0.76,2.16,-4.09,2.29,2.59,1.44,-0.01,2.18,0.52,0.2,-0.03,0.26,0.09,-0.32,0.26,0.06,-0.91,0.48,-2.03,-2.2,0.05,-2.07,-0.05,-2.22,0.38,0.19,0.91,0.65,1.21,0.21,0.01,-0.29,2.07,0.55,1.89,1.62,0.72,-0.01,-0.41,-0.4,1.04,-0.95,1.33,-0.74,0.45,1.6,2.06,0.52,0.8,0
45,97078703,11/3/2025,8:31:36,,,-1.35,-1.15,0.68,0.15,0.37,0.03,-0.06,0.39,-0.87,-0.49,-0.6,0.07,1.72,-0.69,-0.27,-1.19,-0.17,0.83,-0.76,1.95,-1.77,-0.22,-2.04,-1.14,-2.23,-0.19,-0.42,1.31,-0.71,2.41,-2.5,0.61,0.81,1.26,3.45,-0.6,1.57,0.45,2,-0.78,5.31,-0.41,-1.26,0.11,2.53,-0.55,2.3,-3.89,2.29,2.35,1.61,0.08,2.12,0.72,0.06,0.14,0.48,0.18,-0.17,0.2,0.13,-0.64,-0.41,-1.87,-1.9,0.15,-2.32,0.27,-1.7,-0.06,-0.02,1.1,0.82,1.31,0.25,-0.18,-0.24,2.22,1.89,1.81,2.06,0.35,0.22,-0.5,0.0,1.78,-1.08,1.21,-1.01,0.46,1.97,2.05,0.7,0.76,0.53
46,97053730,11/3/2025,8:34:18,,,-0.95,-0.58,0.51,0.04,0.15,0.17,0.26,0.57,-0.72,-0.59,-0.51,0.05,1.68,-1.0,-0.15,-1.53,-0.07,0.63,-0.82,1.85,-2.01,-0.09,-2.33,-0.95,-3.32,-0.1,-0.42,1.64,-0.46,2.71,-2.35,0.65,0.7,1.26,3.71,-0.51,1.86,0.59,2.4,-0.65,5.32,-0.53,-1.36,-0.15,2.67,-0.87,2.52,-4.26,2.5,2.64,1.56,-0.01,2.48,0.81,0.37,0.26,0.64,0.3,-0.39,0.31,0.36,-0.72,0.06,-2.07,-2.65,0.38,-2.25,-0.19,-1.16,-0.16,1.22,1.19,1.19,1.57,0.33,0.19,0.08,2.34,0.69,2.11,2.0,0.83,-0.33,-0.15,0.18,1.42,-1.46,1.37,-1.01,0.57,1.65,1.84,0.74,1.36,0.76
47,97053748,11/3/2025,8:35:01,,,-1.22,-1.24,0.43,0.01,0.14,0.57,-0.06,0.17,-0.83,-0.56,-0.53,0.07,1.63,-0.31,-0.52,-0.89,-0.51,0.67,-0.89,1.96,-1.23,-0.29,-1.67,-1.37,-1.16,-0.39,-0.65,1.02,-0.32,2.04,-2.12,0.59,0.62,1.15,3.06,-0.26,1.2,0.62,1.47,-0.56,5.4,-0.57,-1.34,0.49,2.31,0.03,2.19,-3.31,2.01,2.39,1.44,-0.11,1.72,1.0,-0.34,0.47,0.18,0.41,-0.2,0.12,-0.09,-0.9,-0.6,-1.24,-1.39,-0.19,-1.45,-0.23,-0.41,-0.33,1.91,0.73,0.88,1.25,0.08,0.09,0.22,2.01,0.32,1.36,1.94,1.04,-0.17,-0.51,-0.4,1.33,-1.09,1.61,-0.97,0.43,1.52,2.01,0.86,1.18,0.5
48,97078299,11/3/2025,8:35:46,,,-1.04,-0.61,0.71,0.08,0.26,0.15,-0.03,0.09,-0.85,-0.52,-0.59,0.16,1.45,-0.8,-0.41,-1.33,-0.27,0.67,-0.93,1.79,-1.83,-0.25,-2.14,-1.21,-2.67,-0.18,-0.7,1.41,-0.59,2.53,-2.4,0.69, ,1.17, , ,1.68,0.52,2.09,-0.68,5.27,-0.56,-1.38,0.01,2.54,-0.74,2.31,-4.04,2.35,2.44,1.42,-0.09,2.18,0.88,0.2,0.3,0.48,0.3,-0.38,-0.09,0.12,-0.95,-0.14,-1.95,-1.83,0.18,-1.79,-0.25,-0.57,-0.33,2.02,1.0,1.08,1.28,0.22,-0.1,-0.07,3.22,0.45,1.96,2.85,0.73,0.15,-0.3,-0.69,1.29,-0.94,1.34,-0.35,0.31,1.09,1.93,0.58,0.76,0.51
49,97046858,11/3/2025,8:38:20,,,-1.36,-1.08,0.74,0.08,0.24,0.2,0.41,0.7,-0.93,-0.55,-0.66,0.02,1.69,-0.68,-0.26,-1.0,-0.45,0.56,-1.0,1.71,-1.59,-0.44,-1.85,-1.23,-2.97,-0.31,-0.64,1.13,-0.53,2.1,-2.41,0.48,0.5,1.08,3.27,-0.54,1.35,0.45,1.82,-0.71,5.41,-0.57,-1.43,0.28,2.44,-0.57,2.22,-3.94,2.32,2.15,1.41,-0.08,2.0,0.62,-0.03,0.2,0.32,0.24,-0.39,0.19,0.02,-1.02,-0.1,-1.72,-1.72,0.06,-2.17,-0.16,-0.42,-0.03,2.07,1.03,0.78,1.34,0.09,-0.05,-0.16,2.21,0.61,1.56,1.92,0.76,-0.48,-0.62,-0.49,1.13,-1.14,1.52,-0.82,0.22,1.96,1.91,0.76,0.66,0.05
50,97078562,11/3/2025,8:43:01,,,-1.55,-1.16,0.7,0.24,0.27,0.31,-0.24,0.03,-0.85,-0.5,-0.56,0.21,1.71,-0.72,-0.3,-1.17,-0.4,0.68,-0.87,1.89,-1.64,-0.33,-2.01,-1.15,-2.76,-0.21,-0.57,1.23,-0.47,2.25,-2.31,0.54,0.55,1.19,3.48,-0.46,1.42,0.55,1.84,-0.66,5.51,-0.45,-1.28,0.24,2.54,-0.42,2.4,-3.88,2.3,2.27,1.47,-0.05,1.99,0.83,0.01,0.43,0.42,0.37,-0.28,0.17,0.1,-0.94,0.16,-1.71,-1.65,0.02,-2.22,-0.32,-0.01,0.21,1.92,0.97,0.66,1.31,0.19,0.02,-0.02,3.01,0.17,1.75,2.77,0.81,0.53,-0.36,-0.47,1.32,-1.54,1.17,-0.68,0.24,1.62,1.97,0.37,0.75,0.33
51,97078240,11/3/2025,8:43:43,,,-1.34,-1.07,0.71,0.21,0.16,0.17,0.24,0.56,-0.76,-0.51,-0.61,0.06,1.48,-1.25,-0.21,-1.56,-0.16,0.76,-0.8,1.96,-1.97,-0.12,-2.4,-1.08,-2.77,-0.13,-0.54,1.63,-0.42,2.65,-2.34,0.65,0.59,1.22,3.81,-0.48,1.81,0.69,2.25,-0.56,5.26,-0.51,-1.31,-0.09,2.58,-0.77,2.44,-4.13,2.4,2.48,1.52,0.02,2.45,0.9,0.37,0.43,0.72,0.42,-0.33,0.13,0.19,-0.76,-0.24,-2.23,-2.32,0.32,-2.41,-0.15,0.12,-0.01,1.65,1.17,0.06,1.29,0.31,0.03,0,1.85,0.61,2.22,2.44,0.72,0.26,-0.68,-0.44,1.26,-1.16,1.29,-0.65,0.5,1.65,2.12,0.63,0.82,0.48
52,97078554,11/3/2025,8:46:31,,,-1.63,-1.19,0.67,0.28,0.19,0.42,0.14,0.39,-0.77,-0.42,-0.48,0.17,1.77,-1.04,-0.28,-1.32,-0.05,0.74,-0.72,1.95,-1.8,-0.29,-2.18,-1.01,-3.06,-0.13,-0.52,1.4,-0.51,2.49,-2.33,0.71,0.68,1.27,3.68,-0.49,1.6,0.57,2.15,-0.63,5.41,-0.41,-1.2,0.07,2.57,-0.66,2.44,-4.09,2.38,2.64,1.55,0.09,2.27,0.78,0.24,0.32,0.49,0.31,-0.14,0.35,0.09,-0.61,0.35,-1.93,-2.44,-0.06,-2.4,-0.26,-1.45,-0.13,0.48,1.21,0.35,1.5,0.31,0.11,-0.11,2.41,1.08,2.04,2.69,0.78,0.6,-0.28,-0.32,1.63,-1.0,1.24,-0.59,0.4,1.62,1.82,0.55,0.55,0.57
53,97078224,11/3/2025,8:47:12,,,-1.18,-0.79,0.62,0.19,-0.02,0.28,0.1,0.45,-0.67,-0.48,-0.5,0.11,1.65,-1.13,-0.4,-1.52,-0.35,0.62,-0.83,1.84,-1.95,-0.37,-2.3,-1.31,-3.15,-0.29,-0.55,1.52,-0.09,2.59,-1.92,0.68,0.8,1.18,3.77,-0.07,1.74,0.44,2.21,-0.67,5.24,-0.6,-1.37,-0.08,2.43,-0.87,2.19,-4.25,2.26,2.61,1.55,0.09,2.43,0.81,0.41,0.4,0.65,0.37,-0.36,0.21,0.05,-0.68,0.04,-2.11,-2.6,-0.21,-2.56,-0.22,-1.26,0.04,0.51,0.94,-0.11,1.22,0.26,0.14,0.05,2.15,0.4,2.06,2.14,0.72,0.33,-0.23,-0.1,1.37,-1.04,1.44,-0.34,0.49,1.41,2.1,0.73,0.96,0.85
54,97078232,11/3/2025,8:47:53,,,-1.47,-1.34,0.59,0.21,0.2,0.33,-0.25,-0.17,-0.81,-0.62,-0.63,0.26,1.67,-0.72,-0.13,-1.26,0.13,0.74,-0.75,1.99,-1.61,-0.02,-2.04,-0.9,-2.43,0.01,-0.33,1.28,-0.16,2.32,-2.15,0.55,0.65,1.17,3.48,-0.23,1.48,0.41,1.96,-0.61,5.85,-0.62,-1.35,0.31,2.76,-0.33,2.63,-3.84,2.5,2.56,1.54,0.07,2.08,0.8,0.06,0.35,0.26,0.34,-0.28,0.5,0.37,-0.73,-0.11,-1.85,-2.31,-0.15,-2.13,0.09,-0.74,0.05,1.61,1.37,0.49,1.5,0.27,0.1,0.05,2.4,0.64,1.81,2.53,0.76,0.32,-0.4,-0.17,1.13,-0.62,1.57,-0.62,0.37,1.43,1.99,1.09,0.79,0.56
55,97048029,11/3/2025,8:49:29,,,-1.41,-1.2,0.43,0.17,-0.08,0.25,-0.17,-0.08,-0.75,-0.42,-0.56,0.19,1.71,-0.49,-0.28,-1.12,-0.17,0.62,-0.78,1.83,-1.54,-0.33,-1.86,-1.08,-2.65,-0.18,-0.55,1.14,-0.19,2.19,-2.07,0.55,0.59,1.09,3.31,-0.1,1.33,0.4,1.76,-0.63,5.63,-0.6,-1.39,0.27,2.6,-0.44,2.37,-3.84,2.35,2.25,1.41,-0.1,2.09,0.79,0.03,0.34,0.34,0.32,-0.36,0.31,0.15,0.52,-0.06,-1.69,-1.05,0.15,-1.92,-0.16,-0.07,0.12,1.92,1.14,0.47,1.46,0.13,0.13,0.03,2.52,0.28,1.86,1.76,1.08,0.28,-0.1,-0.42,1.01,-1.42,1.34,-0.82,0.58,1.47,1.53,0.89,1.15,0.85
56,97078216,11/3/2025,8:50:10,,,-0.92,-0.75,0.64,0.05,0.3,-0.02,0.45,0.71,-0.84,-0.6,-0.62,0.01,1.66,-0.59,-0.31,-1.06,-0.32,0.68,-0.75,1.86,-1.45,-0.43,-1.83,-1.24,-2.6,-0.28,-0.48,1.06,-0.21,2.12,-2.2,0.55,0.52,1.09,3.21,-0.35,1.23,0.29,1.71,-0.82,5.74,-0.51,-1.38,0.37,2.46,-0.31,2.28,-3.73,2.26,2.54,1.47,-0.08,1.86,0.62,-0.11,0.25,0.22,0.23,-0.41,0.34,-0.03,-0.26,0.02,-1.64,-1.87,-0.36,-2,-0.4,-1.7,-0.5,0.71,0.92,0.46,1.43,0.14,0.23,-0.09,2.39,0.86,1.72,1.69,0.75,-0.09,-0.58,-1.02,1.02,-1.14,1.44,-0.64,0.2,1.58,1.34,0.48,0.39,0.6
57,97053813,11/3/2025,8:52:58,,,-1.29,-1.02,0.53,0.18,0.07,0.23,0.48,0.89,-0.69,-0.59,-0.38,0.05,1.58,-0.83,-0.24,-1.24,-0.09,0.62,-0.81,1.91,-1.67,-0.21,-2.02,-1.11,-2.58,-0.14,-0.58,1.18,-0.13,2.32,-1.97,0.54,0.55,1.14,3.41,-0.19,1.52,0.43,2.03,-0.65,5.54,-0.61,-1.41,0.08,2.62,-0.46,2.47,-3.87,2.4,2.5,1.53,-0.02,2.25,0.79,0.21,0.44,0.41,0.39,-0.35,0.27,0.26,-1.05,-0.11,-1.7,-1.99,0.23,-1.82,0,-1.85,-0.43,1.08,0.88,0.58,1.49,0.18,0.14,0.06,2.79,0.35,1.84,2.45,0.73,0.04,-0.36,-0.16,1.41,-1.48,1.19,-0.8,0.48,1.79,1.68,0.3,1.09,1.14
58,97053821,11/3/2025,8:54:46,,,-1.65,-1.11,0.64,0.31,0.08,0.32,0.14,0.41,-0.7,-0.51,-0.5,0.11,1.56,-0.69,-0.26,-1.18,0.07,0.67,-0.85,1.92,-1.64,-0.14,-2.03,-1.14,-2.59,-0.09,-0.62,1.23,-0.35,2.33,-2.4,0.61,0.61,1.14,3.49,-0.44,1.44,0.51,1.94,-0.86,5.45,-0.61,-1.38,0.14,2.62,-0.42,2.46,-3.77,2.43,2.28,1.46,-0.02,2.02,0.76,0.03,0.07,0.49,0.14,-0.39,0.38,0.18,0.59,-0.08,-1.82,-0.77,0.1,-2.27,-0.19,-0.87,-0.07,1.4,1.18,0.11,1.42,0.18,-0.09,-0.3,2.23,0.25,1.76,1.78,0.56,-0.16,-0.44,-0.48,1.34,-0.79,0.94,-0.47,0.22,1.67, ,0.98,0.56, 
59,97078208,11/3/2025,8:56:37,,,-1.53,-1.28,0.63,0.22,0.19,0.24,-0.05,0.21,-0.74,-0.5,-0.53,0.17,1.59,-0.99,-0.3,-1.49,-0.17,0.73,-0.81,1.97,-1.96,-0.17,-2.29,-1.24,-2.48,-0.23,-0.4,1.52,-0.27,2.69,-2.34,0.77,0.6,1.17,3.68,-0.25,1.83,0.21,2.13,-0.77,5.4,-0.61,-1.33,-0.18,2.47,-0.65,2.35,-4.09,2.28,2.9,1.49,-0.05,2.41,0.7,0.34,0.24,0.61,0.15,-0.32,0.19,0.19,-0.84,0.1,-1.71,-2.11,0.23,-2.12,-0.27,-1.87,-0.06,0.45,0.94,0.74,1.42,0.15,0.17,0.05,2.25,0.67,1.75,1.74,0.74,-0.27,-0.44,-0.55,1.12,-0.6,1.48,-0.45,0.1,1.81,2.06,0.78,0.51,0.66
60,97078166,11/3/2025,8:59:46,,,-1.2,-0.99,0.69,0.24,0.21,0.19,0.08,0.39,-0.81,-0.54,-0.54,0.15,1.71,-1.37,-0.09,-1.67,-0.09,0.79,-0.68,2.09,-2.06,-0.18,-2.46,-1.09,-2.84,-0.15,-0.58,1.79,-0.43,2.72,-2.48,0.71,0.68,1.27,3.93,-0.52,1.94,0.27,2.45,-0.98,5.55,-0.48,-1.22,-0.33,2.58,-0.85,2.46,-4.31,2.42,2.56,1.51,0.08,2.57,0.55,0.58,-0.02,0.94,0.09,-0.27,0.32,0.21,-0.75,-0.43,-2.31,-2.37,0.25,-1.97,0.11,-2.62,0.17,-0.21,0.91,0.63,1.27,0.2,-0.04,-0.29,2.92,0.9,2.22,2.89,0.45,0.34,-0.8,0.18,1.5,-0.54,1.22,-0.05,0.25,1.51,2,1.11,0.03,0.55
61,97078323,11/3/2025,9:19:15,,,-1.27,-1,0.82,0.2,0.42,0.32,0.42,0.78,-0.82,-0.42,-0.59,0.07,1.67,-0.68,-0.47,-1.3,-0.34,0.65,-0.73,2.01,-1.74,-0.36,-1.99,-1.31,-3,-0.39,-0.72,1.43,-0.08,2.36,-2.12,0.55,0.51,1.13,3.48,-0.27,1.57,0.46,2.02,-0.81,5.79, ,-1.38,0.0,2.39, , ,-3.98,2.23,2.45,1.44,-0.1,2.26,0.7,0.22,0.16,0.56,0.25,-0.28,0.2,0.04,-0.78,-0.27,-1.95,-2.01,-0.07,-1.87,-0.11,-2.08,-0.09,0.18,1.05,0.83,1.25,0.12,0.05,-0.07,1.97,0.53,1.9,2.27,0.58,-0.27,-0.45,-0.43,0.7,-0.31,1.49,0.23,0.63,1.56,2.04,0.97,-0.1,0.72
62,97078315,11/3/2025,9:20:02,,,-1.09,-0.75,0.59,0.17,0.35,-0.07,0.33,0.61,-0.83,-0.42,-0.54,0.12,1.75,-1.04,-0.3,-1.58,-0.27,0.66,-0.74,2.04,-1.98,-0.29,-2.29,-1.19,-2.8,-0.27,-0.74,1.72,-0.06,2.69,-1.93,0.73,0.65,1.22,3.78,-0.17,1.84,0.41,2.22,-0.7,5.38,-0.49,-1.3,-0.17,2.5,-0.84,2.38,-4.18,2.32,2.44,1.49,0.05,2.46,0.79,0.43,0.3,0.91,0.28,-0.25,0.3,0.16,-0.78,0.29,-1.99,-2.06,0.02,-2.54,-0.25,0.08,-0.62,1.75,0.98,0.78,1.22,0.14,0.17,-0.02,2.23,0.68,2.24,2.65,0.67,0.25,-0.52,-0.54,1.42,-0.53,1.51,-0.47,0.32,1.62,2.15,1.1,-0.02,1.01
63,97078307,11/3/2025,9:20:42,,,-1.16,-0.88,0.56,0.24,0.17,0.12,0.03,0.69,-0.75,-0.41,-0.62,0.14,1.56,-0.42,-0.35,-1.2,-0.36,0.44,-0.86,1.81,-1.62,-0.32,-1.93,-1.24,-2.86,-0.31,-0.68,1.31,-0.01,2.3,-2.04,0.45,0.44,1.02,3.34,0.01,1.49,0.56,1.89,-0.8,5.48,-0.76,-1.52,0.12,2.49,-0.4,2.36,-3.86,2.31,2.22,1.27,-0.2,2.23,0.77,0.13,0.3,0.5,0.32,-0.54,0.17,0.14,-0.78,-0.01,-1.81,-1.89,0.13,-2.29,-0.14,-1.94,-0.16,0.46,0.94,0.45,1.34,-0.06,0.13,0.01,2.37,0.38,1.56,1.96,0.8,-0.05,-0.48,-1.09,0.94,-0.71,1.51,-0.09,0.25,1.48,1.95,0.85,0.17,0.42
64,97053714,11/3/2025,9:25:47,,,-0.91,-0.75,0.57,0.13,0.27,0.33,0.26,0.39,-0.86,-0.45,-0.57,0.15,1.71,-0.21,-0.23,-0.97,-0.15,0.68,-0.75,1.94,-1.43,-0.22,-1.7,-1.1,-2.55,-0.19,-0.47,0.89,-0.16,2.07,-1.96,0.62,0.58,1.13,3.12,-0.01,1.21,0.51,1.6,-0.62,5.46,-0.47,-1.32,0.38,2.61,-0.3,2.45,-3.67,2.39,2.32,1.44,-0.08,1.74,0.88,-0.06,0.39,0.15,0.34,-0.29,0.21,0.37,-0.82,-0.18,-1.53,-1.79,0.24,-1.83,-0.08,-1.52,-0.14,0.68,1.14,1.01,1.23,0.05,0.15,0.17,2.74,0.74,1.62,2.26,0.78,-0.05,-0.25,-0.55,1.19,-0.64,1.5,-0.41,0.19,1.54,1.93,0.56,0.68,0.44
65,97053706,11/3/2025,9:26:28,,,-1.04,-0.72,0.78,0.12,0.57,-0.1,0.12,0.41,-0.93,-0.45,-0.69,0.13,1.78,-0.31,-0.74,-0.83,-0.36,0.77,-0.69,2.11,-1.24,-0.21,-1.6,-1.2,-1.8,-0.4,-0.57,0.88,-0.24,1.93,-1.96,0.65,0.69,1.17,3.04,-0.04,1.05,0.42,1.37,-0.75,5.65,-0.42,-1.26,0.48,2.46,0.03,2.24,-3.42,2.1,2.46,1.49,0.04,1.64,0.77,-0.33,0.3,0.05,0.25,-0.3,0.01,0.03,-0.72,-0.4,-1.38,-1.54,-0.16,-1.52,-0.25,0.68,-0.3,2.19,0.79,0.84,1.1,0.11,0.35,0.03,2.32,0.34,1.67,2.47,0.77,0.14,-0.11,-0.92,1.08,-1.53,1.37,-0.94,0.61,1.41,1.89,0.44,0.42,0.59
66,97053664,11/3/2025,9:30:55,,,-1.36,-1.06,0.56,0.24,0.15,0.12,0.18,0.53,-0.74,-0.52,-0.42,0.12,1.77,-0.63,-0.19,-1.31,-0.2,0.7,-0.71,2.01,-1.78,-0.05,-2.06,-1.02,-2.9,-0.1,-0.51,1.31,-0.08,2.41,-1.88,0.63,0.57,1.2,3.47,0.08,1.57,0.68,1.97,-0.57,5.44,-0.48,-1.28,0.06,2.73,-0.76,2.48,-4.07,2.48,2.63,1.42,0.04,2.21,0.98,0.21,0.46,0.41,0.49,-0.37,0.12,0.33,0.31,-0.02,-1.88,-1.08,0.36,-2.11,0.02,-0.45,0.2,1.77,0.98,0.63,1.41,0.19,0.2,0.11,1.95,0.84,1.84,1.94,0.85,0.2,-0.28,-0.12,1.56,-1.36,1.56,-0.74,0.39,1.52,1.88,0.25,0.94,0.51
67,97053649,11/3/2025,9:40:58,,,-1.5,-1.34,0.45,0.36,0.04,0.37,0.04,0.48,-0.86,-0.39,-0.52,0.13,1.77,-0.12,-0.03,-0.93,-0.04,0.67,-0.74,1.97,-1.37,-0.03,-1.72,-0.92,-2.49,-0.03,-0.61,0.83,-0.46,1.97,-2.04,0.57,0.64,1.17,3.02,-0.22,1.12,0.44,1.56,-0.8,5.5, ,-1.3,0.44,2.76, , ,-3.64,2.52,2.48,1.46,-0.07,1.8,0.71,-0.19,0.23,0.01,0.27,-0.34,0.16,0.33,-0.77,0.04,-1.49,-1.47,0.09,-1.95,-0.02,0.23,0.17,2.26,1.03,0.72,1.3,0.1,0.32,-0.16,2.34,0.12,1.44,2.05,0.52,-0.29,-0.34,-0.49,0.74,-1.56,1.18,-0.91,0.5,1.57,1.82,0.5,0.33,0.63
68,97053672,11/3/2025,9:41:39,,,-1.59,-1.23,0.57,0.19,-0.01,0.2,0.06,0.59,-0.84,-0.47,-0.46,0.11,1.67,-0.53,-0.38,-1.09,-0.36,0.64,-0.72,1.87,-1.6,-0.48,-1.89,-1.18,-2.78,-0.31,-0.58,1.03,-0.38,2.15,-2.14,0.55,0.63,1.18,3.28,-0.26,1.32,0.26,1.84,-0.96,5.61,-0.42,-1.32,0.27,2.45,-0.56,2.26,-3.94,2.25,2.24,1.48,-0.03,1.95,0.57,-0.03,0.07,0.32,0.14,-0.42,0.27,0.11,-0.97,-0.31,-1.83,-1.9,0.04,-1.74,-0.19,-0.59,-0.42,2.23,0.95,0.89,1.36,0.06,0.19,-0.18,2.01,0.23,1.67,2.2,0.54,-0.31,-0.43,-0.29,1.24,-1.06,1.21,-0.79,0.43,1.46,1.92,0.5,0.33,0.73
69,97053623,11/3/2025,9:42:32,,,-1.25,-0.99,0.44,0.23,0.04,0.18,-0.07,0.24,-0.71,-0.41,-0.4,0.16,1.6,-0.83,-0.14,-1.35,-0.14,0.7,-0.73,1.91,-1.85,-0.19,-2.18,-1.12,-2.61,-0.13,-0.74,1.26,-0.38,2.38,-2.24,0.48,0.52,1.19,3.54,-0.43,1.62,0.48,2.02,-0.99,5.34,-0.51,-1.34,-0.05,2.68,-0.77,2.42,-4.06,2.44,2.33,1.39,-0.05,2.28,0.57,0.13,0.03,0.51,0.14,-0.42,0.16,0.24,-0.75,-0.11,-1.95,-2.28,-0.12,-2.33,-0.16,-0.59,0.09,1.58,1.08,0.53,1.39,0.11,0.18,-0.27,2.74,1.48,1.93,2.64,0.66,0.59,-0.75,-0.56,1.28,-1.37,1.45,-0.6,0.54,1.52,1.94,0.19,0.03,0.71
70,97053607,11/3/2025,9:43:13,,,-1.2,-1.05,0.35,0.3,0.1,0.02,0.31,0.76,-0.77,-0.39,-0.35,0.11,1.8,-0.93,-0.27,-1.58,-0.07,0.85,-0.62,2.09,-1.95,-0.04,-2.38,-1.05,-2.21,-0.1,-0.51,1.51,-0.42,2.59,-2.17,0.8,0.72,1.24,3.64,-0.36,1.74,0.23,1.96,-0.72,5.63,-0.34,-1.14,-0.21,2.67,-0.66,2.5,-4.01,2.44,2.42,1.56,0.1,2.26,0.82,0.33,0.32,0.77,0.21,-0.34,0.39,0.26,-0.53,-0.19,-2.12,-2.28,0.19,-2.53,0.08,-0.58,-0.29,1.05,1.31,0.42,1.52,0.31,0.05,-0.17,2.43,0.63,2.1,2.84,0.27,0.41,-0.47,-0.21,1.26,-1.25,1.16,-0.96,0.34,1.7,2,0.56,0.6,0.22
71,97053656,11/3/2025,9:44:00,,,-1.44,-1.28,0.54,0.25,-0.09,0.27,0.24,0.41,-0.77,-0.57,-0.42,0.1,1.77,-0.34,-0.34,-0.9,-0.4,0.64,-0.67,1.95,-1.46,-0.31,-1.78,-1.22,-2.8,-0.25,-0.75,0.85,-0.31,1.99,-2.12,0.47,0.71,1.19,3.15,-0.31,1.21,0.43,1.74,-0.97,5.5,-0.52,-1.36,0.36,2.51,-0.4,2.34,-3.83,2.28,2.26,1.43,-0.07,1.95,0.49,-0.12,-0.04,0.21,0.16,-0.33,0.2,0.01,-1.01,0,-1.64,-1.79,0.21,-1.8,-0.23,-0.83,-0.14,1.83,0.84,1.15,1.31,0.06,0.13,-0.13,2.17,1.1,1.48,1.78,0.5,0.08,-0.68,-0.57,0.8,-1.32,1.28,-0.71,0.58,1.73,1.83,0.23,0.81,0.75
72,97053631,11/3/2025,9:45:29,,,-1.43,-1.22,0.57,0.19,0.11,0.32,0.15,0.38,-0.91,-0.45,-0.6,0.07,1.69,-0.25,-0.56,-0.71,-0.52,0.47,-0.88,1.82,-1.16,-0.56,-1.49,-1.38,-2.42,-0.42,-0.62,0.71,-0.15,1.79,-1.92,0.45,0.52,1.02,2.87,-0.13,0.87,0.38,1.3,-0.67,5.51,-0.65,-1.46,0.72,2.31,-0.06,2.17,-3.44,2.06,2.29,1.39,-0.11,1.55,0.75,-0.5,0.37,-0.12,0.38,-0.45,-0.05,-0.17,-1.05,-0.46,-1.28,-1.26,-0.15,-1.78,-0.37,-1.67,-0.2,1.17,0.98,0.88,1.18,0.06,0.49,0.11,2.67,1.1,1.27,1.99,0.82,0.58,-0.31,-0.99,0.94,-0.77,1.16,-0.79,0.3,1.25,1.73,-0.11,1.06,0.67
73,97053615,11/3/2025,9:46:10,,,-2.22,-1.85,0.56,0.44,-0.08,0.42,-0.11,0.29,-0.8,-0.46,-0.62,0.13,1.77,-0.4,-0.33,-0.8,-0.33,0.61,-0.65,1.89,-1.35,-0.45,-1.73,-1.23,-2.58,-0.29,-0.58,0.83,-0.3,1.89,-2.08,0.62,0.68,1.14,3.11,-0.23,1.08,0.37,1.46,-0.75,5.61,-0.41,-1.37,0.47,2.47,-0.3,2.23,-3.64,2.19,2.63,1.48,-0.01,1.74,0.74,-0.22,0.25,0.0,0.27,-0.38,0.17,-0.06,-1.08,-0.09,-1.51,-1.99,-0.18,-1.56,-0.31,-0.65,0.02,1.9,1.03,0.87,1.3,0.22,0.2,-0.07,2.22,0.24,1.35,1.97,0.78,0.1,-0.46,-0.41,1.35,-1.11,1.52,-0.96,0.51,1.57,1.83,0.48,0.74,0.52
74,97076061,11/3/2025,9:50:25,,,-1.37,-1,0.65,0.23,0.08,0.26,0.21,0.47,-0.91,-0.56,-0.67,0.11,2.06,-0.71,-0.31,-1.35,-0.5,0.56,-0.83,1.96,-1.74,-0.18,-2.2,-0.96,-3.06,-0.19,-0.74,1.44,-0.28,2.41,-2.03,0.58,0.52,1.1,3.52,-0.26,1.53,0.35,1.98,-0.73,5.75,-0.59,-1.39,0.14,2.56,-0.63,2.41,-4.05,2.41,2.48,1.36,-0.1,2.18,0.73,0.18,0.32,0.45,0.28,-0.35,0.3,0.13,-1.0,-0.54,-2.02,-2.07,0.23,-1.9,0.06,-0.47,0.14,1.43,1.04,0.63,1.36,0.04,0.33,-0.14,2.16,0.23,2.06,2.09,0.44,0.35,-0.41,-0.66,1.21,-0.68,1.62,-0.48,0.32,0.89,2.04,0.62,1.05,0.81
75,97076053,11/3/2025,9:52:22,,,-1.49,-1.09,0.36,0.26,0.06,0.57,0.2,0.49,-0.57,-0.56,-0.63,0.2,1.59,-1.17,-0.38,-1.67,-0.26,0.52,-0.84,1.87,-2.06,-0.31,-2.48,-1.33,-3.12,-0.17,-0.71,1.75,-0.29,2.73,-1.95,0.62,0.51,1.14,3.66,-0.21,1.82,0.21,2.26,-0.85,5.53,-0.65,-1.47,-0.15,2.53,-0.99,2.4,-4.3,2.39,2.32,1.48,0.03,2.32,0.73,0.41,0.17,0.8,0.18,-0.38,0.3,0.03,-1.02,0.04,-2.08,-2.39,0.12,-2.5,-0.33,0.08,-0.03,2.01,1.19,0.22,1.2,0.1,0.14,-0.1,2.01,0.84,2.03,2.32,0.39,0.25,-0.26,-0.64,1.16,-0.62,1.23,-0.49,0.46,1.29,1.84,1.21,0.59,0.45
76,97075907,11/3/2025,9:54:33,,,-1.25,-1.03,0.33,0.15,0.11,0.08,-0.14,0.04,-0.9,-0.61,-0.54,0.19,1.27,-0.54,-0.25,-1.34,-0.22,0.6,-0.89,1.69,-1.78,-0.07,-2.12,-1.27,-2.12,-0.11,-1.1,1.38,-0.28,2.37,-1.88,0.44,0.34,0.96,3.39,-0.22,1.52,0.51,1.89,-0.71,5.38,-0.7,-1.5,-0.05,2.62,-0.73,2.33,-3.92,2.38,2.19,1.16,-0.24,2.11,0.85,0.12,0.29,0.5,0.29,-0.69,0.12,0.2,-1.05,-0.38,-1.86,-2.19,0.12,-1.71,-0.09,-1.63,-0.56,1.16,1.08,0.39,1.25,-0.01,0.08,-0.02,2.11,0.25,1.69,2.63,0.63,0.28,-0.32,-0.48,1.07,-1.26,1.27,-0.78,0.59,1.31,1.75,0.64,0.66,0.44
77,97075881,11/3/2025,9:55:13,,,-1.5,-1.38,0.43,0.16,0.13,0.31,-0.14,0.06,-0.77,-0.65,-0.64,0.11,1.54,-1.04,-0.27,-1.72,-0.06,0.77,-0.7,1.94,-2.08,-0.12,-2.47,-1.12,-2.42,-0.15,-0.78,1.67,-0.46,2.8,-2.16,0.7,0.52,1.25,3.68,-0.42,1.89,0.33,2.21,-1.01,5.47,-0.48,-1.32,-0.27,2.62,-1.02,2.33,-4.23,2.35,2.39,1.41,0.01,2.4,0.6,0.35,-0.02,0.8,0.03,-0.33,0.21,0.14,-0.81,-0.36,-2.4,-2.76,0.17,-2.11,-0.02,-1.73,-0.12,-0.07,1.21,0.26,1.44,0.07,0.21,-0.24,2.37,0.65,2.14,2.24,0.61,0.58,-0.7,-0.72,0.96,-1.4,1.23,-0.27,0.49,1.41,1.88,0.57,0.63,0.63
78,97075865,11/3/2025,9:57:47,,,-1.41,-1.32,0.58,0.15,0.26,-0.04,0.1,0.22,-0.94,-0.5,-0.61,0.15,1.64,-0.46,-0.72,-1.29,-0.46,0.81,-0.73,1.9,-1.69,-0.33,-2.08,-1.21,-2.03,-0.37,-0.91,1.29,-0.25,2.26,-1.81,0.63,0.45,1.24,3.35,-0.11,1.45,0.65,1.83,-0.64,5.45,-0.49,-1.29,0.15,2.39,-0.66,2.05,-3.83,2.09,2.39,1.43,-0.02,2.01,0.89,-0.02,0.32,0.42,0.36,-0.31,0.16,-0.06,-0.87,-0.89,-1.95,-2.08,-0.09,-1.97,-0.15,-1.27,-0.38,1.29,0.87,0.68,1.23,0.07,0.08,0.11,2.54,0.94,1.64,2.15,0.93,0.04,-0.36,-0.21,1.27,-1.2,1.82,-0.82,0.53,1.55,1.74,0.81,0.62,0.61
79,97075931,11/3/2025,9:58:40,,,-1.45,-1.14,0.62,0.19,0.16,0.36,0.6,0.64,-0.77,-0.6,-0.6,0.04,1.86,-0.97,-0.31,-1.63,-0.32,0.94,-0.62,2.1,-2.16,-0.32,-2.49,-1.23,-2.75,-0.27,-0.59,1.75,-0.49,2.66,-2.28,0.76,0.71,1.38,3.76,-0.43,1.88,0.32,2.29,-1,5.23,-0.36,-1.12,-0.26,2.43,-1.13,2.21,-4.27,2.23,2.65,1.61,0.15,2.48,0.5,0.46,0.06,0.78,0.0,-0.27,0.39,-0.09,-0.84,0.16,-2.23,-2.57,-0.18,-2.55,-0.34,-1.63,0.08,0.13,1.22,0.37,1.45,0.28,0.04,-0.25,2.33,1.3,1.98,2.18,0.33,0.4,-0.66,-0.26,0.88,-0.77,1.5,-0.47,0.54,1.5,1.88,0.99,0.95,0.33
80,97075915,11/3/2025,9:59:20,,,-1.2,-0.77,0.46,0.15,0.19,0.1,0.27,0.49,-0.84,-0.56,-0.66,0.11,1.79,-1.13,-0.49,-1.56,-0.19,0.97,-0.63,2.08,-2.02,-0.11,-2.28,-1.29,-2.45,-0.24,-0.53,1.68,-0.47,2.5,-2.27,0.84,0.71,1.43,3.6,-0.56,1.71,0.36,2.03,-1.06,5.61,-0.37,-1.16,-0.1,2.55,-0.91,2.19,-4.09,2.24,2.81,1.67,0.23,2.26,0.47,0.25,-0.01,0.61,0.03,-0.17,0.43,0.03,-0.72,0.35,-1.9,-2.04,0.03,-2.54,-0.31,-0.9,-0.09,1.3,0.94,0.93,1.39,0.33,0.0,-0.26,2.3,0.63,1.62,1.96,0.5,0.29,-0.8,-0.56,1.54,-0.66,1.29,-0.63,0.27,1.6,2.05,0.61,0.61,0.38
81,97075899,11/3/2025,10:00:02,,,-1.53,-1.43,0.54,0.2,0.14,0.11,-0.31,-0.16,-0.83,-0.61,-0.49,0.14,1.46,-0.63,-0.72,-1.55,-0.25,0.64,-0.83,1.91,-1.88,-0.21,-2.31,-1.36,-3.04,-0.28,-0.92,1.43,-0.39,2.47,-2.14,0.63,0.47,1.1,3.56,-0.3,1.63,0.36,2.07,-0.84,5.46,-0.62,-1.4,-0.13,2.49,-0.85,2.28,-4.15,2.25,2.42,1.37,-0.09,2.22,0.74,0.25,0.2,0.56,0.18,-0.47,0.14,0,-0.8,0.14,-2.24,-2.51,-0.17,-2.53,-0.23,-1.01,-0.69,1.36,0.95,0.56,1.24,-0.01,0.07,-0.07,2.1,0.51,1.8,2.01,0.8,0.16,-0.53,-0.52,0.69,-0.7,1.3,-0.34,0.57,1.44,1.86,0.65,0.41,0.6
82,97075873,11/3/2025,10:02:00,,,-1.63,-1.49,0.6,0.26,-0.01,0.46,0.4,0.69,-0.79,-0.69,-0.66,0,1.53,-1.42,-0.33,-1.99,-0.16,0.7,-0.76,1.94,-2.4,-0.09,-2.78,-1.05,-3.66,-0.1,-0.86,2.01,-0.53,3.04,-2.37,0.65,0.53,1.22,4.09,-0.58,2.15,0.34,2.54,-1.01,5.54,-0.58,-1.34,-0.58,2.64,-1.38,2.39,-4.69,2.43,2.49,1.4,0.01,2.79,0.54,0.77,0.03,1.12,0.03,-0.45,0.15,0.18,-0.86,-0.54,-2.54,-2.91,0.05,-2.7,0.02,-1.32,-0.88,0.87,1.2,0.69,1.32,0.08,0.05,-0.31,1.86,0.57,2.25,2.71,0.05,0.31,-0.59,-0.28,1.24,-0.63,1.13,-0.04,0.19,1.15,1.92,0.8,0.86,0.46
83,97075857,11/3/2025,10:04:31,,,-1.61,-1.4,0.67,0.2,0.14,0.16,0.42,0.71,-0.73,-0.57,-0.7,0.06,1.64,-0.55,-0.36,-1.19,-0.24,0.61,-0.8,1.99,-1.64,-0.12,-2.0,-1.2,-2.93,-0.2,-0.69,1.15,-0.35,2.24,-2.11,0.54,0.55,1.16,3.3,-0.34,1.45,0.36,1.87,-0.8,5.61,-0.6,-1.36,0.14,2.64,-0.48,2.46,-3.99,2.36,2.5,1.38,-0.09,2.01,0.69,0.1,0.17,0.4,0.2,-0.38,0.29,0.07,-1.15,-0.02,-1.81,-1.93,0.19,-2,0.05,-1.18,-0.32,1.29,1.2,0.82,1.5,0.07,0.14,-0.08,2.02,0.52,1.39,1.19,0.79,0.24,-0.38,-0.23,1.13,-1.16,1.34,-0.54,0.38,1.41,1.8,0.56,0.51,0.63
84,97046536,11/3/2025,10:08:57,,,-1.72,-1.56,0.58,0.27,0.05,0.33,0.14,0.79,-0.84,-0.45,-0.67,0.06,1.68,-0.55,-0.29,-1.21,-0.09,0.71,-0.74,1.98,-1.62,-0.21,-1.93,-1.11,-2.69,-0.06,-0.78,1.21,-0.39,2.21,-2.17,0.64,0.66,1.23,3.27,-0.4,1.37,0.44,1.92,-0.88,5.51,-0.52,-1.31,0.19,2.66,-0.61,2.5,-3.93,2.48,2.57,1.49,0.05,1.97,0.64,-0.01,0.16,0.29,0.17,-0.33,0.25,0.23,-0.82,0,-1.7,-2.01,0.25,-1.84,0.01,-0.06,0.01,1.58,1.3,0.4,1.47,0.14,0.25,-0.16,2.19,0.21,1.87,1.94,0.61,0.21,-0.59,-0.84,1.4,-0.95,1.42,-0.69,0.03,1.33,1.73,0.62,0.77,0.78
85,97075816,11/3/2025,10:10:36,,,-1.29,-0.98,0.56,0.23,0.13,0.24,0.78,1.01,-0.72,-0.62,-0.57,0.03,1.84,-0.15,-0.22,-0.94,-0.26,0.65,-0.78,1.9,-1.48,-0.25,-1.77,-0.98,-2.78,-0.16,-0.84,1.05,-0.41,1.96,-2.09,0.62,0.71,1.17,3.04,-0.37,1.14,0.28,1.59,-0.86,5.69,-0.53,-1.34,0.47,2.59,-0.4,2.42,-3.75,2.38,2.45,1.46,0,1.77,0.58,-0.24,0.1,0.11,0.12,-0.37,0.32,0.14,-0.65,-0.41,-1.91,-1.62,0.17,-1.91,0,-2.18,-0.04,0.1,0.89,0.61,1.49,0.08,0.14,-0.09,2.25,1.11,1.33,1.78,0.88,-0.33,-0.53,-0.85,0.91,-0.9,1.45,0.13,0.66,1.37,1.9,0.94,0.69,0.46
86,97069132,11/3/2025,10:11:17,,,-1.74,-1.66,0.45,0.28,0.14,0.38,-0.12,0.54,-0.84,-0.38,-0.58,0.11,1.56,-0.68,-0.14,-1.34,-0.07,0.73,-0.69,1.93,-1.72,-0.17,-2.15,-0.97,-3,-0.13,-0.65,1.44,-0.35,2.44,-2.3,0.71,0.66,1.21,3.42,-0.32,1.35,0.39,1.84,-0.83,5.45,-0.41,-1.29,0.17,2.69,-0.73,2.53,-4,2.48,2.53,1.48,0.07,2.03,0.62,0.01,0.21,0.29,0.2,-0.35,0.2,0.1,-1.02,-0.63,-1.85,-2.28,-0.07,-1.85,0.19,-1.66,-0.34,0.41,1.2,0.44,1.56,0.29,0.06,-0.23,2.69,0.43,1.81,2.54,0.65,0.99,-0.62,-0.55,1.5,-1.13,1.1,-0.45,0.21,1.55,2.11,0.87,0.88,0.57
87,97069207,11/3/2025,10:13:17,,,-1.52,-1.27,0.5,0.23,0,0.3,0.13,0.95,-0.8,-0.49,-0.71,0.04,1.77,-0.77,-0.29,-1.34,-0.19,0.86,-0.56,2.04,-1.73,-0.32,-2.15,-1.05,-2.8,-0.13,-0.6,1.36,-0.43,2.33,-2.23,0.78,0.73,1.36,3.45,-0.46,1.41,0.35,1.81,-0.92,5.64,-0.4,-1.2,0.15,2.58,-0.81,2.35,-4.04,2.4,2.51,1.67,0.15,2.06,0.51,0,0.2,0.43,0.12,-0.29,0.32,0.27,-0.74,-0.14,-1.86,-2.39,0.03,-1.96,-0.05,-1.67,0.1,-0.13,1.01,0.44,1.35,0.29,0.14,-0.31,2.35,0.23,1.83,2.09,0.57,0.26,-0.42,-0.76,1.43,-1.14,1.24,-0.66,0.26,1.14,2.12,1.1,1.04,0.65
88,97069199,11/3/2025,10:15:04,,,-1.64,-1.21,0.66,0.15,0.15,0.25,0.31,0.73,-0.81,-0.38,-0.64,0.08,1.68,-0.67,-0.24,-1.41,-0.27,0.74,-0.62,1.99,-1.79,-0.29,-2.15,-1.1,-3.01,-0.25,-0.45,1.48,-0.41,2.32,-2.3,0.76,1.56,1.2,3.4,-0.25,1.46,0.23,1.9,-0.91,5.49,-0.44,-1.28,0.03,2.5,-0.67,2.37,-4.05,2.28,2.48,1.55,0.11,2.1,0.56,0.13,0.14,0.37,0.06,-0.35,0.17,0.1,-0.59,0.3,-1.88,-2.28,-0.07,-2.25,-0.28,-0.51,-0.16,1.21,1.16,0.09,1.34,0.17,0.19,-0.15,2.04,0.34,1.76,2.11,0.79,0.38,-0.5,-0.65,1.03,-0.57,1.19,-0.22,0.57,1.25,2.13,1.33,0.81,0.37
89,97069223,11/3/2025,10:15:57,,,-1.02,-0.87,0.65,0.06,0.34,-0.11,0.3,0.79,-0.89,-0.5,-0.65,0.03,1.55,-0.99,-0.17,-1.64,-0.13,0.7,-0.72,1.94,-1.89,-0.39,-2.32,-1.03,-2.83,-0.11,-0.55,1.56,-0.46,2.48,-2.3,0.65,0.56,1.2,3.56,-0.43,1.56,0.33,2.05,-0.9,5.35,-0.43,-1.3,0.05,2.57,-0.9,2.44,-4.1,2.43,2.62,1.51,0.08,2.2,0.57,0.26,0.12,0.45,0.17,-0.4,0.25,0.15,-0.86,-0.34,-1.97,-2.32,0.13,-2.06,-0.07,0.24,-0.39,1.78,1.24,0.31,1.68,0.15,0.15,-0.23,2.03, ,2.22,2.43,0.46, , ,-0.63,1.47,-1.29,1.45,-0.69,0.27,1.51,1.87,0.8,0.83,0.39
90,97069215,11/3/2025,10:16:37,,,-1.28,-0.76,0.6,0.17,0.1,0.15,-0.04,0.61,-0.85,-0.47,-0.7,0.05,1.61,-1.21,-0.32,-1.66,-0.27,0.62,-0.82,1.86,-2.06,-0.36,-2.45,-1.11,-3.33,-0.25,-0.76,1.74,-0.48,2.65,-2.37,0.55,0.56,1.17,3.81,-0.52,1.72,0.23,2.34,-1.06,5.15,-0.45,-1.3,-0.17,2.49,-1.01,2.32,-4.35,2.31,2.4,1.5,-0.03,2.56,0.34,0.45,0.01,0.77,0.0,-0.41,0.26,0.08,-0.96,-0.03,-2.26,-2.69,-0.1,-2.48,-0.26,-1.84,-0.07,0.23,1.15,0.17,1.36,0.11,0.19,-0.26,2.35,0.53,2.16,2.42,0.54,0.82,-0.7,-0.63,1.48,-0.36,1.44,-0.38,0.16,1.45,1.93,0.96,0.69,0.49
91,97069231,11/3/2025,10:18:44,,,-1.74,-1.42,0.63,0.27,0.05,0.36,0.42,1,-0.91,-0.47,-0.58,-0.01,1.74,-0.68,-0.31,-1.35,-0.2,0.71,-0.68,2.02,-1.79,-0.19,-2.05,-1.02,-2.94,-0.2,-0.7,1.4,-0.24,2.31,-1.89,0.77,0.73,1.22,3.26,-0.21,1.46,0.45,1.89,-0.69,5.44,-0.42,-1.24,0.1,2.58,-0.63,2.47,-3.95,2.34,2.66,1.56,0.14,2.04,0.88,0.06,0.29,0.43,0.24,-0.27,0.15,0.07,-0.61,0.41,-1.85,-2.15,-0.05,-2.2,-0.31,-1.91,0.12,0.11,0.95,0.12,1.46,0.14,0.17,-0.15,2.43,0.68,1.98,2.06,0.93,0.4,-0.64,-0.21,1.14,-1.55,1.14,-0.4,0.25,1.43,1.97,1.04,0.69,0.51
92,97069249,11/3/2025,10:24:04,,,-1.61,-1.41,0.69,0.29,0.16,0.31,0.12,0.69,-0.95,-0.5,-0.63,0.15,1.67,-0.61,-0.16,-1.34,-0.05,0.75,-0.69,2.02,-1.77,-0.06,-2.11,-0.94,-3.07,0.02,-0.7,1.36,-0.45,2.25,-2.28,0.54,0.6,1.25,3.36,-0.44,1.51,0.34,2.02,-1,5.4,-0.45,-1.27,0.12,2.79,-0.76,2.62,-4.04,2.6,2.66,1.57,0.11,2.18,0.5,0.2,0.07,0.44,0.05,-0.33,0.44,0.3,-0.7,-0.44,-1.8,-2.14,0.23,-1.84,0.23,-0.91,0.31,1.06,1.32,0.47,1.58,0.11,-0.02,-0.3,1.9,0.44,1.77,1.58,0.33,-0.07,-0.52,-0.64,0.98,-1.0,0.93,-0.8,0.39,0.81,2.08,0.93,0.68,0.49
93,97057814,11/3/2025,10:28:33,,,-1.64,-1.41,0.51,0.35,0.04,0.37,0.63,0.86,-0.85,-0.69,-0.55,0.04,1.64,-1.12,-0.22,-1.83,-0.03,0.82,-0.63,2.01,-2.27,-0.21,-2.6,-0.96,-3.44,-0.1,-0.71,1.77,-0.65,2.95,-2.41,0.77,0.62,1.21,3.78,-0.59,1.95,0.2,2.41,-1.09,5.35,-0.43,-1.23,-0.37,2.61,-1.24,2.4,-4.52,2.45,2.58,1.52,0.02,2.52,0.54,0.62,-0.03,0.86,-0.03,-0.32,0.4,0.18,-0.75,0.28,-2.23,-2.33,0.37,-2.31,0.38,0.11,0.04,1.79,1.28,0.3,1.66,0.12,0.02,-0.49,2.39, ,2.06,2.03,0.7, , ,-0.44,1.14,-1.02,0.92,-0.44,0.26,1.55,2.19,1.24,0.85,0.58
94,97057806,11/3/2025,11:00:45,,,-1.27,-0.99,0.39,0.11,-0.1,0.02,0.85,1.06,-0.65,-0.64,-0.46,-0.06,1.65,-1.16,-0.37,-1.86,-0.28,0.75,-0.66,2.02,-2.14,-0.3,-2.5,-1.15,-2.94,-0.21,-0.85,1.71,-0.47,2.89,-2.19,0.65,0.67,1.17,3.71,-0.37,1.87,0.22,2.37,-0.92,5.43,-0.49,-1.26,-0.32,2.49,-1.09,2.33,-4.35,2.3,2.59,1.44,-0.03,2.56,0.55,0.49,0.03,0.74,0.08,-0.32,0.22,0.14,-0.86,0.2,-2.25,-2.3,-0.04,-2.36,-0.24,-0.1,-0.1,1.6,1.06,0.87,1.34,0.11,0.18,-0.35,2.66,0.83,2.12,2.77,0.47,0.25,-0.92,-0.49,1.36,-1.01,0.88,-0.35,0.44,1.54,2.14,0.89,0.72,0.41
95,97057848,11/3/2025,11:01:26,,,-1.14,-0.69,0.49,0.15,-0.15,0.31,0.48,1,-0.69,-0.89,-0.43,0.02,1.74,-0.66,-0.48,-1.16,-0.3,0.86,-0.53,2.15,-1.59,-0.32,-1.81,-1.25,-2.24,-0.32,-0.8,1.08,-0.37,2.1,-2.1,0.8,0.68,1.22,3.07,-0.34,1.3,0.21,1.65,-0.82,5.65,-0.41,-1.15,0.16,2.4,-0.32,2.25,-3.67,2.17,2.36,1.51,0.08,1.75,0.67,-0.17,0.13,0.31,0.15,-0.2,0.32,0.03,-0.66,0.08,-1.87,-2.07,-0.08,-2.19,-0.33,-1.74,-0.04,0.2,0.88,0.36,1.27,0.14,0.16,-0.27,2.21,0.66,1.55,1.71,0.73,0.12,-0.62,-0.77,0.83,-0.86,1.29,-0.62,0.53,1.38,1.82,0.91,0.59,0.89
96,97057822,11/3/2025,11:02:07,,,-1.22,-0.9,0.42,0.16,-0.02,0.04,0.14,0.37,-0.82,-0.61,-0.52,0.09,1.58,-1.49,-0.18,-2.09,-0.1,0.93,-0.69,1.98,-2.43,-0.18,-2.77,-1.17,-2.59,-0.12,-0.87,2.02,-0.63,3.02,-2.18,0.62, ,1.26, , ,2.14,0.14,2.47,-1.19,5.45,-0.5,-1.22,-0.5,2.59,-1.33,2.21,-4.41,2.4,2.36,1.47, ,2.69,0.27, , ,1.1,-0.21,-0.28,0.37,0.25,-1.09,0.22,-2.35,-2.62,0.18,-2.52,-0.14,-1.73,0.04,0.28,1.34,0.35,1.32,0.02,-0.07,-0.47,2.31,1.02,2.06,2.67,0.16,0.14,-0.79,-0.52,0.84,-0.32,1.02,0.02,0.45,1.31,2.19,1.32,0.82,0.56
97,97057798,11/3/2025,11:04:00,,,-1.59,-1.3,0.5,0.29,0.19,0.35,0.69,0.97,-0.88,-0.7,-0.48,0.03,1.63,-1.13,-0.28,-1.75,-0.25,0.82,-0.67,2.03,-2.12,-0.2,-2.46,-1.17,-3.19,-0.28,-0.93,1.58,-0.51,2.68,-2.1,0.65,0.73,1.18,3.65,-0.34,1.81,0.17,2.31,-0.97,5.76,-0.44,-1.21,-0.32,2.53,-1.11,2.19,-4.35,2.28,2.46,1.47,0.02,2.45,0.54,0.47,-0.02,0.63,-0.03,-0.3,0.27,0.1,0.53,-0.28,-2.18,-0.98,0.08,-2.43,-0.17,-1.64,-0.13,1.0,1.13,0.29,1.37,0.06,0.12,-0.39,2.14,0.58,1.74,2.05,0.39,0.4,-0.84,-0.49,0.95,-0.77,1.15,-0.25,0.38,1.62,1.9,0.59,0.8,0.57
98,97057772,11/3/2025,11:07:51,,,-1.69,-1.34,0.05,0.26,-0.38,0.36,0.25,0.65,-0.46,-0.38,-0.19,0.15,1.67,-0.82,-0.39,-1.36,-0.14,0.61,-0.72,1.97,-1.83,-0.3,-2.07,-1.03,-3.07,-0.21,-0.88,1.32,-0.38,2.54,-2.01,0.76, ,1.27, , ,1.52,0.35,2.01,-0.96,5.66,-0.56,-1.38,0.11,2.53,-0.67,2.45,-3.99,2.36,2.5,1.49,0.06,2.22,0.58,0.06,-0.01,0.31,0.04,-0.29,0.31,0.05,-0.96,-0.08,-1.86,-2.32,0.07,-2.58,-0.17,-2.01,-0.15,0.27,1.03,0.7,1.44,0.09,0.0,-0.25,2.39,1.04,1.56,1.86,0.62,0.02,-0.71,-0.34,1.43,-0.63,1.03,-0.25,0.34,1.37,2.33,1.12,0.91,0.5
99,97057921,11/3/2025,11:08:43,,,-1.13,-0.76,0.46,0.2,0.06,0.33,0.43,0.79,-0.74,-0.42,-0.41,0.14,1.78,-0.73,-0.27,-1.33,-0.16,0.71,-0.67,1.9,-1.77,-0.4,-2.07,-1.03,-3.05,-0.12,-0.76,1.22,-0.3,2.38,-2.06,0.6,0.7,1.19,3.23,-0.2,1.39,0.41,1.89,-0.88,5.64,-0.49,-1.29,0.12,2.57,-0.73,2.33,-4.06,2.4,2.43,1.48,-0.03,2.11,0.57,-0.02,0.04,0.18,0.11,-0.29,0.14,0.24,-0.74,0.08,-1.99,-2.21,0.21,-1.92,-0.12,-1.41,-0.28,0.41,1.21,0.67,1.39,0.03,0.0,-0.17,2.55,0.42,1.76,2.35,0.77,0.22,-0.4,-0.46,0.91,-1.34,1.24,-0.68,0.6,1.56,1.9,0.84,0.95,0.58
100,97057939,11/3/2025,11:09:23,,,-1.32,-1.1,0.46,0.21,0.09,0.28,0.36,0.84,-0.72,-0.6,-0.38,0.07,1.75,-0.68,-0.33,-1.16,-0.31,0.75,-0.59,2.03,-1.66,-0.22,-2.0,-1.21,-2.57,-0.26,-0.73,1.08,-0.19,2.29,-1.93,0.63,0.63,1.24,3.09,-0.19,1.37,0.43,1.76,-0.81,5.51,-0.43,-1.26,0.17,2.53,-0.53,2.25,-3.83,2.28,2.56,1.53,-0.01,2.02,0.62,-0.11,0.15,0.28,0.19,-0.29,0.29,0.1,-0.86,-0.07,-1.84,-2.4,0.28,-2.3,-0.08,-0.87,-0.2,1.42,1.11,0.94,1.45,0.1,-0.12,-0.04,2.46,1.17,1.48,1.84,0.7,0.44,-0.37,-0.79,1.37,-0.84,1.24,-0.53,0.36,1.32,2.07,0.93,0.79,0.71
101,97057905,11/3/2025,11:10:49,,,-1.94,-1.81,0.59,0.37,0.21,0.48,-0.09,0.2,-0.88,-0.43,-0.55,0.24,1.88,-0.65,-0.25,-1.24,-0.11,0.79,-0.55,2.07,-1.76,-0.22,-2.04,-0.8,-3.02,-0.18,-0.97,1.17,-0.39,2.31,-2.01,0.79,0.7,1.35,3.29,-0.36,1.41,0.39,1.94,-0.94,5.84,-0.37,-1.17,0.19,2.64,-0.69,2.43,-4.05,2.41,2.75,1.57,0.05,2.05,0.52,0.04,0.03,0.26,0.05,-0.32,0.21,0.3,-0.69,0.09,-2.11,-2.52,0.05,-1.99,0,-0.27,-0.07,1.61,1.1,0.68,1.45,0.22,0.06,-0.18,2.31,0.81,1.73,2.05,0.54,0.12,-0.57,-0.58,1.28,-1.36,1.31,-0.93,0.34,1.84,1.9,0.57,0.6,0.62
102,97057889,11/3/2025,11:12:27,,,-1.14,-0.89,0.49,0.18,-0.05,0.26,0.27,0.47,-0.75,-0.49,-0.4,0.13,1.81,-1.01,-0.25,-1.4,-0.21,0.81,-0.65,2.07,-1.94,-0.27,-2.27,-1.06,-2.67,-0.18,-0.7,1.45,-0.28,2.57,-2.04,0.83, ,1.23, , ,1.6,0.34,2.03,-0.77,5.51,-0.38,-1.16,-0.09,2.56,-0.96,2.31,-4.17,2.37,2.32,1.56,0.09,2.22,0.77,0.15,0.23,0.73,0.16,-0.29,0.17,0.25,-0.4,-0.32,-2.08,-2.47,0.07,-1.98,-0.01,-0.72,0.1,0.73,1.19,0.1,1.35,0.12,0.14,-0.13,2.5,0.76,2.08,2.56,0.71,1,-0.55,-0.8,1.28,-1.06,1.37,-0.3,0.37,1.62,1.82,0.98,0.83,0.56
103,97057897,11/3/2025,11:13:33,,,-1.32,-1.04,0.42,0.13,0.13,0.37,0.23,0.72,-0.79,-0.77,-0.5,-0.02,1.86,-0.95,-0.38,-1.27,-0.34,0.78,-0.52,2.12,-1.76,-0.21,-2.15,-1.19,-2.66,-0.28,-0.76,1.24,-0.44,2.46,-2.33,0.67,0.75,1.24,3.27,-0.46,1.39,0.19,1.82,-1.01,5.64,-0.47,-1.15,0.22,2.47,-0.69,2.27,-3.94,2.29,2.5,1.49,0.03,2.05,0.43,0.05,-0.01,0.38,-0.05,-0.34,0.26,0.03,0.2,0.24,-2.06,-1.62,-0.12,-2.57,-0.28,-1.54,-0.26,0.03,1.06,0.31,1.38,0.22,0.35,-0.5,2.58,1.29,1.77,2.36,0.5,0.41,-0.85,-0.46,1.53,-0.54,1.42,-0.42,0.2,1.56,1.79,0.64,0.81,0.34
104,97057871,11/3/2025,11:15:41,,,-1.22,-0.94,0.37,0.12,0.35,0.22,-0.16,0.06,-0.71,-0.32,-0.35,0.17,1.3,-1.08,-0.39,-1.75,-0.15,0.85,-0.69,2.06,-1.92,-0.19,-2.32,-1.09,-2.43,-0.19,-0.84,1.37,-0.46,2.56,-2.27,0.74,0.59,1.21,3.55,-0.5,1.6,0.21,2.01,-0.96,5.35,-0.44,-1.18,-0.03,2.55,-0.72,2.34,-4.03,2.29,2.49,1.48,0.01,2.19,0.62,0.19,0.07,0.57,-0.07,-0.34,0.19,0.11,-0.9,-0.45,-2.26,-2.26,0.16,-2.25,0.05,-0.75,-0.29,1.0,1.07,0.13,1.39,0.17,-0.09,-0.36,2.55,0.62,2.15,2.35,0.57,0.38,-0.57,-0.64,1.0,-0.61,1.48,-0.08,0.49,1.88,1.85,1.2,0.88,0.86
105,97057855,11/3/2025,11:17:35,,,-0.87,-0.63,0.55,0.02,0.09,0.15,0.22,0.59,-0.93,-0.86,-0.63,-0.02,1.31,-1.16,-0.27,-1.52,-0.18,0.6,-0.96,1.79,-1.81,-0.18,-2.26,-1.14,-2.02,-0.27,-1.08,1.31,-0.42,2.44,-2.13,0.46,0.38,0.92,3.4,-0.44,1.51,0.17,1.89,-0.92,5.16,-0.71,-1.51,-0.01,2.52,-0.66,2.21,-3.89,2.22,2.2,1.18,-0.26,2.11,0.59,0.11,0.11,0.53,0.05,-0.66,0.16,0.14,-1.01,-0.41,-2.0,-2.48,0.02,-2.27,-0.14,-2.08,-0.45,-0.14,0.82,0.02,1.4,-0.09,0.18,-0.24,2.32, ,2.07,2.64,0.62, , ,-0.52,0.77,-1.24,1.21,-0.79,0.34,1.57,1.9,0.8,0.81,0.08
106,97057491,11/3/2025,11:18:54,,,-1.6,-1.29,0.35,0.23,0.16,0.2,0.47,0.67,-0.83,-0.38,-0.58,0.07,1.69,-0.71,-0.45,-1.55,-0.43,0.6,-0.71,1.85,-1.99,-0.4,-2.31,-1.25,-3.05,-0.33,-0.88,1.43,-0.52,2.46,-2.37,0.6,0.65,1.15,3.52,-0.49,1.64,0.14,2.08,-1.03,5.77,-0.66,-1.41,-0.04,2.41,-0.92,2.17,-4.22,2.17,2.43,1.43,0.02,2.28,0.41,0.26,-0.06,0.54,-0.09,-0.3,0.35,0.06,-0.95,-0.35,-2.13,-2.44,-0.22,-2.13,-0.21,-1.62,0.05,0.52,1.24,0.3,1.23,-0.12,0.15,-0.38,2.27,1,1.92,2.68,0.41,0.03,-0.85,-0.74,0.94,-0.63,1.29,-0.18,0.37,1.6,2.07,1.05,1.03,0.56
107,97053508,11/3/2025,11:21:25,,,-1.06,-0.78,0.57,0.07,0.11,-0.02,0.11,0.44,-0.84,-0.5,-0.58,0.09,1.62,-1.05,-0.47,-1.49,-0.46,0.7,-0.73,1.87,-1.91,-0.39,-2.31,-1.25,-2.9,-0.32,-0.84,1.39,-0.23,2.54,-2.14,0.53,0.51,1.11,3.46,-0.24,1.52,0.35,1.94,-0.81,5.34,-0.54,-1.33,0.0,2.4,-0.83,2.09,-4.09,2.17,2.4,1.37,-0.07,2.16,0.63,0.15,0.12,0.47,0.1,-0.47,0.1,-0.04,-1.18,0.06,-2.04,-2.24,0.01,-2.25,-0.22,-1.93,-0.24,0.37,0.79,0.51,1.28,0,0.35,-0.13,2.27,0.83,1.9,2.62,0.86,0.35,-0.41,-0.39,1.23,-1.02,1.41,-0.6,0.13,0.92,1.9,0.35,1.29,0.83
108,97057541,11/3/2025,11:22:06,,,-1.09,-1,0.45,0.06,-0.01,0.07,-0.16,0.42,-0.88,-0.53,-0.58,0.08,1.64,-0.52,-0.45,-1.22,-0.41,0.71,-0.73,1.94,-1.56,-0.55,-2.07,-1.31,-2.73,-0.41,-0.78,1.17,-0.31,2.24,-2.12,0.64,0.62,1.16,3.23,-0.28,1.26,0.38,1.69,-0.84,5.54,-0.53,-1.3,0.22,2.34,-0.53,2.15,-3.89,2.13,2.5,1.43,-0.01,1.92,0.63,-0.06,0.13,0.19,0.16,-0.38,0.0,-0.04,-0.45,-0.17,-1.91,-1.47,0.1,-1.87,-0.25,-0.21,0.32,1.39,1.01,0.37,0.99,-0.03,0.18,-0.14,2.58,0.92,1.74,2.45,0.91,0.26,-0.63,-1.08,1.23,-1.12,1.45,-0.68,0.26,1.65,1.81,0.66,0.84,0.56
109,97053482,11/3/2025,11:22:47,,,-1.36,-1.02,0.54,0.12,0.18,-0.07,0.25,0.36,-0.99,-0.45,-0.52,0.15,1.75,-0.47,-0.41,-1.28,-0.47,0.64,-0.75,1.89,-1.75,-0.41,-2.16,-1.1,-2.99,-0.32,-0.85,1.13,-0.36,2.28,-2.16,0.59,0.57,1.11,3.54,-0.4,1.38,0.31,1.92,-0.85,5.51,-0.6,-1.34,0.19,2.44,-0.62,2.26,-4.03,2.22,2.33,1.37,-0.04,2.01,0.67,0.07,0.11,0.42,0.12,-0.39,0.32,0.12,-0.55,0.03,-1.96,-2.01,-0.02,-2.38,-0.3,-1.76,-0.5,0.54,1.15,0.42,1.54,0.01,0.06,-0.1,2.2,0.42,1.75,1.89,0.5,0.55,-0.67,-1.02,0.9,-0.84,1.49,-0.72,0.56,1.29,1.96,0.99,1.08,0.47
110,97057525,11/3/2025,11:24:40,,,-1.49,-1.25,0.41,0.18,0.1,0.19,0.26,0.84,-0.84,-0.53,-0.72,0.02,1.72,-1.04,-0.38,-1.64,-0.46,0.61,-0.7,1.89,-1.99,-0.39,-2.45,-1.02,-2.97,-0.3,-0.88,1.54,-0.41,2.68,-2.11,0.62,0.54,1.15,3.58,-0.38,1.68,0.4,2.18,-0.87,5.41,-0.59,-1.33,-0.16,2.46,-0.84,2.31,-4.22,2.27,2.38,1.44,-0.11,2.3,0.62,0.3,0.14,0.54,0.13,-0.39,-0.1,0.03,-0.79,-0.05,-2.27,-2.59,-0.09,-2.18,-0.24,-1.56,-0.28,0.16,0.92,0.37,1.17,0.06,0.28,-0.23,2.37,1.17,2.26,2.78,0.53,0.4,-0.75,-0.67,1.47,-1.12,1.45,-0.74,0.28,1.5,1.82,0.48,0.99,0.34
111,97057517,11/3/2025,11:26:38,,,-1.33,-1.18,0.41,0.14,0.11,-0.11,0.5,0.8,-0.88,-0.45,-0.67,0.09,1.81,-0.73,-0.61,-1.25,-0.6,0.84,-0.67,1.92,-1.71,-0.47,-2.04,-1.41,-2.91,-0.36,-0.65,1.17,-0.2,2.25,-1.93,0.7,0.59,1.19,3.18,-0.05,1.38,0.38,1.93,-0.71,5.62,-0.5,-1.26,0.12,2.38,-0.67,2.1,-4.02,2.13,2.29,1.45,0,1.89,0.79,0.04,0.25,0.36,0.33,-0.29,0.03,-0.05,-0.94,0.12,-1.79,-1.93,-0.03,-2.2,-0.41,-1.5,-0.07,0.54,0.99,0.11,1.3,0.04,0.42,-0.03,2.8,0.99,1.72,2.23,0.81,0.62,-0.52,-0.43,0.65,-1.42,1.34,-0.45,0.53,1.54,1.75,0.64,0.93,0.16
112,97053474,11/3/2025,11:28:23,,,-1.54,-1.19,0.67,0.21,0.24,0.3,0.87,1.23,-0.81,-0.72,-0.66,-0.02,1.67,-0.92,-0.24,-1.57,-0.34,0.72,-0.7,1.94,-1.93,-0.38,-2.34,-1.01,-3,-0.22,-0.77,1.52,-0.35,2.59,-2.19,0.54,0.54,1.08,3.54,-0.37,1.59,0.24,2.07,-0.93,5.55,-0.53,-1.31,-0.11,2.48,-0.88,2.33,-4.19,2.32,2.49,1.38,-0.1,2.25,0.54,0.32,0.04,0.52,0.05,-0.47,0.02,0.1,-0.88,-0.64,-2.32,-2.23,0.13,-2.12,0.02,-1.49,-0.55,0.32,0.95,0.36,1.39,0.02,0.13,-0.24,2.22,0.71,2.09,2.26,0.71,0.23,-0.55,-0.4,1.21,-0.7,1.5,-0.79,0.44,1.52,2.01,1.0,1.04,0.59
113,97053490,11/3/2025,11:30:07,,,-0.96,-0.68,0.37,0.06,0.11,0.26,0.48,0.69,-0.88,-0.47,-0.63,0.12,1.85,-0.95,-0.37,-1.45,-0.31,0.77,-0.59,2.04,-1.93,-0.35,-2.35,-1.13,-2.95,-0.31,-0.54,1.34,-0.17,2.51,-1.91,0.68,0.58,1.22,3.59,-0.22,1.58,0.52,2.07,-0.63,5.53,-0.52,-1.24,-0.02,2.47,-0.93,2.18,-4.19,2.23,2.51,1.46,0.02,2.21,0.83,0.25,0.34,0.52,0.31,-0.31,-0.04,0.06,-0.84,-0.23,-2.23,-2.23,0.16,-2.4,-0.12,0.43,-0.58,2.0,1.24,0.34,1.18,0.15,0.24,-0.13,2.42, ,2.27,2.84,0.67, , ,-0.41,1.56,-1.41,1.43,-0.71,0.65,1.66,1.78,0.72,0.83,0.32
114,97053466,11/3/2025,11:31:35,,,-1.75,-1.45,0.21,0.35,-0.26,0.31,0.23,0.46,-0.63,-0.47,-0.42,0.19,1.65,-0.74,-0.39,-1.32,-0.37,0.6,-0.9,1.79,-1.73,-0.41,-2.0,-1.2,-3.04,-0.24,-0.71,1.29,-0.24,2.27,-2.11,0.48,0.57,1.11,3.17,-0.29,1.42,0.45,1.94,-0.87,5.47,-0.72,-1.5,0.19,2.53,-0.67,2.28,-3.97,2.31,2.34,1.4,-0.11,2.09,0.6,0.02,0.15,0.26,0.15,-0.45,0.07,0.14,-0.97,-0.22,-2.03,-2.53,-0.18,-2.19,-0.26,-0.63,-0.48,1.5,1.17,0.46,1.4,-0.07,0.2,-0.08,2.37,0.35,1.59,2.14,0.61,0.01,-0.45,-0.67,1.15,-1.11,1.25,-0.58,0.22,1.6,1.98,1.05,0.76,0.43
115,97053540,11/3/2025,11:33:49,,,-1.13,-0.92,0.49,0.2,0.16,0.31,0.01,0.33,-0.8,-0.24,-0.46,0.23,1.73,-0.86,-0.2,-1.44,-0.16,0.83,-0.63,2.12,-1.64,-0.01,-2.22,-0.99,-2.34,-0.03,-0.74,1.26,-0.17,2.37,-1.8,0.72,0.7,1.21,3.76,-0.11,1.44,0.35,1.86,-0.7,5.67,-0.39,-1.15,0.05,2.71,-0.4,2.64,-3.82,2.48,2.57,1.43,0.04,2.05,0.77,0.02,0.24,0.25,0.24,-0.38,0.23,0.27,-0.69,0.16,-1.97,-2.36,0.11,-2.65,-0.06,-0.47,-0.35,1.17,1.3,-0.03,1.42,0.2,-0.06,-0.03,2.2, ,1.69,1.75,0.77, , ,-0.52,1.38,-0.55,1.7,-0.51,0.28,1.52,2.26,0.95,1.08,0.57
116,97053532,11/3/2025,11:34:36,,,-1.02,-0.76,0.53,0.17,0.18,0.33,0.21,0.67,-0.8,-0.43,-0.67,0.15,1.71,-0.95,-0.25,-1.56,-0.2,0.8,-0.58,2.14,-1.81,-0.28,-2.35,-1.03,-2.97,-0.16,-0.84,1.32,-0.15,2.46,-1.76,0.78,0.8,1.37,3.88,-0.11,1.54,0.63,2.04,-0.63,5.62,-0.38,-1.13,0.02,2.56,-0.62,2.5,-4,2.37,2.49,1.6,0.11,2.15,0.83,0.19,0.34,0.47,0.33,-0.2,0.31,0.17,-0.64,-0.21,-2.27,-2.47,-0.01,-2.15,-0.06,-1.38,-0.5,0.24,1.04,0.11,1.39,0.24,-0.03,0.04,2.13,0.61,1.9,1.71,0.71,0.24,-0.26,-0.45,1.31,-0.58,1.42,-0.44,0.34,1.65,2.15,0.93,1.07,0.44
117,97053599,11/3/2025,11:35:25,,,-0.91,-0.6,0.4,0.1,0.11,0.26,0.01,0.36,-0.81,-0.35,-0.56,0.15,1.03,-1.23,-0.16,-1.87,0.17,0.73,-0.91,1.91,-2.17,0.15,-2.61,-0.82,-2.36,0.02,-0.56,1.69,-0.25,2.81,-2.17,0.57, ,1.07, , ,1.87,0.42,2.22,-0.65,5.23,-0.6,-1.39,-0.37,2.81,-0.94,2.56,-4.19,2.56,2.43,1.38,-0.06,2.53,0.79,0.49,0.27,0.7,0.3,-0.55,0.3,0.3,-0.81,-0.1,-2.17,-2.21,0.29,-2.5,0.19,-1.94,-0.68,-0.09,1.05,0.11,1.35,0.12,0.14,-0.2,2.53,0.48,2.33,2.79,0.75,0.28,-0.49,-0.24,1.12,-1.11,1.46,-0.6,0.38,1.56,1.81,0.92,0.96,0.19
118,97053573,11/3/2025,11:36:06,,,-1.41,-1.31,0.57,0.14,0.01,0.22,0.42,0.72,-0.9,-0.49,-0.62,0.07,1.69,-1.09,-0.35,-1.7,-0.27,0.83,-0.7,1.99,-2.14,-0.24,-2.51,-1.01,-3.05,-0.16,-0.52,1.61,-0.42,2.66,-2.32,0.75,0.68,1.13,3.8,-0.51,1.8,0.18,2.26,-0.83,5.44,-0.44,-1.25,-0.31,2.63,-1.02,2.38,-4.37,2.41,2.32,1.44,0.06,2.32,0.64,0.5,0.12,0.71,0.11,-0.37,0.05,0.16,-0.89,0.3,-2.31,-2.35,0.2,-2.41,-0.07,-0.46,-0.71,0.97,0.92,-0.08,1.36,0.13,0.16,-0.31,2.27,0.73,2.21,2.27,0.52,0.42,-0.46,-0.19,1.09,-1.08,1.5,-0.92,0.39,1.76,1.88,0.68,1.15,0.49
119,97053458,11/3/2025,11:36:49,,,-1.53,-1.36,0.34,0.24,0.09,0.2,0.11,0.47,-0.93,-0.87,-0.59,0.13,1.59,-1.1,-0.5,-1.73,-0.44,0.73,-0.78,1.93,-2.11,-0.42,-2.51,-1.12,-3.3,-0.36,-0.63,1.67,-0.36,2.67,-2.23,0.53,0.65,1.14,4.17,-0.32,1.8,0.22,2.39,-0.87,5.08,-0.55,-1.34,-0.23,2.41,-1.04,2.2,-4.41,2.28,2.32,1.39,-0.07,2.47,0.56,0.49,0.15,0.82,0.07,-0.48,0.05,0.02,-1.03,0.07,-2.3,-2.79,-0.02,-2.14,-0.17,-2.01,-0.86,-0.02,1.07,0.03,1.32,0.09,0.15,-0.14,2.27,0.83,2.15,2.4,0.55,0.56,-0.75,-0.86,1.06,-0.75,1.29,-0.51,0.4,1.71,2.17,0.85,0.71,0.49
120,97053557,11/3/2025,11:39:21,,,-1.43,-1.27,0.48,0.21,0.06,0.42,0.26,0.49,-0.8,-0.39,-0.57,0.12,1.66,-0.83,-0.38,-1.41,-0.3,0.81,-0.65,2.1,-1.7,-0.15,-2.11,-1.01,-2.71,-0.19,-0.59,1.26,-0.23,2.34,-2.15,0.68,0.71,1.37,3.43,-0.27,1.45,0.43,1.96,-0.96,5.35, ,-1.19,0.18,2.64, , ,-3.9,2.39,2.48,1.61,0.08,2.04,0.54,0.05,0.11,0.44,0.06,-0.4,0.39,0.18,-0.98,-0.31,-1.85,-2.19,0.02,-2.21,-0.12,-1.81,-0.14,0.27,1.03,0.3,1.53,0.19,-0.05,-0.15,2.24,0.55,1.8,2.08,0.71,0.04,-0.43,-0.36,1.32,-1.43,1.18,-1.1,0.46,1.8,1.96,0.93,0.77,0.34
121,97053581,11/3/2025,11:40:44,,,-1.51,-1.4,0.66,0.16,0.07,0.39,-0.14,-0.02,-1.06,-0.4,-0.61,0.21,1.61,-1.35,-0.31,-1.88,-0.3,0.67,-0.81,1.84,-2.3,-0.24,-2.67,-1.07,-3.58,-0.2,-0.82,1.78,-0.32,2.81,-2.18,0.48,0.62,1.09,4.09,-0.41,1.96,0.43,2.52,-0.79,5.3,-0.61,-1.41,-0.44,2.63,-1.25,2.27,-4.64,2.43,2.36,1.37,-0.04,2.67,0.66,0.66,0.22,0.91,0.24,-0.52,0.18,0.03,-0.93,-0.47,-2.14,-2.43,-0.11,-2.25,-0.1,-0.34,-0.26,1.27,1.19,0.24,1.41,0.12,0.1,-0.19,2.09,0.93,2.13,2.21,0.54,0.07,-0.6,-0.65,1.36,-0.61,1.27,-0.32,0.41,1.57,1.92,0.53,1.23,0.26
122,97069140,11/3/2025,11:42:23,,,-2.12,-1.68,0.53,0.36,-0.12,0.4,0.23,1.03,-0.79,-0.37,-0.46,0.06,1.69,-0.92,-0.34,-1.46,-0.35,0.75,-0.65,1.97,-1.89,-0.13,-2.23,-1.07,-2.67,-0.19,-0.93,1.44,-0.35,2.42,-2.02,0.57,0.65,1.26,3.47,-0.4,1.56,0.27,2.12,-1.01,5.33, ,-1.32,0.0,2.51, , ,-4.13,2.33,2.6,1.52,0.02,2.18,0.5,0.17,0.07,0.47,-0.01,-0.47,0.24,0.08,-1.04,-0.46,-2.04,-2.2,0.26,-2.15,-0.13,-1.09,-0.52,1.33,1.07,0.51,1.32,0.1,0.28,-0.27,2.43,0.66,1.88,2.28,0.62,0.06,-0.46,-0.67,1.37,-0.97,1.55,-0.72,0.08,1.56,1.67,0.6,0.78,0.29
123,97053524,11/3/2025,11:50:34,,,-1.08,-0.99,0.47,0.09,0.28,-0.1,0.54,1.04,-0.93,-0.66,-0.48,0.05,1.74,-0.86,-0.41,-1.47,-0.29,0.93,-0.6,2.17,-1.75,-0.28,-2.13,-1.2,-2.37,-0.29,-0.79,1.25,-0.29,2.29,-1.88,0.75,0.8,1.38,3.29,-0.18,1.44,0.51,2.01,-0.77,5.65,-0.31,-1.13,0.1,2.48,-0.57,2.29,-3.92,2.26,2.61,1.62,0.18,2.05,0.72,0.07,0.24,0.44,0.18,-0.31,0.38,0.07,-0.79,-0.13,-2.04,-2.27,-0.01,-2.44,-0.22,-0.73,-0.23,0.8,0.9,0.31,1.39,0.26,-0.01,-0.16,2.24,0.74,2.01,2.54,0.63,0.18,-0.4,-0.23,1.42,-1.03,1.53,-0.52,0.35,1.9,1.71,0.59,1.14,0.53
124,97053417,11/3/2025,11:51:48,,,-1.68,-1.36,0.5,0.33,-0.05,0.4,0.44,0.72,-0.79,-0.52,-0.54,0.18,1.71,-0.96,-0.05,-1.61,-0.04,0.86,-0.64,2.09,-1.93,0.09,-2.35,-0.8,-2.99,0.06,-0.69,1.53,-0.2,2.53,-1.89,0.72,0.77,1.37,3.78,-0.26,1.64,0.63,2.06,-0.74,5.5,-0.44,-1.19,-0.08,2.85,-0.74,2.68,-4.15,2.67,2.48,1.6,0.1,2.17,0.86,0.28,0.31,0.7,0.22,-0.51,0.42,0.43,-0.73,0.19,-2.1,-2.25,0.09,-2.66,-0.01,-1.02,-0.48,0.97,1.17,0.01,1.71,0.31,0.02,-0.05,2.43,0.72,2.12,1.98,0.73,0.5,-0.28,-0.77,1.44,-1.22,1.14,-0.77,0.3,2.19,2.05,0.94,0.94,0.82
125,97053391,11/3/2025,11:53:03,,,-1.48,-1.12,0.53,0.3,0.14,0.32,0.21,0.38,-0.68,-0.41,-0.48,0.23,1.34,-1.03,-0.08,-1.6,-0.02,0.67,-1.0,1.78,-1.96,-0.1,-2.35,-0.78,-2.96,0.05,-0.85,1.41,-0.18,2.46,-1.99,0.53,0.51,1.11,3.52,-0.11,1.6,0.59,2.18,-0.68,4.83,-0.63,-1.38,0.01,2.76,-0.77,2.64,-4.06,2.6,2.69,1.38,-0.05,2.24,0.81,0.15,0.34,0.4,0.34,-0.83,0.39,0.4,-1.12,-0.61,-1.93,-2.32,0.36,-2.06,0.31,-1.01,-0.64,1.36,1.34,0.41,1.61,0.19,0.07,0.03,2.31,0.86,2.18,2.03,0.61,0.46,-0.45,-0.81,1.35,-1.27,1.48,-0.57,0.13,1.69,1.98,0.98,1.03,0.76
126,97047476,11/3/2025,11:55:42,,,-1.62,-1.36,0.6,0.34,0.23,0.31,0.01,0.47,-0.78,-0.37,-0.53,0.19,1.55,-0.96,-0.2,-1.52,-0.16,0.71,-0.69,1.99,-1.89,-0.16,-2.25,-0.96,-3.17,-0.16,-0.65,1.34,-0.21,2.42,-1.92,0.78,0.64,1.22,3.57,-0.22,1.51,0.41,2.06,-0.66,5.47,-0.56,-1.35,0.04,2.68,-0.67,2.52,-4.07,2.58,2.43,1.51,0.1,2.11,0.92,0.23,0.36,0.57,0.32,-0.39,0.34,0.28,-1.01,0.26,-2.0,-2.37,0.23,-2,0.08,-1.48,-0.24,0.0,1.19,0.13,1.52,0.11,0.21,-0.01,1.98,0.28,2.15,2.36,0.51,0.56,-0.3,-0.27,1.52,-0.95,1.37,-0.52,0.25,1.68,1.63,1.16,1.21,0.93
127,97053367,11/3/2025,11:56:31,,,-1.4,-1.02,0.46,0.16,0.04,0.19,0.42,0.8,-0.72,-0.49,-0.32,0.14,1.7,-0.38,-0.38,-1.07,-0.3,0.73,-0.66,2.07,-1.44,-0.34,-1.8,-1.09,-2.73,-0.26,-0.53,0.86,-0.02,1.96,-2.01,0.83,0.83,1.24,2.84,-0.16,1.04,0.35,1.51,-0.69,5.55,-0.56,-1.26,0.52,2.48,-0.18,2.39,-3.65,2.38,2.39,1.61,0.24,1.85,0.74,-0.28,0.3,0.14,0.3,-0.31,0.21,0.2,-0.9,-0.53,-1.62,-2.01,-0.02,-1.75,0.03,-0.7,-0.09,1.35,1.04,0.08,1.32,0.16,0.36,0.12,2.87,0.82,1.8,2.53,0.98,0.35,-0.55,-0.46,1.19,-1.49,1.36,-0.69,0.62,1.67,1.82,0.76,0.95,0.72
128,97053425,11/3/2025,11:57:18,,,-1.05,-0.85,0.65,0.17,0.26,0.03,0.2,0.42,-0.91,-0.46,-0.47,0.09,1.74,-0.95,-0.24,-1.5,-0.18,0.85,-0.61,2.08,-1.91,-0.29,-2.23,-0.95,-3.19,-0.11,-0.82,1.28,-0.39,2.44,-2.25,0.67,0.79,1.39,3.57,-0.28,1.57,0.49,2.33,-0.98,5.31,-0.44,-1.13,-0.04,2.63,-0.73,2.47,-4.14,2.43,2.65,1.65,0.18,2.37,0.33,0.31,0.08,0.58,0.03,-0.39,0.55,0.3,-0.83,-0.32,-2.11,-2.09,0.21,-2.23,-0.05,-1.82,-0.51,0.42,1.33,0.3,1.53,0.17,-0.16,-0.24,2.33,0.26,2.01,1.91,0.47,0.11,-0.48,-0.38,1.46,-0.76,1.18,-0.52,0.4,1.7,1.98,0.99,1.0,0.57
129,97053409,11/3/2025,11:59:01,,,-0.74,-0.63,0.57,0.09,0.24,0.3,0.44,0.71,-0.94,-0.45,-0.67,0.16,1.79,-1.09,-0.31,-1.6,-0.26,0.73,-0.68,2.1,-1.91,-0.13,-2.39,-0.99,-3.21,-0.16,-0.72,1.44,-0.32,2.55,-2.28,0.57,0.71,1.21,3.66,-0.36,1.65,0.46,2.24,-0.84,5.56,-0.48,-1.23,-0.2,2.65,-0.68,2.55,-4.17,2.47,2.6,1.52,0.02,2.39,0.62,0.39,0.17,0.56,0.19,-0.39,0.23,0.14,-1.23,0.11,-2.29,-2.83,-0.12,-2.53,-0.07,-1.29,-0.03,1.07,1.04,0.14,1.24,0.16,-0.02,-0.23,2.1,0.27,2.15,2.21,0.65,0.3,-0.65,-0.37,1.21,-0.38,1.16,-0.38,0.3,1.66,2.2,0.99,0.93,0.7
130,97053375,11/3/2025,12:05:46,,,-0.86, ,0.54,0.09, , ,-0.29,0.33,-0.83,-0.33,-0.47,0.22,1.68,-1.26,-0.28,-1.87,-0.19,0.77,-0.65,2.17,-2.06,-0.05,-2.55,-1.06,-2.61,-0.12,-0.68,1.62,-0.4,2.75,-2.27,0.67,0.77,1.33,3.82,-0.31,1.82,0.39,2.43,-0.96,5.63,-0.54,-1.28,-0.19,2.58,-0.64,2.51,-4.14,2.51,2.58,1.61,0.1,2.6,0.41,0.4,0.1,0.78,0.12,-0.35,0.38,0.28,-0.7,0.19,-2.37,-2.88,0.03,-2.65,-0.16,-0.35,-0.18,1.35,1.11,0.11,1.41,0.16,0.01,-0.28,2.52,0.42,2.36,2.44,0.66,0.03,-0.49,-0.53,1.26,-0.45,1.29,-0.36,0.21,1.7,1.83,0.95,1.03,0.96
131,97057558,11/3/2025,12:07:18,,,-2.04,-1.76,0.39,0.27,-0.21,0.39,0.26,0.65,-0.81,-0.46,-0.43,0.1,1.68,-0.64,-0.51,-1.21,-0.42,0.71,-0.63,2.03,-1.49,-0.47,-1.88,-1.11,-2.72,-0.29,-0.7,1.05,-0.29,2.06,-2.01,0.64,0.77,1.23,3.14,-0.15,1.15,0.36,1.75,-0.91,5.71,-0.56,-1.28,0.4,2.4,-0.15,2.38,-3.63,2.35,2.37,1.57,0.1,1.85,0.63,-0.1,0.15,0.32,0.12,-0.33,0.28,-0.02,-0.7,-0.12,-1.99,-2.37,-0.11,-2.41,-0.16,-1.47,-0.46,0.36,1.06,-0.16,1.29,0.05,0.28,-0.16,2.8,0.84,1.57,2.27,0.71,-0.17,-0.5,-0.43,0.65,-0.67,1.22,-0.38,0.6,1.35,1.95,0.95,1.16,0.54
132,97057723,11/3/2025,12:09:28,,,-1.5,-1.26,0.59,0.28,0.06,0.42,0.56,0.95,-0.75,-0.63,-0.52,-0.01,1.4,-0.87,-0.21,-1.59,-0.19,0.61,-0.75,1.86,-1.89,-0.3,-2.29,-0.98,-3.07,-0.09,-0.5,1.43,-0.26,2.33,-2.3,0.49,0.53,1.06,3.62,-0.23,1.52,0.23,2,-0.82,5.42,-0.65,-1.4,0.0,2.56,-0.67,2.45,-4.07,2.53,2.39,1.4,-0.07,2.15,0.66,0.23,0.17,0.58,0.21,-0.5,0.22,0.21,-0.76,-0.12,-2.21,-2.35,0.23,-2.3,-0.06,-0.79,0.1,0.91,1.14,0.06,1.45,0.04,0.07,-0.07,2.42,0.3,2.24,2.49,0.58,0.65,-0.66,0.24,1.01,-1.01,1.36,-0.45,0.62,1.68,1.69,0.98,1.08,0.68
133,97057715,11/3/2025,12:17:13,,,-1.22,-1.04,0.58,0.11,0.13,0.11,0.54,0.91,-0.86,-0.69,-0.62,-0.04,1.59,-0.79,-0.35,-1.3,-0.27,0.78,-0.73,2.04,-1.56,-0.26,-2.05,-1.11,-2.56,-0.23,-0.79,1.24,-0.43,2.2,-2.21,0.54,0.6,1.14,3.31,-0.31,1.26,0.17,1.8,-1.14,5.46,-0.52,-1.33,0.33,2.49,-0.32,2.39,-3.79,2.35,2.28,1.38,-0.06,1.93,0.38,-0.02,-0.02,0.31,-0.05,-0.45,0.07,0.02,-0.77,-0.52,-2.02,-2.28,0.26,-2.05,0.06,-1.84,-0.09,-0.04,1.03,-0.03,1.24,0,0.2,-0.27,2.51,0.15,1.97,2.19,0.52,-0.16,-0.58,-0.88,1.05,-0.45,1.38,-0.37,0.44,1.57,2.16,0.82,1.42,0.72
134,97057673,11/3/2025,12:22:08,,,-1.21,-0.99,0.36,0.23,-0.02,0.16,1.05,1.37,-0.65,-0.75,-0.34,-0.11,1.72,-0.74,-0.27,-1.24,-0.22,0.81,-0.57,2.13,-1.61,-0.1,-2.08,-1.03,-2.52,-0.19,-0.77,1.1,-0.55,2.27,-2.32,0.71,0.74,1.38,3.2,-0.62,1.33,0.07,1.9,-1.27,5.45,-0.47,-1.26,0.25,2.55,-0.4,2.35,-3.8,2.41,2.66,1.59,0.1,2.0,0.29,-0.07,-0.19,0.28,-0.29,-0.32,0.2,0.15,-0.58,0.33,-1.89,-2.33,0.03,-2.34,-0.24,-0.27,-0.32,1.3,1.11,0.45,1.37,0.14,-0.05,-0.39,2.34, ,1.6,1.71,0.36, , ,-0.26,1.48,-0.98,1.09,-0.44,0.01,1.72,2.35,1.34,1.25,0.58
135,97075832,11/3/2025,12:23:35,,,-1.52,-1.48,0.43,0.16,0,0.2,0.43,0.74,-0.88,-0.68,-0.78,0.05,1.41,-0.35,-0.35,-0.86,-0.17,0.51,-0.85,1.94,-1.2,-0.3,-1.68,-1.05,-2.59,-0.33,-0.94,0.75,-0.23,1.83,-1.94,0.44,0.47,1.05,2.93,-0.18,0.9,0.39,1.47,-0.91,5.49,-0.73,-1.47,0.66,2.47,-0.05,2.38,-3.51,2.38,2.31,1.28,-0.16,1.55,0.59,-0.37,0.14,0.03,0.06,-0.56,0.17,0.11,-1.05,-0.08,-1.63,-1.87,-0.06,-1.8,-0.08,-0.19,-0.39,1.85,0.79,0.64,1.24,-0.04,0.06,-0.08,2.03, ,1.34,1.84,0.56, , ,-0.92,1.0,-1.14,1.45,-0.78,0.48,1.4,1.8,0.64,1.23,0.66
136,97053516,11/3/2025,12:26:05,,,-1.22,-0.92,0.67,0.2,0.13,0.29,0.43,0.68,-0.83,-0.56,-0.57,0.11,1.4,-1.04,-0.29,-1.65,-0.17,0.68,-0.77,2.0,-1.96,-0.26,-2.34,-1.14,-2.77,-0.19,-1.02,1.46,-0.26,2.59,-1.92,0.51, ,1.11, , ,1.65,0.43,2.16,-0.88,5.65,-0.57,-1.42,-0.2,2.49,-0.74,2.34,-4.16,2.44,2.56,1.31,-0.07,2.24,0.67,0.31,0.16,0.58,0.14,-0.53,0.25,0.21,-0.93,-0.23,-2.19,-2.42,0.25,-2.49,-0.07,-1.58,-0.58,0.15,1.33,0.27,1.46,0.03,-0.08,-0.19,2.26,0.97,2.02,2.4,0.64,0.44,-0.73,-0.18,1.45,-1.21,1.21,-0.78,0.11,1.45,1.83,1.15,1.09,0.63
137,97053441,11/3/2025,12:27:56,,,-1.22,-0.91,0.31,0.18,-0.11,0.29,0.08,0.4,-0.83,-0.48,-0.46,0.17,1.66,-1.42,-0.37,-1.9,-0.31,0.86,-0.71,2.06,-2.26,-0.27,-2.67,-1.1,-3.07,-0.18,-1.08,1.75,-0.44,2.94,-1.87,0.67,0.69,1.26,3.95,-0.34,1.88,0.45,2.38,-0.94,5.47,-0.41,-1.22,-0.42,2.62,-1.21,2.34,-4.48,2.41,2.22,1.49,0.04,2.57,0.63,0.56,0.16,1.05,0.02,-0.36,0.33,0.21,-0.77,-0.61,-2.29,-2.3,-0.09,-2.26,0.01,-1.7,-0.17,-0.02,0.96,-0.03,1.38,0.07,0.01,-0.26,2.23,0.43,2.44,2.65,0.4,0.39,-0.63,-0.35,1.32,-0.91,1.49,-0.55,0.41,1.52,1.9,0.86,1.14,0.71
138,97052690,11/3/2025,12:46:08,,,-1.47,-1.15,0.48,0.22,0.23,0.15,0.45,0.69,-0.75,-0.51,-0.49,0.16,1.7,-0.75,-0.33,-1.3,-0.27,0.67,-0.64,2.1,-1.54,-0.08,-2.08,-0.93,-2.88,-0.13,-0.71,1.1,-0.11,2.12,-1.86,0.63,0.77,1.17,3.37,-0.01,1.2,0.45,1.84,-0.81,5.69,-0.52,-1.25,0.21,2.63,-0.28,2.5,-3.88,2.53,2.48,1.45,0.03,1.76,0.7,-0.11,0.29,0.26,0.2,-0.42,-0.04,0.09,-0.83,-0.43,-2.09,-2.29,0.13,-2.07,-0.17,-1.82,-0.47,0.17,1.16,0.32,1.45,0.08,-0.04,-0.06,1.86,0.69,2.01,1.75,0.63,0.61,-0.27,-0.4,1.3,-1.18,1.44,-0.6,0.51,1.61,1.72,0.84,1.3,0.7
139,97052674,11/3/2025,12:48:48,,,-1.42,-1.19,0.58,0.28,0.04,0.31,-0.21,0.18,-0.86,-0.36,-0.47,0.18,1.76,-1.11,-0.19,-1.69,-0.09,0.76,-0.65,2.09,-2.04,-0.04,-2.34,-0.83,-3.29,-0.03,-0.6,1.42,-0.35,2.53,-2.13,0.81,0.68,1.17,3.57,-0.29,1.66,0.31,2.1,-0.78,5.53,-0.49,-1.24,-0.13,2.74,-0.82,2.54,-4.22,2.65,2.38,1.45,0.05,2.17,0.76,0.34,0.27,0.65,0.21,-0.35,0.27,0.39,-0.53,-0.04,-2.22,-2.21,0.3,-2.3,0.03,-1.87,-0.17,-0.1,1.13,0.0,1.5,0.09,0.13,-0.12,2.31, ,2.2,2.15,0.68, , ,-0.69,1.53,-1.19,1.38,-0.51,0.3,1.61,1.72,0.88,1.44,0.88
140,97052708,11/3/2025,12:51:26,,,-0.85,-0.6,0.51,0.17,0.08,0.36,-0.13,0.2,-0.97,-0.41,-0.6,0.19,1.6,-1.04,-0.2,-1.51,-0.17,0.77,-0.76,2.09,-1.91,-0.04,-2.27,-1.02,-2.47,-0.12,-0.81,1.36,-0.26,2.45,-2.08,0.67,0.54,1.16,3.38,-0.34,1.59,0.4,2.09,-0.89,5.39,-0.51,-1.29,-0.16,2.66,-0.59,2.5,-4.04,2.39,2.51,1.42,0,2.18,0.69,0.22,0.11,0.57,0.12,-0.38,0.16,0.23,-0.86,-0.15,-2.27,-2.46,0.37,-2.73,-0.05,-0.17,-0.3,0.85,1.21,0.28,1.44,0.09,0.03,-0.14,2.1,0.82,2.0,1.89,0.42,0.17,-0.72,-0.99,1.11,-0.56,1.47,-0.25,0.44,1.71,2.08,1.15,1.06,0.63
141,97052682,11/3/2025,12:52:56,,,-1.17,-0.9,0.62,0.19,0.15,0.13,0.55,0.78,-0.92,-0.56,-0.71,0.08,2.79,-1.14,-0.18,-1.53,-0.72,0.76,-0.87,2.0,-2.11,0.07,-2.56,-0.9,-2.97,0.07,-0.94,1.64,-0.24,2.71,-2.12,0.62,0.53,1.13,3.79,-0.42,1.73,0.2,2.15,-0.98,5.05,-0.54,-1.34,-0.2,2.74,-0.87,2.62,-4.2,2.71,2.49,1.35,-0.05,2.3,0.55,0.44,0.05,0.79,0.03,-0.72,0.33,0.3,-0.79,-0.38,-2.2,-2.77,0.37,-2.43,0.08,-1.86,-0.18,0.12,1.38,0.56,1.73,0.12,-0.06,-0.25,2.03,0.73,2.06,2.16,0.26,0.31,-0.61,-0.77,1.27,-0.37,1.05,-0.48,0.18,1.77,1.89,0.87,0.47,0.41
142,97052666,11/3/2025,12:53:45,,,-1.35,-1.08,0.47,0.18,0.15,0.15,0.34,0.53,-0.91,-0.38,-0.5,0.11,1.63,-0.48,-0.15,-1.16,0.07,0.79,-0.65,2.14,-1.52,0.0,-1.94,-0.86,-2.76,0,-0.75,0.92,-0.26,2.1,-2.06,0.65,0.72,1.3,3.21,-0.23,1.21,0.36,1.81,-0.91,5.76,-0.41,-1.25,0.36,2.75,-0.25,2.61,-3.71,2.62,2.58,1.55,0.03,1.89,0.5,-0.16,0.1,0.2,0.15,-0.42,0.4,0.21,-1.04,-0.21,-1.86,-2.34,0.01,-2.4,0.17,-1.67,-0.43,0.7,1.36,0.35,1.77,0.29,-0.13,-0.16,2.41,0.72,1.66,1.52,0.84,-0.03,-0.52,-0.37,1.07,-0.61,1.2,-0.39,0.47,1.64,1.84,1.02,0.93,0.71
143,97069165,11/3/2025,12:56:53,,,-1.29,-1.15,0.41,0.2,0.08,0.27,0.21,0.92,-0.87,-0.37,-0.62,0.07,1.66,-1.01,-0.25,-1.35,-0.19,0.77,-0.64,2.1,-1.73,-0.24,-2.14,-1.09,-3.01,-0.21,-0.75,1.33,-0.29,2.37,-2.08,0.59,0.77,1.17,3.29,-0.18,1.35,0.32,1.84,-0.79,5.48,-0.48,-1.3,0.14,2.59,-0.51,2.41,-3.99,2.45,2.77,1.5,0.05,2.14,0.56,0.07,0.19,0.29,0.25,-0.37,0.11,0.14,-1.21,-0.26,-2.03,-2.23,0.12,-2.44,-0.13,-0.38,-0.05,1.09,0.94,0.06,1.25,0.16,0.14,-0.16,2.13,0.99,1.83,1.56,0.61,-0.24,-0.59,-0.26,1.15,-0.52,1.61,-0.33,0.58,1.48,1.91,1.14,0.82,0.65
144,97057780,11/3/2025,12:57:34,,,-1.7,-1.36,0.51,0.25,-0.1,0.32,0.39,0.67,-0.95,-0.64,-0.57,0.1,1.68,-0.8,-0.54,-1.22,-0.42,0.72,-0.7,2.04,-1.52,-0.37,-1.96,-1.35,-2.78,-0.34,-0.86,1.08,-0.37,2.11,-2.06,0.56,0.6,1.12,3.14,-0.33,1.15,0.22,1.8,-1.02,5.71,-0.54,-1.35,0.23,2.39,-0.36,2.21,-3.84,2.26,2.53,1.37,-0.08,1.85,0.37,-0.12,0.01,0.19,0.04,-0.44,0.08,-0.08,-1.13,-0.09,-1.79,-1.7,0.16,-2.08,0.15,-0.87,-0.31,1.24,0.86,0.32,1.36,-0.01,0.1,-0.26,2.42,0.94,1.57,2.72,0.41,0.1,-0.64,-0.77,1.25,-0.87,1.24,-0.39,0.6,1.68,2.08,1.27,1.09,0.43
145,97052971,11/3/2025,12:58:24,,,-1.19,-0.93,0.56,0.15,0.03,0.27,0.47,0.68,-0.86,-0.62,-0.5,0.11,1.65,-0.87,-0.35,-1.32,-0.23,0.73,-0.75,2.05,-1.63,-0.47,-2.13,-1.14,-2.95,-0.25,-0.79,1.17,-0.19,2.24,-2.02,0.67,0.66,1.2,3.2,-0.22,1.29,0.52,1.7,-0.74,5.53,-0.54,-1.32,0.24,2.45,-0.33,2.32,-3.85,2.39,2.43,1.36,-0.08,1.81,0.82,0.03,0.33,0.3,0.29,-0.38,0.1,0.12,-0.76,0.31,-1.97,-1.71,0.02,-2.18,-0.21,-1.35,1.31,0.43,1.07,0.37,1.23,0.11,0.09,-0.09,2.68,0.55,1.74,2.56,0.51,0.35,-0.55,-0.74,1.53,-1.54,1.1,-0.61,0.33,1.68,1.95,0.86,0.85,0.67
146,97052955,11/3/2025,12:59:22,,,-1.05,-0.86,0.52,0.05,0.21,0.09,0.4,0.67,-0.98,-0.68,-0.79,0.07,1.73,-0.64,-0.43,-1.17,-0.25,0.8,-0.69,2.09,-1.56,-0.52,-1.96,-1.16,-2.72,-0.31,-0.56,1.03,-0.21,1.99,-2.23,0.58,0.67,1.26,3.11,-0.24,1.23,0.41,1.84,-0.91,5.52,-0.49,-1.28,0.2,2.41,-0.33,2.23,-3.84,2.25,2.35,1.52,0.03,1.92,0.54,-0.1,0.03,0.25,0.16,-0.37,0.05,0.04,-1.07,-0.8,-1.8,-2.14,0.07,-1.56,-0.1,-1.8,-0.36,0.41,0.92,0.63,1.18,0.11,0.28,-0.19,2.16, ,1.79,1.92,0.64, , ,-0.36,1.45,-1.39,1.32,-0.63,0.23,1.47,1.78,0.97,0.88,0.79
147,97052930,11/3/2025,13:00:49,,,-1.35,-1.09,0.6,0.13,0,0.26,-0.09,0.31,-0.94,-0.4,-0.59,0.14,1.63,-1.09,-0.47,-1.53,-0.27,0.97,-0.61,2.13,-1.9,-0.35,-2.28,-1.21,-2.16,-0.44,-0.61,1.42,-0.16,2.49,-2.06,0.82,0.7,1.32,3.48,-0.19,1.59,0.47,1.98,-0.77,5.69,-0.42,-1.18,0.02,2.38,-0.46,2.23,-3.88,2.22,2.38,1.49,0.05,2.18,0.68,0.15,0.15,0.64,0.19,-0.22,0.22,0.08,-0.98,-0.35,-2.15,-2.17,0.02,-2.45,-0.15,-1.26,-0.05,-0.13,0.67,-0.21,1.14,0.14,0.18,-0.09,1.91, ,1.99,1.96,0.73, , ,-0.33,1.04,-1.14,1.41,-0.24,0.9,1.72,2.05,1.12,0.86,0.61
148,97047435,11/3/2025,13:03:30,,,-1.6,-1.32,0.46,0.26,-0.03,0.24,-0.13,0.04,-0.83,-0.37,-0.46,0.25,1.71,-1.01,-0.27,-1.59,-0.09,0.88,-0.74,2.06,-1.87,-0.15,-2.24,-1.06,-2.5,-0.15,-0.8,1.39,0.05,2.46,-1.85,0.77,0.69,1.28,3.43,0,1.56,0.77,1.93,-0.55,5.43,-0.44,-1.29,0.07,2.64,-0.49,2.44,-3.9,2.48,2.43,1.5,0.07,2.16,0.94,0.16,0.36,0.6,0.41,-0.37,0.25,0.25,-0.91,-0.1,-2.03,-2.08,-0.05,-2.14,-0.1,-1.24,-0.32,0.56,1.21,0.47,1.28,0.13,-0.06,0.08,2.44,0.79,2.27,2.57,0.93,0.1,-0.24,-0.29,1.55,-1.06,1.79,-0.81,0.34,2.11,1.78,1.11,0.95,0.9
149,97052963,11/3/2025,13:05:42,,,-1.14, ,0.54,0.16, , ,-0.08,0.04,-0.9,-0.42,-0.54,0.15,1.64,-0.92,-0.23,-1.38,-0.07,0.82,-0.65,2.14,-1.73,-0.34,-2.14,-1.03,-2.73,-0.23,-0.8,1.09,-0.3,2.37,-2.1,0.7,0.7,1.26,3.31,-0.23,1.41,0.38,1.81,-0.85,5.67,-0.52,-1.29,0.05,2.57,-0.27,2.42,-3.89,2.37,2.55,1.48,0.08,1.97,0.7,0.08,0.16,0.43,0.16,-0.34,0.24,0.1,-0.86,-0.26,-2.05,-2.15,0.17,-2.31,-0.04,-1.81,0.2,0.01,0.96,0.43,1.37,0.17,0.34,-0.2,2.15,0.6,1.7,1.72,0.62,-0.28,-0.63,-0.64,1.55,-0.88,1.51,-0.28,0.31,1.74,2.01,0.83,0.9,0.67
150,97052948,11/3/2025,13:07:00,,,-1.1,-0.8,0.7,0.1,0.04,0.17,0.1,0.29,-0.86,-0.49,-0.68,0.1,1.46,-0.73,-0.43,-0.96,-0.34,0.68,-0.74,2.07,-1.23,-0.38,-1.75,-1.24,-2.08,-0.42,-0.75,0.72,-0.34,1.87,-2.08,0.61, ,1.09, , ,0.92,0.14,1.32,-1.01,5.55,-0.64,-1.34,0.55,2.38,0.13,2.27,-3.39,2.17,2.4,1.39,-0.05,1.56,0.45,-0.39,-0.11,-0.07,0.02,-0.49,0.13,-0.03,-1.1,-0.38,-1.74,-2.06,-0.12,-1.75,-0.27,-1.17,0.74,1.03,1.03,0.47,1.48,0,0.33,-0.17,2.15,0.59,1.63,1.67,0.58,0.26,-0.5,-0.42,1.25,-1.09,1.4,-0.74,0.21,1.6,1.58,1.01,0.71,0.42
151,97052922,11/3/2025,13:08:19,,,-1.24,-0.98,0.59,0.11,0.2,0.15,0.24,0.46,-0.97,-0.43,-0.53,0.16,1.71,-1.46,-0.25,-1.86,-0.25,0.79,-0.64,2.19,-2.21,-0.15,-2.53,-1.19,-3.07,-0.21,-0.64,1.55,-0.28,2.77,-2.2,0.61,0.64,1.2,3.79,-0.22,1.88,0.14,2.43,-0.96,5.36,-0.44,-1.3,-0.37,2.62,-0.87,2.42,-4.37,2.44,2.4,1.52,0.05,2.55,0.46,0.55,-0.06,0.93,0.04,-0.34,0.47,0.21,-0.94,-0.42,-2.2,-2.12,0.3,-2.25,-0.06,-0.23,0.14,1.85,1.16,0.38,1.48,0.07,0.02,-0.23,2.51,0.56,2.31,2.61,0.65,0.5,-0.93,-0.47,1.02,-0.98,1.27,-0.63,0.38,1.67,1.75,1.14,0.89,0.99
152,97052567,11/3/2025,13:29:39,,,-0.96,-0.65,0.61,0.12,0.18,0.26,0.63,0.9,-0.94,-0.4,-0.56,0.07,1.61,-0.61,-0.34,-1.17,-0.17,0.74,-0.71,2.15,-1.33,-0.27,-1.8,-1.21,-1.62,-0.28,-0.61,0.9,0.0,1.9,-1.9,0.66,0.63,1.2,3,-0.06,1.11,0.71,1.38,-0.56,5.68,-0.63,-1.35,0.51,2.44,-0.03,2.31,-3.41,2.31,2.41,1.43,-0.05,1.66,0.95,-0.33,0.38,0.08,0.45,-0.4,0.09,0.05,-0.97,0.13,-1.63,-1.86,-0.03,-2.13,0,-0.12,-0.62,1.81,1.0,0.28,1.24,0.03,0.13,0.01,2.31,0.35,1.73,2.24,0.88,0.31,-0.44,-0.54,1.51,-1.3,1.5,-0.93,0.35,1.57,1.82,0.78,0.67,0.77
153,97056840,11/3/2025,13:38:38,,,-1.58,-1.3,0.45,0.23,0.21,0.24,0.08,0.4,-0.86,-0.36,-0.62,0.22,1.23,-0.77,-0.38,-1.33,-0.13,0.63,-0.89,1.97,-1.65,-0.15,-2.11,-1.17,-1.93,-0.31,-0.87,1.15,-0.32,2.21,-2.13,0.57,0.48,0.95,3.22,-0.3,1.32,0.28,1.56,-0.8,5.22,-0.72,-1.47,0.12,2.55,-0.14,2.37,-3.61,2.33,2.4,1.18,-0.21,1.84,0.72,-0.08,0.2,0.2,0.23,-0.65,0.18,0.03,-1.1,-0.34,-2.03,-2.07,0.08,-2.49,-0.13,-1.51,-0.86,0.32,1.05,-0.04,1.44,-0.04,0.02,-0.17,2.18,0.37,1.78,2.18,0.71,0.03,-0.49,-1.29,1.12,-1.22,1.24,-0.68,0.35,1.75,1.85,0.77,1.02,0.74
154,97056824,11/3/2025,13:40:15,,,-1.47,-1.25,0.61,0.21,0.12,0.25,0.78,0.86,-0.92,-0.57,-0.53,0.06,1.43,-1.42,-0.24,-2.02,-0.01,1.05,-0.63,2.12,-2.34,-0.17,-2.73,-1.14,-2.45,-0.1,-0.65,1.88,-0.26,2.86,-2.02,0.7,0.74,1.3,3.82,-0.17,1.99,0.51,2.38,-0.81,5.69,-0.38,-1.2,-0.55,2.66,-1.16,2.31,-4.41,2.46,2.49,1.54,0.07,2.63,0.72,0.59,0.18,0.93,0.21,-0.35,0.22,0.18,-0.85,-0.31,-2.32,-2.11,0.14,-2.19,0.04,-1.02,-0.9,0.97,1.06,-0.21,1.31,0.11,0.16,-0.04,2.18, ,2.3,2.56,0.6, , ,-0.88,1.56,-1.18,1.29,-0.62,0.31,1.63,1.81,0.93,0.62,0.62
155,97056832,11/3/2025,13:41:01,,,-1.02,-0.81,0.41,0.15,0.02,0.15,0.7,0.88,-0.82,-0.54,-0.5,0.12,1.56,-1.53,-0.28,-1.88,-0.19,0.97,-0.66,2.16,-2.21,-0.08,-2.7,-1.11,-2.14,-0.14,-0.76,1.79,-0.39,2.76,-2.34,0.62,0.69,1.2,3.82,-0.4,1.91,0.23,2.31,-1,5.43,-0.46,-1.23,-0.45,2.62,-1,2.4,-4.27,2.42,2.39,1.26,-0.01,2.7,0.58,0.52,0.07,0.91,0.06,-0.38,0.33,0.14,-0.9,0.1,-2.42,-2.58,0.04,-2.74,0.02,-1.64,-1.58,0.16,1.28,-0.46,1.47,0.06,0.05,-0.27,2.2, ,2.14,2.35,0.56, , ,-1.08,1.15,-0.75,1.11,-0.14,0.2,1.84,2.2,1.08,0.73,0.3
156,97056956,11/3/2025,13:49:54,,,-1.2,-0.92,0.48,0.13,-0.02,0.16,0.72,0.96,-0.76,-0.48,-0.53,0.04,1.45,-1.28,-0.27,-1.73,-0.02,1,-0.62,2.15,-2.06,-0.11,-2.46,-1.05,-1.99,-0.13,-0.47,1.6,-0.37,2.62,-2.25,0.78,0.67,1.29,3.6,-0.39,1.73,0.31,1.99,-0.96,5.48,-0.42,-1.24,-0.2,2.64,-0.88,2.38,-4.09,2.44,2.56,1.51,0.07,2.26,0.57,0.26,0.01,0.68,0.1,-0.41,0.08,0.22,-0.56,-0.69,-2.05,-1.96,0.08,-2.17,0.07,-1.56,-0.21,0.02,1.17,-0.4,1.44,0.11,0.12,-0.26,2.3,0.85,2.06,2.6,0.41,0.51,-0.82,-0.34,1.57,-1.26,1.21,-0.36,0.25,1.52,1.9,0.59,1.22,0.32
157,97052542,11/3/2025,13:52:25,,,-0.61,-0.26,0.41,0.07,0.13,0.08,-0.34,-0.02,-0.84,-0.39,-0.5,0.25,1.68,-1.31,-0.15,-1.97,0.02,1.1,-0.67,2.17,-2.22,0.12,-2.62,-1.02,-1.59,-0.02,-0.64,1.65,-0.34,2.84,-2.15,0.68,0.72,1.26,3.79,-0.29,1.91,0.29,2.27,-0.96,5.59,-0.45,-1.21,-0.47,2.71,-0.94,2.43,-4.16,2.48,2.53,1.44,0.01,2.5,0.55,0.42,0.03,0.88,0.05,-0.4,0.32,0.29,-0.85,-0.21,-2.25,-2.82,0.11,-2.44,0.16,-1.33,-0.2,0.2,1.25,-0.44,1.41,0.08,0.11,-0.27,2.3,0.1,2.18,2.39,0.58,0.31,-0.8,-0.62,1.64,-0.1,1.29,0.04,0.02,1.37,2.01,0.9,0.81,0.24
158,97056964,11/3/2025,13:58:27,,,-0.77,-0.59,0.35,0.07,0.01,0.13,0.97,1.05,-0.67,-0.55,-0.31,0.07,1.66,-1.1,-0.16,-1.64,0.03,1.01,-0.56,2.17,-2.06,0.07,-2.34,-1.01,-2.17,-0.07,-0.59,1.5,-0.48,2.58,-2.19,0.84,0.87,1.32,3.4,-0.45,1.71,0.03,2.02,-1.08,5.7,-0.49,-1.23,-0.25,2.66,-0.8,2.44,-3.98,2.48,2.42,1.58,0.12,2.28,0.47,0.25,-0.22,0.75,-0.05,-0.28,0.39,0.33,-0.65,-0.11,-2.02,-2.29,0.09,-2.5,-0.04,-1.77,0.07,-0.13,1.27,0.16,1.41,0.05,0.13,-0.33,2.4,0.32,1.94,2.46,0.43,0.05,-0.66,-0.85,1.45,-0.82,1.32,-0.11,0.3,1.54,1.75,0.69,1.21,0.55
159,97056915,11/3/2025,16:01:04,,,-1.35,-1.2,0.51,0.16,0,0.22,0.58,0.68,-0.69,-0.63,-0.47,0.08,1.69,-0.87,-0.53,-1.58,-0.35,1.02,-0.55,2.21,-1.81,-0.36,-2.22,-1.19,-1.88,-0.25,-0.47,1.52,-0.29,2.46,-2.06,0.79,0.72,1.33,3.46,-0.32,1.51,0.19,1.92,-0.98,5.67,-0.4,-1.18,-0.01,2.49,-0.64,2.34,-3.96,2.31,2.69,1.58,0.12,2.12,0.5,0.12,-0.14,0.54,0.02,-0.33,0.07,0,-0.85,-0.21,-2.03,-2.11,0.08,-2.23,-0.08,-1.95,-0.74,0.16,1.11,-0.04,1.2,0.34,0.06,-0.25,2.45,0.95,1.9,1.86,0.44,0.3,-0.65,-0.33,1.46,-1.17,1.11,-0.62,0.33,1.62,1.76,0.48,1.09,0.88
160,97056949,11/3/2025,16:01:44,,,-1.15,-0.93,0.53,-0.06,0.07,0.19,0.64,0.59,-0.64,-0.61,-0.51,0.04,1.63,-1.19,-0.43,-1.76,-0.28,1.18,-0.5,2.22,-2.03,-0.25,-2.46,-1.33,-1.8,-0.36,-0.56,1.6,-0.41,2.63,-2.3,0.91,0.8,1.35,3.62,-0.41,1.78,0.1,2.14,-1.08,5.75,-0.44,-1.17,-0.2,2.47,-0.84,2.23,-4.01,2.26,2.73,1.65,0.12,2.3,0.33,0.29,-0.18,0.77,-0.06,-0.29,0.26,-0.03,-0.75,0.02,-2.25,-2.36,-0.11,-2.49,-0.45,-0.29,-0.34,1.53,1.06,0.2,1.3,0.25,0.0,-0.46,2.76,0.78,1.98,2.56,0.38,0.27,-0.67,-0.52,1.53,-0.81,1.12,-0.38,0.43,1.66,1.81,1.15,0.83,0.83
161,97056097,11/3/2025,16:08:24,,,-1.72,-1.42,0.53,0.2,0.05,0.14,0.41,0.75,-0.68,-0.65,-0.5,0.08,1.66,-1.35,-0.41,-1.93,-0.15,1.07,-0.66,2.16,-2.25,-0.16,-2.56,-1.27,-2.23,-0.27,-0.58,1.77,-0.1,2.92,-1.96,0.86,0.73,1.26,3.84,-0.1,1.93,0.33,2.2,-0.8,5.39,-0.39,-1.21,-0.42,2.53,-1.09,2.21,-4.27,2.34,2.46,1.51,0.1,2.54,0.73,0.52,0.15,1.0,0.17,-0.31,0.26,0.19,-1.16,-0.91,-1.83,-2.26,-0.19,-1.85,-0.13,-1.65,-0.51,0.53,1.09,0.22,1.14,0.25,0.23,-0.12,0.51,0.44,2.28,2.36,-0.26,0.16,-0.82,-0.46,1.38,-1.22,1.12,-0.74,0.45,1.79,1.79,1.17,0.67,0.5
162,97052534,11/3/2025,16:09:03,,,-1.19,-0.9,0.58,0.15,0.05,0.18,0.59,0.91,-0.82,-0.97,-0.54,0.01,1.45,-0.9,-0.31,-1.53,-0.05,0.92,-0.6,2.23,-1.86,-0.14,-2.22,-1.2,-2.23,-0.28,-0.39,1.33,-0.19,2.43,-2.18,0.71,0.83,1.25,3.47,-0.16,1.58,0.34,2.02,-0.84,5.75,-0.45,-1.26,-0.12,2.52,-0.55,2.4,-3.95,2.36,2.42,1.52,0.03,2.24,0.68,0.24,0.1,0.68,0.18,-0.27,0.4,0.03,-0.88,0.07,-2.08,-2.25,-0.29,-2.54,-0.37,-0.93,-0.35,1.22,1.13,0.26,1.25,0.27,0.14,-0.21,2.52,1.02,1.95,2.07,0.51,0.03,-0.53,-0.4,1.3,-0.86,1.15,-0.66,0.46,1.68,1.86,1.14,0.23,0.82
163,97056089,11/3/2025,16:09:50,,,-1.43,-1.25,0.54,0.13,0.09,0.07,0.38,0.7,-0.65,-0.68,-0.55,-0.04,1.41,-0.87,-0.4,-1.55,-0.22,0.93,-0.75,2.13,-1.94,-0.05,-2.25,-1.38,-1.86,-0.34,-0.58,1.35,-0.21,2.49,-2.13,0.74,0.72,1.19,3.52,-0.21,1.64,0.16,1.97,-0.94,5.48,-0.57,-1.29,-0.13,2.44,-0.62,2.28,-3.84,2.17,2.39,1.43,0.02,2.22,0.57,0.23,-0.01,0.67,0.05,-0.35,0.38,0.03,-1.01,-0.12,-1.94,-2.45,-0.23,-2.42,-0.25,-2.31,-0.36,0.35,0.92,0.34,1.3,0.23,0.29,-0.23,2.85,0.85,1.94,2.67,0.56,-0.05,-0.64,-0.49,1.35,-1.03,1.33,-0.65,0.1,1.76,1.58,0.88,0.71,0.66
164,97056063,11/3/2025,16:11:59,,,-1.27,-1.05,0.52,0.01,0.1,0.11,0.38,0.55,-0.7,-0.7,-0.6,-0.01,1.48,-1.13,-0.44,-1.75,-0.26,0.9,-0.74,2.11,-2.11,-0.14,-2.34,-1.36,-2.07,-0.49,-0.5,1.56,-0.4,2.71,-2.07,0.8, ,1.23, , ,1.8,0.12,2.27,-0.98,5.56,-0.53,-1.29,-0.35,2.43,-0.85,2.14,-4.1,2.14,2.59,1.5,0.08,2.35,0.55,0.41,-0.01,0.71,0.0,-0.26,0.35,-0.13,-1.11,-0.25,-2.22,-2.43,-0.07,-2.49,0,-0.56,-0.04,1.34,1.08,0.24,1.04,0.25,0.19,-0.37,2.99,1.12,2.24,2.39,0.4,0.45,-0.93,-0.88,1.18,-0.66,1.26,-0.48,0.53,1.67,1.5,1.01,0.59,0.7
165,97056048,11/3/2025,16:13:20,,,-1.06,-0.8,0.54,0.05,0.11,0.1,0.29,0.72,-0.7,-0.57,-0.49,0.02,1.65,-1.41,-0.48,-2.05,-0.32,0.85,-0.68,2.25,-2.34,-0.35,-2.7,-1.27,-2.74,-0.42,-0.64,1.78,-0.36,3.12,-2.16,0.83,0.76,1.39,3.83,-0.29,2.12,0.29,2.58,-1.03,5.67,-0.45,-1.19,-0.48,2.35,-0.86,2.26,-4.33,2.13,2.58,1.56,0.15,2.6,0.54,0.74,-0.01,1.03,-0.04,-0.23,0.27,0.05,-0.88,-0.02,-2.28,-2.58,-0.5,-2.49,-0.46,-1.6,0.08,0.12,0.83,0.27,1.05,0.28,0.28,-0.4,2.25,0.91,2.13,2.18,0.24,0.29,-0.9,-0.98,1.31,-0.69,1.32,-0.43,0.12,1.76,1.56,0.95,0.44,0.91
166,97056055,11/3/2025,16:17:11,,,-1.15,-0.96,0.57,0.06,0.17,0.15,0.1,0.34,-0.84,-0.5,-0.6,0.15,1.6,-0.87,-0.46,-1.38,-0.32,0.82,-0.71,2.06,-1.68,-0.23,-1.96,-1.37,-1.89,-0.38,-0.58,1.14,-0.29,2.28,-2.04,0.71,0.76,1.18,3.15,-0.07,1.36,0.24,1.72,-0.77,5.52,-0.52,-1.32,0.22,2.38,-0.42,2.2,-3.65,2.12,2.35,1.46,-0.03,1.88,0.66,-0.06,0.12,0.31,0.24,-0.28,0.06,-0.08,-0.72,-0.72,-1.73,-1.96,-0.13,-1.76,-0.23,-0.46,-0.57,1.74,0.84,0.18,1.14,0.07,0.24,-0.17,2.93,1.52,1.75,2.48,0.68,0.26,-0.87,-0.47,1.3,-1.24,1.37,-0.93,0.49,1.34,1.7,0.85,0.45,0.7
167,97056030,11/3/2025,16:19:06,,,-1.43,-1.3,0.57,0.22,0.15,-0.03,-0.18,0.32,-0.8,-0.41,-0.75,0.15,1.52,-0.89,-0.35,-1.45,-0.19,0.9,-0.63,2.17,-1.78,-0.21,-2.12,-1.21,-2.02,-0.24,-0.67,1.26,-0.14,2.48,-1.92,0.76,0.81,1.34,3.4,-0.1,1.53,0.35,1.83,-0.81,5.55,-0.37,-1.16,0.08,2.5,-0.37,2.34,-3.78,2.21,2.41,1.59,0.12,2.03,0.59,0.04,0.08,0.42,0.16,-0.34,0.0,0.11,-0.89,-0.63,-2.06,-2.29,0.18,-1.87,0.29,-1.74,-0.38,-0.01,1.12,0.33,1.24,0.24,0.1,-0.19,2.31,1.15,1.9,1.92,0.68,0.57,-0.62,-0.18,1.58,-1.41,1.29,-0.99,0.25,1.09,1.68,0.46,0.67,0.5
168,97052526,11/3/2025,16:19:53,,,-1.32,-1.15,0.71,0.05,0.21,0.17,0.45,0.62,-0.96,-0.53,-0.68,0.1,1.64,-0.82,-0.52,-1.38,-0.36,0.96,-0.68,2.2,-1.7,-0.24,-2.06,-1.43,-1.46,-0.45,-0.69,1.18,-0.34,2.34,-2.05,0.64,0.81,1.32,3.22,-0.21,1.43,0.23,1.76,-0.94,5.39,-0.41,-1.17,0.14,2.28,-0.4,2.14,-3.54,1.98,2.5,1.51,0.09,1.95,0.58,-0.11,-0.04,0.42,0.15,-0.32,0.33,-0.12,-1.23,0.36,-1.95,-2.15,-0.04,-2.45,-0.52,-1.66,0.21,0.21,1.01,0.45,1.15,0.16,0.21,-0.29,1.88,0.53,1.55,1.4,0.42,0.31,-0.52,-0.27,1.41,-1.09,0.94,-0.73,0.18,1.54,1.65,0.75,0.53,0.68
169,97055990,11/3/2025,16:21:42,,,-0.8,-0.59,0.66,-0.06,0.11,0,-0.02,0.25,-0.78,-0.46,-0.75,0.16,1.56,-1.5,-0.24,-1.91,-0.11,0.91,-0.66,2.13,-2.26,-0.05,-2.58,-1.16,-2.52,-0.22,-0.68,1.62,-0.26,2.86,-2.0,0.71,0.82,1.39,3.84,-0.14,2.0,0.31,2.49,-0.96,5.49,-0.5,-1.25,-0.35,2.55,-0.93,2.38,-4.18,2.34,2.48,1.58,0.08,2.47,0.5,0.55,0.05,0.87,0.09,-0.27,0.31,0.21,-0.88,-0.1,-2.34,-2.33,0.16,-2.79,0.09,-0.58,-0.52,1.7,1.1,0.22,1.31,0.15,0.2,-0.22,2.52,0.62,2.08,2.24,0.41,0.01,-0.73,-0.51,1.27,-1.02,1.31,-0.8,0.38,1.37,1.49,0.37,0.46,0.66
170,97055982,11/3/2025,16:24:43,,,-1.15,-0.93,0.57,0,0.08,0.07,-0.29,-0.08,-0.69,-0.45,-0.65,0.18,1.38,-1.31,-0.28,-1.76,-0.15,0.87,-0.78,1.99,-2.1,-0.04,-2.43,-1.2,-2.1,-0.19,-0.63,1.58,-0.49,2.77,-2.29,0.71,0.69,1.22,3.62,-0.49,1.77,0.1,2.08,-1.07,5.61,-0.54,-1.36,-0.16,2.52,-0.82,2.37,-3.96,2.33,2.5,1.39,-0.03,2.34,0.4,0.2,-0.25,0.61,-0.09,-0.44,0.09,0.19,-1.16,-0.81,-2.15,-2.52,0.03,-2.12,-0.12,-0.9,-0.11,1.11,0.87,0.18,1.28,0.06,0.13,-0.45,2.25,0.46,1.89,2.49,0.34,-0.26,-0.86,-0.84,1.16,-0.62,1.47,-0.74,0.39,1.36,1.73,0.67,0.57,0.78
171,97055891,11/3/2025,16:27:28,,,-1.14,-0.99,0.63,0.03,0.24,0.07,0.46,0.57,-0.86,-0.52,-0.65,0.1,1.48,-1.28,-0.26,-1.72,-0.18,0.69,-0.78,1.94,-2.07,-0.39,-2.3,-0.99,-2.85,-0.2,-0.9,1.55,-0.38,2.73,-2.27,0.55,0.59,1.15,3.5,-0.38,1.71,0.32,2.22,-1.02,5.03,-0.66,-1.35,-0.18,2.55,-0.82,2.31,-4.1,2.37,2.37,1.31, ,2.4,0.36, , ,0.62,-0.01,-0.54,0.16,0.08,-0.75,-0.59,-2.05,-2.3,-0.12,-2.39,-0.28,-0.69,-1.07,1.05,1.0,0.19,1.4,0.1,0.11,-0.36,2.14,0.75,2.21,2.36,0.23,0.19,-0.91,-1.06,1.44,-0.98,1.34,-0.74,0.26,1.22,1.76,0.53,0.6,0.64
172,97055776,11/3/2025,16:33:23,,,-1.34,-1.1,0.61,0.15,0.16,0.13,0.73,1.04,-0.8,-0.6,-0.78,0.03,1.71,-1.02,-0.38,-1.45,-0.32,0.73,-0.68,2.08,-1.85,-0.25,-2.09,-1.05,-2.79,-0.35,-0.74,1.33,-0.3,2.39,-2.14,0.71,0.69,1.23,3.4,-0.25,1.51,0.23,1.98,-0.96,5.61,-0.56,-1.22,0.07,2.51,-0.57,2.27,-3.9,2.33,2.45,1.42,0,2.1,0.45,0.15,-0.07,0.46,0.06,-0.4,0.27,0.03,-0.62,0.19,-2.18,-2.53,-0.05,-2.19,-0.01,-2.04,0.0,0.11,0.9,0.59,1.31,0.21,0.3,-0.27,2.61,1.35,1.88,2.64,0.37,-0.21,-0.9,-0.29,0.79,-0.85,1.33,-0.51,0.51,1.36,1.78,0.73,0.64,0.53
173,97055719,11/3/2025,16:44:07,,,-1.09,-0.82,0.63,0.13,0.22,0.02,-0.14,0.16,-0.94,-0.36,-0.72,0.24,1.78,-0.63,-0.41,-1.16,-0.4,0.86,-0.6,2.04,-1.66,-0.7,-1.81,-1.21,-2.78,-0.33,-0.68,0.97,-0.17,2.14,-2.03,0.59,0.75,1.25,3.14,-0.04,1.28,0.46,2,-0.81,5.54,-0.47,-1.17,0.27,2.38,-0.24,2.32,-3.74,2.28,2.42,1.51,0.03,1.88,0.58,-0.05,0.12,0.25,0.19,-0.24,0.31,0.17,-0.68,-0.14,-1.82,-2.22,-0.18,-2.19,0.24,-1.67,-0.47,0.55,1.12,0.29,1.26,0.12,0.29,-0.03,3.02,0.56,1.88,2.68,0.74,0.13,-0.4,-0.14,1.33,-0.88,1.24,-0.66,0.59,1.54,1.92,0.93,0.63,0.55
174,97055826,11/3/2025,16:54:04,,,-1.02,-0.94,0.49,0.11,0.19,0.27,0.14,0.4,-0.96,-0.48,-0.67,0.24,1.56,-1.01,-0.32,-1.48,-0.31,0.94,-0.76,1.99,-1.73,-0.45,-2.14,-1.12,-1.4,-0.23,-0.56,1.27,-0.14,2.31,-2.07,0.64,0.52,1.14,3.34,-0.06,1.38,0.44,1.67,-0.67,5.21,-0.54,-1.34,0.13,2.53,-0.5,2.29,-3.67,2.62,2.13,1.39,-0.07,1.92,0.85,-0.11,0.21,0.49,0.3,-0.41,0.13,0.04,-0.76,-0.34,-1.87,-2.27,0.0,-2.47,-0.11,-2.11,-0.61,0.07,0.96,0.3,1.22,0.06,0.16,0.01,2.71,0.57,1.96,2.41,0.86,0.06,-0.26,-0.39,1.63,-0.98,1.46,-0.98,0.14,1.71,1.7,0.65,0.61,0.77
175,97056428,11/3/2025,17:04:55,,,-0.84,-0.62,0.59,0.04,0.1,0.04,0.44,0.71,-0.97,-0.82,-0.77,0.16,1.63,-0.97,-0.25,-1.48,-0.27,0.7,-0.81,1.97,-1.93,-0.36,-2.06,-0.9,-2.98,-0.26,-0.9,1.29,-0.21,2.49,-2.11,0.56,0.48,1.17,3.4,-0.24,1.6,0.46,2.02,-0.81,5.37,-0.54,-1.34,-0.01,2.58,-0.77,2.35,-4.02,2.45,2.39,1.35,-0.11,2.17,0.77,0.18,0.1,0.53,0.13,-0.58,0.27,0.05,0.41,-0.25,-2.05,-0.91,0.15,-2.31,-0.18,-2.14,-0.43,-0.14,1.01,0.22,1.27,0.06,0.12,-0.12,2.04,0.47,2.01,2.49,0.75,-0.02,-0.46,-0.62,1.09,-1.39,1.23,-0.71,0.53,1.46,1.99,0.95,0.87,0.77
176,97056394,11/3/2025,17:05:37,,,-1.04,-0.91,0.61,0.01,0.26,-0.26,0.24,0.63,-0.93,-0.49,-0.63,0.1,1.84,-0.93,-0.41,-1.35,-0.3,0.88,-0.5,2.21,-1.76,-0.58,-2.0,-1.12,-2.29,-0.42,-0.6,1.28,-0.21,2.33,-1.98,0.81,0.8,1.39,3.2,-0.07,1.44,0.6,1.78,-0.71,5.71,-0.35,-1.08,0.16,2.39,-0.43,2.28,-3.77,2.23,2.51,1.61,0.15,2.06,0.79,0.03,0.24,0.42,0.29,-0.23,0.3,-0.02,-0.76,0.11,-1.89,-2.55,0.06,-2.61,-0.09,-1.34,-0.38,-0.13,1.03,0.17,1.23,0.18,0.2,-0.13,2.55,1.47,1.91,2.49,0.97,0.47,-0.38,-0.31,1.53,-1.02,1.6,-0.34,0.32,1.34,1.9,0.95,1.33,0.89
177,97056436,11/3/2025,17:09:10,,,-1.17,-0.88,0.64,0.14,0.17,0.22,0.53,0.83,-0.88,-0.53,-0.67,0.11,1.68,-1.0,-0.33,-1.45,-0.22,0.84,-0.61,2.23,-1.83,-0.37,-2.1,-0.93,-2.89,-0.32,-0.49,1.34,-0.36,2.48,-2.3,0.74,0.83,1.32,3.41,-0.32,1.53,0.31,2.08,-0.87,5.51,-0.4,-1.12,-0.07,2.55,-0.76,2.33,-4.06,2.43,2.53,1.55,0.12,2.14,0.63,0.3,0.12,0.53,0.08,-0.3,0.49,0.12,0.16,-0.2,-1.96,-1.43,0.13,-2.21,0.16,-0.15,-0.71,1.34,1.33,-0.36,1.46,0.14,0.15,-0.2,2.32,0.78,2.01,2.28,0.5,0.27,-0.46,-0.28,1.29,-0.74,1.24,-0.48,0.2,1.52,1.82,0.89,1.03,1.15
178,97056402,11/3/2025,17:10:38,,,-0.91,-0.64,0.62,0.04,0.19,0.06,0.15,0.64,-0.92,-0.54,-0.8,0.08,1.66,-0.97,-0.48,-1.49,-0.34,0.84,-0.63,2.11,-1.77,-0.5,-2.08,-1.22,-2.37,-0.43,-0.69,1.47,-0.24,2.5,-2.06,0.64,0.73,1.26,3.32,-0.1,1.45,0.55,2.03,-0.75,5.14,-0.58,-1.18,0.13,2.45,-0.43,2.28,-3.8,2.23,2.38,1.45,0.02,2.12,0.74,0.08,0.13,0.4,0.22,-0.36,0.44,0.05,-0.73,-0.32,-1.81,-2.56,-0.3,-2.34,0.12,-0.77,-0.69,1.16,1.2,0.32,1.4,0.15,0.19,-0.14,2.47,0.84,1.9,2.34,0.57,0.31,-0.69,-0.67,1.37,-0.95,1.4,-0.74,0.14,1.53,1.8,1.16,1.13,0.69
179,97056386,11/3/2025,17:13:22,,,-1.28,-1.04,0.59,0.08,-0.04,0.18,-0.02,0.37,-0.82,-0.5,-0.5,0.15,1.72,-0.87,-0.45,-1.37,-0.42,0.8,-0.68,2.15,-1.66,-0.58,-1.97,-1.31,-2.48,-0.45,-0.9,1.34,-0.14,2.29,-1.83,0.77,0.77,1.27,3.12,-0.01,1.32,0.54,1.74,-0.7,5.45,-0.47,-1.19,0.21,2.38,-0.4,2.16,-3.7,2.25,2.36,1.44,0.04,1.88,0.9,-0.06,0.25,0.41,0.28,-0.31,0.39,-0.01,-1.0,-0.22,-1.73,-2.57,-0.11,-2.22,-0.37,-1.03,0.01,0.97,0.93,0.35,1.14,0.1,0.21,0.03,2.06,0.53,1.8,1.69,1.0,0.4,-0.3,-0.42,1.16,-0.98,1.34,-0.61,0.48,1.04,1.8,0.92,1.02,0.62
180,97056360,11/3/2025,17:14:11,,,-1.34,-1.1,0.68,0.06,0.28,-0.07,-0.01,0.22,-0.81,-0.43,-0.54,0.18,1.35,-0.57,-0.46,-1.16,-0.18,0.8,-0.69,1.96,-1.5,-0.59,-1.87,-1.26,-1.96,-0.45,-0.97,0.99,-0.32,2.07,-2.05,0.52,0.59,1.12,2.95,-0.33,1.17,0.32,1.61,-0.94,5.06,-0.54,-1.24,0.38,2.33,-0.1,2.21,-3.58,2.17,2.39,1.35,-0.04,1.8,0.59,-0.2,-0.03,0.07,0.08,-0.52,0.31,0.07,-1.12,-0.56,-1.63,-1.93,-0.18,-2.13,-0.21,-0.51,-1.04,1.81,1.12,0.61,1.31,0.12,0.01,-0.24,1.97,-0.09,1.58,1.77,0.36,0.18,-0.71,-0.76,1.17,-1.07,1.23,-0.6,0.56,1.47,1.77,0.83,1.06,0.74
181,97056352,11/3/2025,17:14:58,,,-1.34,-1.14,0.59,0.22,-0.04,0.33,0.45,0.67,-0.78,-0.46,-0.59,0.1,1.48,-0.65,-0.29,-1.3,-0.16,0.65,-0.68,1.93,-1.71,-0.51,-2.05,-1.01,-2.66,-0.22,-0.88,1.24,-0.25,2.32,-2.13,0.62,0.65,1.08,2.99,-0.11,1.34,0.25,1.78,-0.8,5.17,-0.58,-1.38,0.16,2.53,-0.46,2.36,-3.89,2.54,2.14,1.26,-0.09,1.74,0.76,0.01,0.08,0.35,0.11,-0.47,0.26,0.24,-1.16,-0.24,-1.71,-2.2,0.18,-1.84,0.19,-2.08,-0.6,-0.14,1.1,-0.28,1.31,0.06,0.22,-0.15,2.08,0.6,1.77,1.99,0.74,0.29,-0.3,-0.23,1.34,-1.35,1.36,-0.71,0.28,1.38,2.09,1.09,1.2,0.64
182,97056303,11/3/2025,17:22:19,,,-1.12,-0.98,0.57,0.02,0.2,0.14,-0.05,0.2,-0.92,-0.47,-0.67,0.16,1.72,-0.9,-0.34,-1.38,-0.26,0.82,-0.65,2.15,-1.73,-0.39,-2.11,-0.98,-2.54,-0.28,-0.8,1.24,-0.26,2.36,-2.0,0.83,0.71,1.36,3.34,-0.1,1.42,0.46,1.9,-0.81,5.61,-0.5,-1.19,0.11,2.56,-0.39,2.39,-3.87,2.39,2.48,1.56,0.12,2.07,0.71,0.07,0.07,0.39,0.14,-0.27,0.38,0.21,-0.6,-0.18,-1.82,-2.6,0.12,-2.24,0.26,0.04,-0.16,1.7,1.14,-0.02,1.29,0.13,0.1,-0.17,2.28,0.78,2.0,2.42,0.68,0.39,-0.62,-0.58,1.56,-1.16,0.95,-0.54,0.53,1.49,1.95,1.1,1.14,0.77
183,97056311,11/3/2025,17:25:10,,,-1.71,-1.37,0.55,0.24,0.08,0.17,-0.03,0.19,-0.87,-0.45,-0.47,0.14,1.53,-0.92,-0.29,-1.44,-0.1,0.91,-0.68,2.15,-1.74,-0.48,-2.06,-1.02,-2.22,-0.26,-0.68,1.28,-0.21,2.34,-2.14,0.86,0.74,1.27,3.27,-0.34,1.45,0.2,1.84,-0.94,5.59,-0.43,-1.16,0.09,2.5,-0.35,2.33,-3.81,2.33,2.41,1.51,0.04,1.85,0.6,0.09,-0.02,0.44,0.02,-0.23,0.37,0.07,-0.8,0.17,-1.73,-2.26,-0.09,-2.17,-0.18,-1.89,-0.33,-0.02,1.16,0.26,1.3,0.14,0.14,-0.29,2.15,0.52,1.8,2.24,0.49,-0.04,-0.58,-0.71,1.39,-0.93,1.4,-0.78,0.3,1.57,1.95,0.82,1.06,0.59
184,97056287,11/3/2025,17:25:51,,,-0.68,-0.53,0.51,0.04,0.16,0.17,-0.03,0.06,-0.81,-0.36,-0.46,0.23,1.65,-1.39,-0.37,-1.89,-0.23,0.77,-0.69,2.01,-2.2,-0.49,-2.57,-1.04,-2.88,-0.29,-0.82,1.73,-0.21,2.87,-2.06,0.68,0.75,1.22,3.86,-0.13,1.88,0.56,2.35,-0.75,5.14,-0.58,-1.28,-0.28,2.49,-1.02,2.26,-4.29,2.38,2.53,1.4,-0.1,2.46,0.76,0.26,0.12,0.8,0.25,-0.38,0.24,0.13,-0.38,-0.18,-2.28,-2.26,0.25,-2.77,0.08,-1.85,-1.23,0.04,1.08,-0.29,1.32,0.16,0.05,-0.19,1.76,0.26,2.34,2.38,0.75,0.48,-0.41,-0.61,1.47,-1.47,1.37,-0.65,0.37,1.8,1.88,0.91,1.27,0.79
185,97055743,11/3/2025,17:26:37,,,-1.16,-0.97,0.6,0.13,0.08,0.28,0.59,0.86,-0.85,-0.55,-0.63,0.08,1.72,-1.33,-0.41,-1.78,-0.41,0.92,-0.6,2.21,-2.09,-0.66,-2.36,-1.13,-3.03,-0.31,-0.48,1.56,-0.21,2.73,-2.26,0.68,0.76,1.33,3.73,-0.14,1.75,0.42,2.31,-0.88,5.47,-0.41,-1.21,-0.18,2.37,-0.84,2.25,-4.19,2.38,2.44,1.63,0.14,2.55,0.57,0.49,0.11,0.79,0.17,-0.26,0.19,0.03,-0.92,0.28,-2.1,-2.67,-0.06,-2.34,-0.48,-1.44,-0.63,0.34,1.0,-0.08,1.25,0.18,0.39,-0.11,1.71,0.65,2.39,2.46,0.68,0.1,-0.54,-0.46,1.64,-0.81,1.01,-0.49,0.09,1.46,1.73,1.01,1.39,0.82
186,97056261,11/3/2025,17:27:18,,,-1.71,-1.63,0.54,0.14,0.01,0.36,0.03,0.11,-0.87,-0.43,-0.6,0.14,1.68,-0.83,-0.47,-1.31,-0.41,0.68,-0.71,1.94,-1.74,-0.68,-1.96,-1.14,-2.72,-0.45,-0.73,1.19,-0.5,2.24,-2.35,0.6,0.66,1.17,3.26,-0.36,1.39,0.35,1.86,-0.94,5.12,-0.73,-1.33,0.15,2.31,-0.47,2.13,-3.81,2.2,2.44,1.34,-0.07,2.07,0.53,0.11,-0.09,0.31,0.06,-0.41,0.37,0,-0.92,0.16,-1.77,-2.09,-0.26,-2.22,-0.42,-1.05,-0.82,1.53,1.08,0.4,1.39,0.01,0.23,-0.26,1.64,0.9,1.6,1.42,0.4,0.17,-0.62,-0.05,1.11,-1.6,0.96,-1.31,0.4,1.76,1.88,0.66,1.15,1.29
187,97056295,11/3/2025,17:28:43,,,-0.79,-0.48,0.6,0.06,0.2,0.1,-0.03,0.29,-0.91,-0.35,-0.61,0.2,1.19,-0.86,-0.44,-1.37,-0.22,0.87,-0.68,1.99,-1.79,-0.76,-2.06,-1.18,-2.8,-0.39,-0.76,1.22,-0.31,2.28,-2.11,0.59,0.67,1.21,3.25,-0.29,1.45,0.44,1.95,-0.92,5.19,-0.51,-1.22,0.13,2.35,-0.49,2.15,-3.86,2.22,2.42,1.46,-0.03,2.17,0.52,0.16,0.04,0.51,0.14,-0.33,0.37,0.01,0.06,-0.3,-1.61,-0.61,0.07,-1.85,-0.15,-1.83,0.14,0.35,1.14,0.51,1.35,0.05,0.0,-0.23,1.75,0.55,1.48,1.4,0.59,-0.11,-0.46,-0.63,1.34,-0.79,1.38,-0.53,0.22,1.22,2.08,1.2,1.04,0.36
188,97052492,11/3/2025,17:48:50,,,-0.78,-0.42,0.55,0.11,0.23,0.14,0.08,0.25,-0.86,-0.43,-0.53,0.23,1.53,-1.4,-0.19,-2.03,-0.06,0.94,-0.69,2.14,-2.21,-0.34,-2.66,-0.9,-2.2,-0.13,-0.73,1.77,-0.5,2.82,-2.25,0.61,0.71,1.2,3.83,-0.4,1.94,0.27,2.34,-1,5.34,-0.49,-1.14,-0.41,2.59,-0.78,2.41,-4.16,2.43,2.55,1.42,-0.04,2.62,0.47,0.52,-0.01,0.84,-0.01,-0.31,0.37,0.26,-0.33,0.14,-2.39,-2.63,0.02,-2.49,-0.13,-0.37,-0.94,1.42,1.27,0.14,1.27,0.13,0.05,-0.4,1.93,0.91,2.16,2.05,0.33,0.13,-0.84,-0.27,1.19,-0.42,1.42,-0.47,0.53,1.61,1.7,0.99,1.17,0.69
189,97056782,11/3/2025,17:54:03,,,-1.01,-0.45,0.52,0.14,0.18,0.13,0.38,0.48,-0.81,-0.49,-0.5,0.15,1.47,-1.18,-0.17,-1.59,-0.04,0.93,-0.67,2.17,-1.83,-0.36,-2.26,-0.99,-2.12,-0.17,-0.67,1.44,-0.33,2.49,-2.07,0.71,0.61,1.24,3.53,-0.2,1.54,0.48,1.95,-0.84,5.51,-0.43,-1.17,-0.03,2.63,-0.57,2.52,-3.87,2.37,2.33,1.46, ,2.09,0.72, , ,0.52,0.11,-0.39,0.39,0.19,-0.68,-0.54,-2.03,-2.57,0.05,-2.47,-0.03,-1.39,-0.5,0.16,1.31,-0.11,1.41,0.14,0.11,-0.17,2.18,0.13,2.31,2.42,0.7,0.29,-0.55,-0.47,1.25,-1.18,1.24,-0.74,0.42,1.47,1.88,1.0,1.18,0.65
190,97056766,11/3/2025,17:56:30,,,-0.64,-0.57,0.62,0.01,0.08,0.09,0.12,0.53,-0.87,-0.52,-0.54,0.09,1.59,-1.41,-0.2,-1.72,-0.06,1.19,-0.63,2.21,-2.1,0.03,-2.46,-1.26,-1.23,-0.06,-0.66,1.68,-0.26,2.56,-2.15,0.82,0.72,1.23,3.66,-0.19,1.8,0.35,1.97,-0.84,5.59,-0.38,-1.19,-0.31,2.61,-0.77,2.39,-3.84,2.32,2.25,1.45,0.01,2.26,0.75,0.31,0.16,0.84,0.06,-0.29,0.24,0.2,0.19,-0.6,-2.03,-1.34,0.31,-2.34,0.42,-2.04,-0.09,-0.04,1.12,0.18,1.33,0.12,0.23,-0.17,1.59,0.62,2.1,2.32,0.57,0.42,-0.47,-0.25,1.37,-1.09,1.23,-0.38,0.22,1.45,1.94,1.16,1.26,0.79
191,97056741,11/3/2025,17:59:12,,, ,-0.64, , ,0.21,0.19,0.61, ,-0.79,-0.49, , ,1.63,-0.98,-0.21,-1.57,-0.22, ,-0.66,2.25,-1.88,-0.09,-2.31,-1.1, , ,-0.75,1.49,-0.21,2.45,-2.16, ,0.66,1.23,3.5,-0.12,1.64,0.24, , ,5.91,-0.38,-1.2,-0.12,2.57,-0.57,2.46,-3.82,2.34,2.16,1.44,0.06,2.0,0.76,0.15,0.07,0.8,0.07, ,0.38, ,-0.9, ,-1.99,-1.95,0.19, , ,-1.5,0.23,0.22,1.25,-0.12,1.36, ,0.08, ,2.0, ,1.99,2.24,0.61, , ,-0.25,1.32,-1.29,1.13,-0.24,0.13,0.94,2.38,1.12,1.05,0.74
192,97056758,11/3/2025,18:14:03,,,-1.22,-0.95,0.57,0.2,0.27,0.09,0.36,0.61,-1.01,-0.44,-0.5,0.15,1.5,-1.05,-0.31,-1.5,-0.11,1.09,-0.65,2.29,-1.71,-0.07,-2.09,-1.29,-1.52,-0.24,-0.58,1.26,-0.31,2.32,-2.23,0.85,0.7,1.34,3.22,-0.37,1.49,0.36,1.73,-0.92,5.62,-0.42,-1.13,0.15,2.47,-0.45,2.3,-3.58,2.19,2.48,1.49,0.05,1.99,0.7,-0.08,-0.02,0.5,0.05,-0.23,0.39,0.08,0.04,-0.29,-2.0,-1.6,0.12,-2.36,0.29,-2.29,0.14,-0.11,1.09,0.28,1.43,0.16,-0.02,-0.29,1.89,0.39,1.81,2.15,0.2,0.62,-0.6,-0.33,0.94,-0.5,1.42,-0.55,0.47,1.51,2.28,0.92,1.13,0.7
193,97056725,11/3/2025,18:14:50,,,-1.24,-0.94,0.46,0.2,-0.03,0.15,0.66,0.84,-0.57,-0.56,-0.37,0.08,1.55,-0.77,-0.3,-1.23,-0.2,0.88,-0.66,2.17,-1.65,-0.26,-1.84,-1.05,-2.31,-0.33,-0.62,1.22,-0.19,2.2,-2.02,0.77,0.82,1.37,3.15,-0.15,1.38,0.46,1.86,-0.87,5.32,-0.52,-1.15,0.3,2.53,-0.3,2.35,-3.7,2.38,2.53,1.63,0.09,2.04,0.56,-0.04,-0.02,0.34,0.07,-0.37,0.07,0.16,-1.23,-0.68,-1.57,-1.5,-0.01,-1.66,-0.08,-0.03,-0.29,2.47,0.93,0.71,1.15,0.23,0.08,-0.18,1.37,0.76,1.53,1.35,0.59,0.19,-0.61,-0.04,1.3,-1.45,1.12,-0.86,0.54,1.52,1.92,0.49,1.28,1.03
194,97056733,11/3/2025,18:15:31,,,-0.91,-0.66,0.52,0.07,0.16,-0.17,0.62,0.9,-0.69,-0.49,-0.42,0.06,1.83,-1.17,-0.45,-1.75,-0.36,1.25,-0.5,2.29,-2.1,-0.32,-2.25,-1.29,-1.55,-0.45,-0.5,1.62,-0.4,2.63,-2.17,0.93,0.84,1.42,3.67,-0.27,1.82,0.18,2.09,-0.99,5.57,-0.26,-0.98,-0.27,2.34,-0.79,1.99,-3.88,2.09,2.7,1.62,0.15,2.39,0.54,0.28,-0.09,0.83,-0.02,-0.17,0.53,-0.03,-0.75,-0.02,-2.05,-2.58,-0.31,-2.38,-0.18,-1.88,-0.88,0.33,1.01,-0.21,1.26,0.25,-0.08,-0.22,1.66,1.01,1.86,1.97,0.19,0.39,-0.68,-0.2,1.5,-0.76,1.18,-0.68,0.22,1.25,2.25,1.21,1.27,0.89
195,97056410,11/3/2025,18:16:12,,,-1.02,-0.79,0.71,0.09,0.28,0.08,0.01,0.21,-1.01,-0.48,-0.73,0.2,1.77,-0.95,-0.39,-1.48,-0.4,0.93,-0.64,2.18,-1.8,-0.29,-2.2,-1.32,-1.95,-0.41,-0.85,1.24,-0.06,2.39,-1.93,0.68,0.55,1.18,3.44,-0.12,1.47,0.41,1.81,-0.73,5.39,-0.46,-1.21,0.0,2.38,-0.45,2.26,-3.73,2.08,2.32,1.4,-0.06,1.98,0.87,0.03,0.14,0.62,0.18,-0.38,0.24,0.04,-0.96,-0.29,-1.85,-2.15,-0.15,-2.19,0.05,-1.03,-0.61,1.57,1.11,0.59,1.23,0.08,0.15,-0.01,1.61,0.25,1.64,1.66,0.45,0.07,-0.34,-0.66,1.15,-0.98,1.72,-0.75,0.58,1.55,2.51,0.42,1.12,0.75
196,97056527,11/3/2025,18:24:04,,,-1.02,-0.91,0.5,0.08,0,0.05,0.36,0.72,-0.67,-0.57,-0.54,0.13,1.64,-1.08,-0.23,-1.44,-0.15,0.83,-0.67,2.1,-1.78,-0.28,-2.19,-1.17,-2.08,-0.2,-0.61,1.21,0.0,2.37,-2.02,0.65,0.71,1.28,3.42,-0.22,1.49,0.43,1.9,-0.83,5.75,-0.49,-1.33,0.16,2.55,-0.58,2.36,-3.87,2.34,2.45,1.51,0.04,2.1,0.66,0.04,0.12,0.51,0.19,-0.18,0.43,0.05,-0.57,-0.25,-1.85,-2.28,-0.03,-2.14,-0.24,-1.61,-0.4,0.59,1.07,0.55,1.33,-0.02,0.13,-0.08,1.78,0.5,1.9,2.18,0.64,-0.45,-0.48,-1.09,1.27,-0.88,1.42,-0.7,0.49,1.4,2.1,1.09,0.99,0.65
197,97056501,11/3/2025,18:27:57,,,-0.98,-0.94,0.35,0.12,0.07,0.11,0.38,0.83,-0.71,-0.55,-0.59,0.14,1.76,-1.26,-0.04,-1.71,-0.01,0.98,-0.5,2.2,-2.11,-0.32,-2.45,-0.84,-2.79,-0.04,-0.56,1.44,-0.36,2.55,-2.21,0.64,0.83,1.4,3.71,-0.33,1.75,0.4,2.32,-1.01,5.64,-0.39,-1.14,-0.28,2.65,-0.94,2.49,-4.18,2.47,2.64,1.63,0.11,2.53,0.35,0.39,-0.06,0.81,0.02,-0.26,0.35,0.22,1.03,-0.59,-2.26,-0.92,0.46,-2.19,0.58,-1.55,-0.24,0.39,1.44,0.71,1.63,0.26,0.08,-0.23,2.07,0.63,2.16,2.71,0.6,0.26,-0.64,-0.75,1.35,-0.15,1.36,-0.53,0.11,1.51,2.27,0.68,1.27,0.81
198,97056477,11/3/2025,18:28:48,,,-1,-0.67,0.68,0.15,0.12,0.25,0.48,0.8,-0.99,-0.47,-0.71,0.07,1.71,-0.56,-0.33,-1.04,-0.23,0.74,-0.72,2.11,-1.42,-0.29,-1.83,-1.11,-2.02,-0.35,-0.8,0.83,-0.19,1.81,-1.99,0.56,0.62,1.16,3.03,-0.24,1.14,0.35,1.52,-0.89,5.79,-0.54,-1.34,0.44,2.46,-0.23,2.31,-3.59,2.22,2.23,1.36,-0.03,1.86,0.64,-0.23,0.02,0.18,0.12,-0.3,0.15,0.17,-0.87,-0.36,-1.66,-2.05,-0.12,-1.9,-0.22,-1.44,0.2,0.67,1.03,0.51,1.12,-0.03,0.26,-0.21,2.43,0.81,1.66,2.47,0.74,0.48,-0.4,-0.6,1.32,-1.41,1.37,-1.16,0.32,1.75,1.83,0.35,0.92,0.65
199,97056485,11/3/2025,18:29:29,,,-0.91,-0.59,0.57,-0.01,0.17,0.07,0.26,0.52,-0.91,-0.53,-0.64,0.17,2.02,-1.02,-0.28,-1.33,-0.45,0.92,-0.69,2.02,-1.87,-0.45,-2.16,-1.26,-2.5,-0.23,-0.59,1.2,-0.27,2.31,-2.23,0.65,0.62,1.17,3.4,-0.16,1.45,0.28,1.93,-0.83,5.29,-0.49,-1.23,0.03,2.49,-0.69,2.2,-3.95,2.23,2.19,1.37,-0.04,2.06,0.69,0.1,0.05,0.51,0.12,-0.34,0.25,0.04,-0.81,-0.19,-1.96,-2.38,0.03,-2.31,0.1,-1.82,-0.27,0.32,0.87,0.24,1.34,0.11,0.19,-0.18,2.08,0.7,1.73,2.3,0.44,0.13,-0.65,-0.7,1.08,-0.59,1.52,-0.55,0.66,1.48,1.84,1.21,1.06,0.9
200,97056451,11/3/2025,18:31:04,,,-1.1,-0.88,0.38,0.07,0.31,0.07,0.77,1.13,-0.88,-0.49,-0.54,0.02,1.51,-1.11,-0.37,-1.6,-0.27,0.72,-0.8,2.07,-1.91,-0.34,-2.3,-1.17,-2.87,-0.25,-0.99,1.28,-0.19,2.36,-1.88,0.58,0.56,1.16,3.48,-0.19,1.6,0.27,2.02,-0.95,5.26,-0.55,-1.37,-0.07,2.39,-0.68,2.3,-4.06,2.28,2.37,1.36,-0.13,2.24,0.61,0.29,-0.02,0.63,0.1,-0.41,0.04,-0.09,-0.99,-0.29,-1.98,-2.1,0.18,-2.13,0.12,-0.18,-0.35,1.61,1.11,0.37,1.26,0.01,0.17,-0.13,1.87,0.6,1.93,1.76,0.38,-0.08,-0.56,-0.74,1.16,-1.0,1.25,-0.77,0.46,1.6,2.2,0.62,1.1,0.53
201,97056444,11/3/2025,18:32:57,,,-1.07,-0.95,0.45,0.04,0.21,0.15,0.32,0.72,-0.9,-0.63,-0.54,0.06,1.69,-0.68,-0.36,-1.27,-0.32,0.84,-0.67,2.18,-1.59,-0.3,-1.96,-0.98,-2.62,-0.29,-0.88,1.07,-0.22,2.17,-2.1,0.52,0.66,1.22,3.27,-0.28,1.28,0.4,1.8,-1,5.51,-0.49, ,0.19,2.56,-0.24,2.37, , ,2.56,1.49,0.04,1.98,0.48,0,0,0.37,0.12,-0.31,0.2,0.01,-1.09,0.15,-1.79,-2.14,0.03,-1.94,0.15,-0.67,-0.71,1.32,1.13,0.27,1.34,0.15,0.21,-0.19,1.54,0.95,1.76,1.45,0.74,0.13,-0.58,-0.55,1.33,-0.57,1.48,-0.67,0.49,1.59,1.77,0.69,0.84,0.39
202,97055552,11/3/2025,18:39:59,,,-1.05,-0.88,0.72,0.17,0.28,-0.03,0.58,0.89,-0.73,-0.4,-0.52,0.08,1.58,-0.91,-0.34,-1.48,-0.18,0.98,-0.64,2.04,-1.78,-0.21,-2.18,-0.98,-1.88,-0.32,-0.68,1.27,-0.29,2.44,-2.05,0.79,0.69,1.25,3.44,-0.51,1.5,0.19,1.92,-1.02,5.24,-0.47,-1.2,0.08,2.53,-0.4,2.29,-3.75,2.29,2.59,1.46,0.1,2.14,0.55,0.22,-0.05,0.52,0.04,-0.42,0.27,0.09,-0.85,-0.16,-1.88,-1.83,0.11,-2.05,0.14,-1.13,0.03,0.68,1.18,0.31,1.38,0.2,0.04,-0.34,2.07,0.42,1.83,1.72,0.45,0.38,-0.51,-0.49,1.04,-1.43,0.95,-0.69,0.29,1.54,1.81,0.94,0.8,0.59
203,97055693,11/3/2025,18:43:07,,,-1.02,-0.97,0.52,-0.06,0.25,0.21,0.35,0.83,-0.88,-0.49,-0.59,0.09,1.53,-0.84,-0.41,-1.4,-0.3,0.83,-0.73,2.09,-1.81,-0.51,-2.15,-1.21,-2.26,-0.34,-0.79,1.23,-0.19,2.43,-1.89,0.8,0.54,1.21,3.56,-0.24,1.46,0.48,1.95,-0.78,5.6,-0.46,-1.25,0.11,2.42,-0.49,2.29,-3.89,2.24,2.55,1.54,0.1,2.09,0.65,0.16,0.09,0.58,0.26,-0.38,0.16,0,-1.05,0.34,-1.84,-1.73,-0.08,-2.2,-0.13,-1.77,-0.33,0.13,0.85,0.3,1.24,0.17,0.32,-0.16,1.9,0.28,2.01,1.85,0.67,0.43,-0.48,-0.59,1.04,-1.39,1.17,-0.89,0.32,1.08,1.39,0.72,0.94,0.81
204,97055685,11/3/2025,18:45:09,,,-1.19,-1.01,0.46,0.11,-0.14,0.32,0.49,1.03,-0.75,-0.46,-0.45,0.07,1.9,-0.71,-0.23,-1.12,-0.1,1.03,-0.46,2.33,-1.43,-0.17,-1.95,-0.97,-2.33,-0.06,-0.28,1.03,-0.32,2.08,-2.18,0.91,0.93,1.35,3.22,-0.39,1.13,0.15,1.73,-1.02,5.73,-0.35,-1.03,0.45,2.6,-0.26,2.6,-3.78,2.47,2.66,1.64,0.33,1.84,0.46,-0.1,-0.12,0.33,0.03,-0.2,0.31,0.26,0.43,0,-1.82,-0.99,0.23,-1.9,0.34,-1.61,0.39,0.04,1.19,0.17,1.44,0.39,0.01,-0.36,2.2,1.14,1.72,1.77,0.46,0.31,-0.52,-0.4,1.69,-1.21,1.29,-0.62,0.55,1.62,1.7,0.96,1.2,0.54
205,97055602,11/3/2025,18:46:37,,,-1.05,-0.87,0.59,0.05,0.29,0.09,0.46,0.75,-0.78,-0.46,-0.59,0.08,1.54,-0.58,-0.38,-1.29,-0.14,0.8,-0.66,2.16,-1.56,-0.56,-1.94,-1.27,-2.51,-0.32,-0.64,0.96,-0.24,2.18,-1.99,0.73,0.74,1.24,3.25,-0.29,1.26,0.3,1.95,-0.93,5.68,-0.52,-1.24,0.4,2.4,-0.28,2.42,-3.74,2.31,2.55,1.55,0.09,1.94,0.41,0.03,-0.04,0.33,0.11,-0.32,0.12,0.08,-1.01,-0.22,-1.85,-2.48,-0.18,-2.36,-0.19,-1.46,-0.06,0.48,1.06,0.25,1.19,0.18,0.25,-0.27,1.99,0.26,1.83,2.31,0.54,-0.01,-0.5,-0.61,0.94,-1.01,1.22,-0.73,0.52,1.09,1.53,0.53,1.13,0.75
206,97055594,11/3/2025,18:48:23,,,-0.87,-0.48,0.67,-0.03,0.35,-0.24,0.38,0.54,-0.85,-0.44,-0.66,0.18,1.66,-1.17,-0.26,-1.62,-0.27,0.67,-0.73,2.05,-1.99,-0.43,-2.46,-1.05,-3.26,-0.28,-0.84,1.36,-0.31,2.59,-2.16,0.59,0.55,1.06,3.71,-0.49,1.64,0.28,2.34,-0.91,5.41,-0.58,-1.33,-0.1,2.51,-0.77,2.47,-4.32,2.43,2.63,1.37,-0.04,2.42,0.43,0.48,0,0.69,0.15,-0.48,0.19,0.2,-1.0,0.26,-2.23,-2.69,-0.05,-2.36,0,-1.8,0.09,0.14,0.97,0.16,1.44,0.18,0.23,-0.4,2.01,0.62,2.27,2.19,0.47,0.13,-0.71,-0.72,0.98,-0.32,1.29,-0.62,0.23,1.14,1.47,0.48,1.01,0.47
207,97047658,11/3/2025,18:51:58,,,-1.29,-1.07,0.73,0.25,0.14,0.24,0.11,0.44,-0.81,-0.35,-0.53,0.17,1.36,-0.94,-0.27,-1.52,-0.16,0.68,-0.78,2.01,-1.72,-0.34,-2.2,-1.12,-2.25,-0.15,-0.91,1.28,-0.18,2.42,-1.86,0.6,0.57,1.0,3.4,-0.24,1.37,0.44,1.88,-0.75,5.49,-0.69,-1.39,0.12,2.54,-0.41,2.46,-3.9,2.38,2.58,1.25,-0.09,2.03,0.74,0.15,0.16,0.48,0.3,-0.59,0.3,0.17,-1.04,0.19,-2.0,-2.39,-0.15,-2.19,0.02,-2.09,-0.64,0.16,1.16,0.31,1.51,0.18,0.23,-0.19,1.7,0.75,1.87,2.01,0.78,0.65,-0.52,-0.9,1.11,-0.87,1.41,-0.46,0.65,1.67,1.61,0.68,0.85,0.43
208,97055610,11/3/2025,19:07:57,,,-1.33,-1.08,0.8,0.08,-0.02,0.35,0.82,1.02,-0.74,-0.53,-0.5,0.08,1.45,-1.14,-0.27,-1.7,0.01,0.8,-0.71,1.97,-2.12,-0.38,-2.4,-1.15,-2.23,-0.11,-0.66,1.47,0.04,2.59,-1.86,0.9,0.64,1.09,3.64,0.04,1.67,0.46,2.12,-0.59,5.5,-0.6,-1.32,-0.23,2.53,-0.83,2.37,-4.17,2.41,2.34,1.41,0.04,2.22,0.85,0.33,0.33,0.86,0.41,-0.36,0.24,0.27,-0.8,-0.57,-2.0,-2.36,-0.02,-1.88,0.08,-1.66,0.08,0.4,1.1,0.38,1.44,0.25,0.21,0,1.98,0.68,2.04,2.0,0.77,0.28,-0.43,-0.38,1.21,-1.55,1.25,-0.57,0.45,1.74,1.44,0.86,0.98,0.75
209,97052799,11/3/2025,19:10:24,,,-0.94,-0.84,0.4,0.06,0.08,-0.18,0.36,0.5,-0.7,-0.59,-0.48,0.15,1.57,-0.94,-0.36,-1.69,-0.32,0.82,-0.7,2.03,-2.14,-0.42,-2.5,-1.09,-2.81,-0.2,-0.51,1.46,0.07,2.57,-1.92,0.75,0.74,1.14,3.67,-0.09,1.63,0.52,2.17,-0.68,5.58,-0.46,-1.28,-0.15,2.48,-0.98,2.32,-4.26,2.36,2.48,1.44,0.06,2.32,0.79,0.37,0.31,0.72,0.37,-0.29,0.26,0.14,-1.09,-0.48,-2.09,-2.41,-0.04,-1.84,0.32,-1.83,0.03,0.07,1.02,0.5,1.19,0.29,0.3,-0.1,1.96,0.81,2.05,2.01,0.62,0.34,-0.23,-0.5,1.12,-1.17,1.34,-0.54,0.38,1.61,1.75,1.0,1.08,0.73
210,97052781,11/3/2025,19:11:36,,,-0.9,-0.71,0.6,-0.01,0.32,0.08,0.26,0.34,-0.83,-0.5,-0.6,0.2,1.59,-1.49,-0.23,-1.94,-0.16,0.8,-0.77,1.93,-2.44,-0.3,-2.69,-1.01,-3.08,-0.14,-0.9,1.74,-0.21,2.88,-1.87,0.69,0.4,1.1,3.81,-0.32,2.06,0.36,2.56,-0.87,5.15,-0.58,-1.36,-0.5,2.59,-1.38,2.28,-4.6,2.38,2.47,1.32,-0.03,2.61,0.74,0.71,0.07,1.1,0.22,-0.47,0.24,0.18,-0.76,-0.4,-2.32,-2.73,0.01,-2.14,-0.17,-1.69,-0.66,0.11,1.25,0.17,1.33,0.2,0.02,-0.27,1.87,0.25,2.52,2.23,0.44,0.17,-0.66,-0.44,0.99,-0.93,0.94,-0.43,0.21,1.14,1.83,1.41,0.79,0.41
211,97055677,11/3/2025,19:18:13,,,-1.09,-1.02,0.49,0.17,-0.06,0.31,0.65,0.74,-0.65,-0.32,-0.42,0.19,1.09,-0.71,-0.27,-1.3,0.0,0.69,-0.8,1.99,-1.66,-0.27,-2.05,-1.04,-1.93,-0.23,-0.79,1.15,-0.12,2.26,-1.9,0.5,0.64,1.15,3.16,-0.27,1.38,0.54,1.94,-0.8,5.31,-0.72,-1.44,0.23,2.55,-0.36,2.43,-3.77,2.37,2.42,1.33,-0.09,2.03,0.62,-0.04,0.13,0.34,0.21,-0.65,0.48,0.33,-0.84,-0.6,-1.91,-2.42,-0.12,-2.09,0.01,-2.19,-0.43,0.22,1.0,1.03,1.46,0.34,0.08,-0.15,2.46,0.66,2.01,2.68,0.78,-0.46,-0.54,-0.62,0.86,-0.69,1.1,-0.4,0.62,1.35,1.8,1.04,0.71,0.71
212,97055644,11/3/2025,19:21:13,,,-1.05,-0.92,0.53,-0.04,0.22,0.13,0.82,1.02,-0.93,-0.55,-0.53,0.04,1.75,-0.82,-0.57,-1.41,-0.47,0.94,-0.53,2.21,-1.77,-0.46,-2.18,-1.57,-2.09,-0.42,-0.44,1.23,-0.22,2.32,-2.11,0.79,0.87,1.28,3.45,-0.24,1.43,0.46,1.84,-0.79,5.95,-0.48,-1.18,0.15,2.28,-0.64,2.18,-3.86,2.08,2.5,1.56,0.14,2.1,0.71,0.04,0.1,0.59,0.21,-0.22,0.05,-0.17,-0.9,0.39,-2.06,-2.59,-0.36,-2.59,-0.3,-1.75,0.07,0.84,1.08,0.43,1.26,0.27,0.27,-0.15,2.03,0.6,1.84,1.88,0.53,0.07,-0.43,-0.62,1.32,-0.79,1.49,-0.39,0.5,1.79,1.38,-0.32,0.72,0.56
213,97055628,11/3/2025,19:21:53,,,-1.09,-0.83,0.69,0.02,0.08,0.24,0.83,1.23,-0.81,-0.52,-0.57,0.04,1.7,-1.21,-0.23,-1.71,-0.09,0.84,-0.55,2.15,-2.09,-0.29,-2.46,-1.11,-2.81,-0.17,-0.52,1.47,-0.17,2.62,-2.11,0.7,0.74,1.2,3.71,-0.24,1.73,0.39,2.21,-0.78,5.59,-0.51,-1.27,-0.29,2.54,-0.94,2.44,-4.27,2.39,2.44,1.36,0.08,2.38,0.71,0.43,0.09,0.86,0.21,-0.32,0.36,0.22,-1.03,-0.68,-2.01,-2.04,0.15,-1.65,0.38,-1.25,-0.73,0.2,1.35,-0.07,1.51,0.19,0.11,-0.13,1.48,0.32,2.14,1.73,0.47,0.23,-0.52,-0.48,0.93,-0.17,1.28,-0.4,0.4,1.48,2.04,1.2,1.03,0.56
214,97052757,11/3/2025,19:25:48,,,-0.85,-0.56,0.76,0.08,0.24,-0.03,0.36,0.52,-0.86,-0.46,-0.6,0.15,1.63,-0.65,-0.42,-1.2,-0.32,0.9,-0.56,2.1,-1.46,-0.69,-1.87,-1.09,-2.66,-0.35,-0.52,0.89,-0.25,2.05,-1.93,0.89,0.83,1.25,3.19,-0.13,1.07,0.28,1.62,-0.91,5.7,-0.5,-1.19,0.43,2.43,-0.09,2.34,-3.76,2.28,2.62,1.52,0.17,1.81,0.58,-0.18,-0.04,0.17,0.13,-0.32,0.02,-0.11,-0.86,-0.29,-1.8,-2.23,-0.16,-1.91,-0.35,-1.67,0.42,-0.05,0.84,0.52,1.22,0.29,0.26,-0.12,1.84,0.75,1.81,1.43,0.54,0.12,-0.53,-0.44,1.08,-1.72,1.17,-0.76,0.39,1.09,1.61,0.73,1.13,0.64
215,97060149,11/3/2025,19:46:36,,,-1.52,-1.33,0.54,0.14,0.17,-0.04,0.4,0.45,-0.75,-0.5,-0.59,0.14,1.4,-0.88,-0.42,-1.58,-0.08,1.1,-0.57,2.08,-1.87,-0.42,-2.15,-1.11,-1.49,-0.23,-0.67,1.23,-0.38,2.48,-2.16,0.77,0.63,1.22,3.3,-0.39,1.52,0.25,1.9,-1.04,5.35,-0.48,-1.18,-0.05,2.49,-0.52,2.28,-3.89,2.28,2.59,1.42,0.04,2.12,0.53,-0.02,-0.13,0.55,-0.04,-0.32,0.32,0.08,-0.14,-0.11,-1.83,-1.18,0.06,-1.7,0.1,-0.64,0.19,1.35,1.15,1.0,1.17,0.26,0.15,-0.41,1.87,0.47,1.91,1.95,0.0,0.21,-0.71,-0.46,1.22,-1.39,1.28,-0.68,0.09,1.51,1.74,0.92,1.43,0.81
216,97060198,11/3/2025,19:51:57,,,-1.31,-1.03,0.61,0.12,0.16,0.22,0.51,0.6,-0.8,-0.55,-0.54,0.11,1.74,-0.78,-0.32,-1.31,-0.26,0.9,-0.56,2.22,-1.63,-0.35,-2.14,-1.29,-1.85,-0.39,-0.59,1.02,-0.35,2.15,-2.04,0.84,0.81,1.17,3.14,-0.35,1.28,0.26,1.7,-0.92,5.84,-0.5,-1.21,0.22,2.4,-0.42,2.29,-3.74,2.21,2.43,1.49,0.07,1.82,0.6,-0.02,-0.01,0.44,0.04,-0.22,0.04,0.06,-0.72,-0.08,-1.71,-1.74,0.05,-1.74,0.02,-0.61,0.32,1.27,0.82,0.62,1.17,0.17,0.35,-0.27,1.84,0.58,1.66,1.62,0.4,0.14,-0.66,-0.31,1.31,-0.72,1.31,-0.28,0.31,1.54,1.74,0.54,1.29,0.91
217,97060131,11/3/2025,19:55:03,,,-1.1,-0.84,0.51,0.19,0.03,0.28,0.59,0.82,-0.68,-0.61,-0.4,0.05,1.43,-1.44,-0.15,-2.1,0.15,1.16,-0.47,2.18,-2.45,-0.33,-2.73,-0.9,-2.41,-0.04,-0.69,1.77,-0.43,2.93,-1.98,0.8, ,1.35, , ,2.07,0.33,2.41,-1.03,5.24,-0.37,-1.12,-0.53,2.64,-1.16,2.36,-4.47,2.48,2.55,1.57,0.13,2.6,0.57,0.66,-0.02,1.13,0.06,-0.22,0.37,0.26,-0.59,-0.15,-2.37,-2.71,-0.09,-2.47,0.01,-1.78,-0.39,0.13,1.13,0.67,1.37,0.37,0.09,-0.33,2.06,1.09,2.2,2.12,0.33,0.01,-0.68,-0.3,1.32,-0.3,1.15,-0.22,0.43,1.21,1.73,0.9,1.05,0.68
218,97060040,11/3/2025,20:00:20,,,-1.34,-1.02,0.46,0.25,-0.06,0.36,0.7,1.09,-0.72,-0.71,-0.46,-0.07,1.67,-1.07,-0.27,-1.69,-0.14,0.89,-0.68,2.12,-2.14,-0.25,-2.26,-0.82,-2.58,-0.16,-0.64,1.51,-0.54,2.49,-2.5,0.75,0.59,1.25,3.43,-0.69,1.77,0.17,2.21,-1.14,5.41,-0.47,-1.23,-0.26,2.62,-0.71,2.41,-4.27,2.47,2.46,1.48,0.13,2.36,0.36,0.41,-0.26,0.73,-0.19,-0.3,0.5,0.25,-0.72,-0.34,-2.15,-2.66,0.11,-2.51,0.38,-1.48,-0.35,0.43,1.28,0.59,1.42,0.15,0.11,-0.51,1.49,0.85,1.85,1.76,0.29,-0.31,-0.98,-0.65,1.15,-0.64,1.2,-0.59,0.2,1.49,1.75,0.5,1.14,1.02
219,97055578,11/3/2025,20:01:02,,,-1.49,-1.36,0.53,0.24,0.15,0.21,0.12,0.5,-0.94,-0.42,-0.57,0.12,1.6,-0.56,-0.54,-1.15,-0.38,0.99,-0.62,2.07,-1.6,-0.46,-1.78,-1.27,-1.98,-0.41,-0.61,0.84,-0.09,1.98,-2.11,0.69,0.61,1.23,2.79,-0.13,1.21,0.53,1.55,-0.7,5.28,-0.46,-1.19,0.27,2.34,-0.26,2.15,-3.72,2.17,2.45,1.51,0.11,1.83,0.86,-0.15,0.19,0.28,0.28,-0.32,0.25,-0.07,-1.2,-0.78,-1.57,-1.82,-0.1,-0.93,-0.18,-1.55,0.26,0.35,0.92,0.32,1.19,0.2,0.31,-0.04,2.41,0.75,1.41,1.92,0.64,0.37,-0.33,-0.47,1.29,-1.79,1.55,-0.91,0.4,1.53,1.55,0.62,1.16,0.79
220,97059968,11/3/2025,20:16:32,,,-1.71,-1.46,0.59,0.21,0.05,0.41,-0.14,0.37,-0.85,-0.37,-0.52,0.14,1.45,-0.53,-0.39,-1.13,-0.13,0.74,-0.64,2.01,-1.44,-0.55,-1.86,-0.89,-2.72,-0.27,-0.76,0.92,-0.26,1.95,-1.98,0.63,0.61,1.12,2.89,-0.18,1.04,0.39,1.43,-0.86,5.43,-0.63,-1.3,0.44,2.46,-0.07,2.44,-3.76,2.37,2.29,1.36,-0.05,1.69,0.66,-0.21,0.09,0.07,0.15,-0.53,0.02,0.17,-1.15,-0.08,-1.76,-1.71,0.19,-1.94,0.09,-1.74,-0.27,0.39,1.09,0.42,1.24,0.09,0.29,-0.11,2.21,0.29,1.57,1.59,0.9,0.28,-0.7,-0.37,1.27,-1.22,1.46,-0.81,0.06,1.68,1.6,0.83,1.04,0.72
221,97059950,11/3/2025,20:19:36,,,-1.14,-0.94,0.62,0.07,0.2,0.09,0.07,0.55,-0.83,-0.45,-0.64,0.14,1.5,-0.95,-0.4,-1.66,-0.19,0.92,-0.66,2.05,-2.02,-0.52,-2.27,-1.0,-2.67,-0.29,-0.73,1.32,-0.28,2.53,-2.1,0.85,0.67,1.2,3.32,-0.22,1.61,0.39,2.06,-0.82,5.68,-0.52,-1.24,-0.18,2.46,-0.58,2.31,-4.17,2.32,2.48,1.45,0,2.14,0.72,0.22,0,0.55,0.17,-0.39,-0.15,0.08,-0.06,-0.68,-2.17,-0.86,0.31,-2.12,0.35,-0.09,0.9,1.47,1.01,0.32,1.32,0.17,0.21,-0.26,1.75,0.93,2.13,1.77,0.68,0.25,-0.42,-0.38,1.45,-0.85,1.55,-0.84,0.42,1.58,1.4,0.46,1.11,0.77
222,97060271,11/3/2025,20:20:38,,,-1.22,-1.18,0.24,0.14,0.05,0.11,0.27,0.62,-0.87,-0.7,-0.61,0.11,1.64,-1.04,-0.32,-1.5,-0.14,0.99,-0.5,2.11,-1.92,-0.52,-2.21,-1.01,-2.77,-0.2,-0.69,1.27,-0.17,2.48,-1.99,0.71,0.67,1.24,3.22,-0.17,1.53,0.44,2.02,-0.78,5.46,-0.46,-1.19,-0.1,2.48,-0.6,2.33,-4.18,2.4,2.44,1.45,0.05,2.16,0.77,0.11,0.06,0.58,0.22,-0.37,-0.07,0.12,-0.99,-0.05,-2.15,-2.09,0.04,-2.09,-0.28,-1.48,-0.3,-0.05,1.05,0.37,1.18,0.14,0.24,-0.12,1.72,1.2,2.0,1.72,0.46,0.77,-0.46,-0.35,1.22,-1.29,1.05,-1.09,0.34,1.45,1.6,0.77,1.2,0.61
223,97060289,11/3/2025,20:21:25,,,-1.52,-1.53,0.21,0.17,-0.01,0.22,0.12,0.46,-0.83,-0.51,-0.53,0.04,1.48,-0.9,-0.4,-1.45,-0.16,0.82,-0.62,2.02,-1.83,-0.54,-2.18,-1.06,-3.02,-0.34,-0.83,1.26,-0.47,2.36,-2.14,0.66,0.54,1.14,3.3,-0.33,1.42,0.14,1.86,-1.04,5.38,-0.61,-1.29,0.08,2.42,-0.45,2.35,-4.07,2.32,2.34,1.33,0.02,2.17,0.54,0.13,-0.16,0.47,-0.05,-0.48,0.05,0.07,-0.94,-0.51,-2.03,-2.58,-0.1,-2.13,-0.16,-1.63,0.47,0.44,1.18,0.62,1.17,0.09,0.2,-0.28,1.68,1.11,1.76,2.04,0.4,0.14,-0.7,-0.66,1.46,-0.87,1.37,-0.88,0.16,1.7,1.95,0.83,0.75,0.61
224,97060263,11/3/2025,20:23:47,,,-1.57,-1.41,0.33,0.23,-0.06,0.32,0.4,0.63,-0.75,-0.55,-0.47,0.06,1.46,-1.49,-0.25,-1.97,-0.05,0.82,-0.69,1.96,-2.44,-0.33,-2.64,-0.9,-3.55,-0.18,-0.83,1.87,-0.14,2.79,-2.11,0.63,0.69,1.25,3.67,-0.26,2.02,0.49,2.51,-0.87,5.12,-0.64,-1.3,-0.47,2.52,-1.19,2.29,-4.66,2.48,2.46,1.43,0,2.71,0.65,0.68,0.09,0.95,0.16,-0.59,0.33,0.15,-0.91,0.02,-2.57,-2.75,0.05,-2.43,0.12,-2.06,-0.38,0.28,1.19,0.15,1.38,0.25,0.27,-0.15,1.84,0.37,2.08,2.28,0.64,-0.36,-0.3,-0.37,1.49,-0.96,1.4,-1.07,0.54,1.55,1.75,0.55,1.28,0.63
225,97060255,11/3/2025,20:38:36,,,-1.61,-1.36,0.47,0.34,0.07,0.29,0.73,0.96,-0.74,-0.56,-0.48,0.04,1.22,-1.15,-0.29,-1.54,0.03,0.81,-0.75,1.87,-1.99,-0.18,-2.28,-0.97,-2.37,-0.14,-1.02,1.43,0.01,2.48,-1.77,0.57,0.63,1.18,3.28,0.01,1.64,0.74,2.06,-0.62,4.94,-0.61,-1.32,-0.09,2.56,-0.74,2.39,-4.14,2.45,2.45,1.31,-0.1,2.31,0.86,0.25,0.32,0.5,0.34,-0.59,0.4,0.02,-1.12,-0.39,-1.94,-2.46,0.13,-2.02,-0.05,-1.95,-0.58,0.3,1.14,0.73,1.52,0.25,0.1,-0.03,2.19,0.43,1.9,1.69,0.66,-0.04,-0.3,-0.28,1.15,-0.91,1.44,-1.2,0.65,0.95,1.64,1.03,1.06,0.42
226,97060222,11/3/2025,20:43:09,,,-1.81,-1.48,0.34,0.24,-0.12,0.3,0.66,0.97,-0.72,-0.65,-0.4,0.02,1.71,-0.5,-0.29,-1.43,-0.1,0.87,-0.6,2.12,-1.81,-0.37,-2.12,-0.9,-3.07,-0.15,-0.87,1.25,-0.27,2.29,-2.06,0.74,0.74,1.31,3.15,-0.23,1.42,0.63,1.95,-0.84,5.56,-0.5,-1.19,0.13,2.62,-0.43,2.5,-4.16,2.52,2.53,1.47,0.09,2.01,0.69,0.06,0.08,0.39,0.21,-0.31,0.24,0.06,-0.55,-0.75,-1.99,-2.33,0.11,-1.84,-0.03,-1.92,-0.74,0.2,0.99,-0.05,1.28,0.26,0.23,-0.2,1.55,0.62,1.86,1.6,0.48,0.2,-0.39,-0.55,1.43,-1.23,1.1,-0.8,0.15,1.07,1.64,1.08,1.13,0.9
227,97060230,11/3/2025,20:47:13,,,-1.69,-1.67,0.51,0.28,0.01,0.25,0.15,0.51,-0.77,-0.48,-0.49,0.17,1.58,-1.12,-0.34,-1.75,-0.1,0.92,-0.63,2.07,-2.12,-0.36,-2.41,-1.03,-2.74,-0.19,-0.65,1.57,-0.25,2.66,-2.07,0.77,0.68,1.22,3.41,-0.22,1.71,0.28,2.11,-0.89,5.22,-0.52,-1.23,-0.2,2.53,-0.79,2.33,-4.26,2.43,2.34,1.46,0.08,2.32,0.66,0.36,-0.02,0.7,0.07,-0.36,0.29,0,-0.87,-0.07,-2.23,-2.81,-0.01,-2.61,-0.17,-0.45,-0.24,1.41,1.19,0.4,1.45,0.21,0.24,-0.17,2.38,1.17,1.98,2.3,0.67,0.14,-0.63,-0.17,1.39,-0.75,1.4,-0.72,0.39,1.51,1.8,0.94,0.93,1.04
228,97056618,11/3/2025,20:50:34,,,-0.99,-0.81,0.51,0.08,0.12,0.01,0.51,0.93,-0.83,-0.56,-0.57,0.01,1.44,-1.0,-0.35,-1.55,-0.26,1.04,-0.68,2.12,-1.94,-0.45,-2.23,-1.29,-2.08,-0.38,-0.72,1.32,-0.26,2.41,-2.01,0.79,0.72,1.25,3.34,-0.19,1.57,0.28,1.92,-0.88,5.61,-0.49,-1.18,-0.13,2.36,-0.61,2.19,-3.98,2.2,2.34,1.43,0.05,2.16,0.71,0.19,0,0.7,0.1,-0.3,0.17,-0.04,-0.9,-0.01,-2.16,-2.32,-0.24,-2.61,-0.43,-1.86,-0.09,0.4,1.01,0.11,1.37,0.11,0.36,-0.16,1.91,0.87,1.66,1.79,0.73,0.32,-0.59,-0.57,1.31,-0.63,1.38,-0.36,0.28,1.85,1.66,0.92,0.9,0.56
229,97056592,11/3/2025,20:51:46,,,-1.03,-0.79,0.63,0.11,0.28,0.06,0.38,0.9,-0.83,-0.49,-0.53,0.08,1.51,-0.94,-0.3,-1.38,-0.19,0.84,-0.75,2.09,-1.74,-0.5,-2.14,-1.14,-2.2,-0.35,-0.77,1.11,-0.07,2.32,-1.75,0.72,0.6,1.06,3.34,-0.03,1.33,0.2,1.7,-0.65,5.46,-0.59,-1.29,0.1,2.43,-0.32,2.25,-3.88,2.24,2.25,1.35,0.02,1.98,0.81,0.02,0.28,0.33,0.31,-0.47,-0.03,0.02,-0.87,0.17,-1.81,-1.93,-0.19,-2.68,-0.37,-0.91,-0.23,1.05,1.04,0.0,1.16,0.08,0.3,0.12,2.36,0.62,1.85,1.82,0.77,0.55,-0.25,-0.49,1.42,-1.65,1.42,-0.67,0.27,1.7,1.83,0.49,1.06,0.88
230,97056568,11/3/2025,21:00:17,,,-1.29,-1.07,0.46,0.11,0.1,0.03,0.6,0.8,-0.77,-0.57,-0.57,0.02,1.49,-0.88,-0.34,-1.39,-0.22,0.83,-0.77,2.01,-1.64,-0.46,-2.1,-1.19,-2.08,-0.27,-1.0,1.15,-0.13,2.2,-1.89,0.66,0.55,1.13,3.35,-0.14,1.33,0.31,1.7,-0.85,5.59,-0.59,-1.31,0.12,2.47,-0.33,2.31,-3.83,2.32,2.4,1.38,-0.09,1.9,0.69,-0.09,0.1,0.23,0.05,-0.5,0.17,0.07,-1.11,-0.88,-1.9,-1.77,-0.22,-1.79,-0.04,-1.89,-0.95,0.05,0.87,-0.79,1.01,0.08,0.26,-0.14,2.27,1.08,1.89,2.81,0.63,0.04,-0.76,-0.7,0.97,-0.73,1.05,-0.39,0.03,1.49,1.86,0.99,0.89,0.11
231,97056535,11/3/2025,21:00:58,,,-1.26,-0.94,0.54,0.16,0.17,0.26,0.09,0.48,-0.93,-0.39,-0.58,0.14,1.64,-0.72,-0.29,-1.26,-0.12,0.96,-0.61,2.2,-1.56,-0.31,-1.93,-1.0,-1.99,-0.18,-0.78,1.01,-0.23,2.07,-2.0,0.78,0.77,1.28,3.28,-0.15,1.25,0.46,1.57,-0.8,5.7,-0.47,-1.13,0.14,2.62,-0.18,2.5,-3.72,2.43,2.56,1.49,0.03,1.87,0.71,-0.15,0.17,0.28,0.2,-0.32,0.14,0.13,-1.04,0.17,-1.64,-1.87,0.47,-2.12,0.11,-1.37,0.58,0.74,0.98,-0.12,1.22,0.24,0.31,-0.1,1.8,0.68,1.74,1.43,0.79,0.42,-0.57,-0.23,1.41,-1.38,1.27,-0.5,0.09,1.79,1.76,0.81,1.17,0.81
232,97058481,11/3/2025,21:04:21,,,-1.71,-1.29,0.47,0.31,0,0.5,-0.32,-0.11,-0.84,-0.3,-0.52,0.27,1.47,-0.83,-0.1,-1.54,0.2,0.95,-0.61,2.21,-1.91,-0.11,-2.22,-0.76,-2.67,0.02,-0.52,1.26,-0.07,2.3,-1.95,0.88,0.76,1.37,3.37,-0.06,1.59,0.49,1.99,-0.71,5.07,-0.43,-1.11,0.04,2.76,-0.47,2.61,-4.05,2.64,2.66,1.59,0.19,2.12,0.78,0.25,0.22,0.59,0.18,-0.38,0.55,0.35,0.84,-0.2,-1.82,-0.05,0.43,-1.74,0.51,-1.78,-0.52,0.45,1.33,0.57,1.57,0.34,0.19,-0.02,1.65,0.62,1.95,1.98,0.6,0.32,-0.23,-0.34,1.17,-1.25,1.26,-0.68,0.44,1.8,1.66,0.66,0.61,0.61
233,97058440,11/3/2025,21:32:51,,,-1.7,-1.38,0.38,0.28,0.05,0.37,-0.66,-0.28,-0.85,-0.26,-0.6,0.31,1.68,-0.94,-0.24,-1.53,-0.1,0.88,-0.61,2.12,-1.85,-0.33,-2.25,-1.17,-2.36,-0.19,-0.68,1.28,-0.09,2.48,-1.92,0.75,0.68,1.08,3.42,0.09,1.46,0.17,1.93,-0.71,5.5,-0.44,-1.21,-0.05,2.53,-0.55,2.34,-3.91,2.3,2.37,1.45,0.02,2.03,0.66,0.09,0.12,0.5,0.17,-0.38,0.4,0.24,-0.85,-0.38,-2.0,-2.38,0.02,-2.11,0.37,-1.16,-0.11,0.87,1.07,0.1,1.29,0.22,0.51,-0.02,1.87,0.44,1.86,2.09,0.89,1.06,-0.45,-0.56,1.39,-1.38,1.18,-0.52,-0.1,1.53,1.92,1.12,0.76,0.34
234,97056584,11/3/2025,21:38:31,,,-0.89,-0.65,0.56,0.03,0.33,0.07,0.85,1.18,-0.93,-0.65,-0.66,0.05,1.42,-0.71,-0.43,-1.22,-0.28,1.01,-0.73,2.11,-1.75,-0.35,-1.87,-1.18,-2.37,-0.31,-0.78,0.99,-0.23,2.03,-2.03,0.63,0.65,1.21,3.07,-0.14,1.35,0.52,1.79,-0.84,5.27,-0.37,-1.14,0.11,2.4,-0.47,2.27,-3.92,2.34,2.47,1.47,0,1.98,0.69,0.05,0,0.44,0.25,-0.47,0.06,-0.01,-1.2,-0.21,-1.69,-1.78,-0.09,-1.91,-0.37,-1.55,-0.77,1.35,1.16,0.12,1.13,0.09,0.31,-0.21,1.82,0.21,1.58,1.64,0.34,0.16,-0.88,-1.02,1.22,-1.22,1.53,-0.51,0.07,2.07,1.9,0.92,0.72,0.54
235,97056683,11/3/2025,21:39:12,,,-1.48,-1.34,0.38,0.21,0,0.44,0.43,0.6,-0.79,-0.48,-0.49,0.16,1.87,-1.17,-0.29,-1.61,-0.29,0.81,-0.76,2.01,-1.98,-0.36,-2.36,-0.97,-3.11,-0.24,-0.5,1.64,-0.11,2.53,-2.0,0.65,0.78,1.05,3.62,-0.06,1.48,0.21,2.04,-0.79,5.46,-0.47,-1.32,-0.12,2.51,-0.75,2.3,-4.18,2.3,2.57,1.38,0.02,2.17,0.69,0.25,0.05,0.42,0.27,-0.42,0.03,0.15,-0.83,-0.13,-1.92,-2.16,0.11,-1.56,0.18,-1.65,0.1,0.38,1.02,0.19,1.21,0.19,0.32,-0.15,1.71,0.89,2.06,2.26,0.57,0.39,-0.65,-0.35,0.89,-1.28,1.46,-0.54,0.54,1.03,1.9,1.02,1.15,0.63
236,97056691,11/3/2025,21:42:16,,,-1.37,-1.17,0.48,0.24,0.16,0.02,-0.01,0.29,-0.86,-0.37,-0.58,0.19,1.77,-1.33,-0.31,-1.82,-0.35,0.71,-0.7,2.02,-1.84,-0.26,-2.53,-1.1,-2.33,-0.25,-0.63,1.7,-0.26,2.7,-1.99,0.65,0.76,0.94,3.82,0.05,1.38,0.23,1.87,-0.83,5.5,-0.58,-1.4,0.0,2.47,-0.56,2.38,-3.95,2.33,2.54,1.3,-0.13,2.2,0.61,0.15,0.2,0.25,0.29,-0.34,0.39,0.15,-0.85,0.02,-2.09,-2.24,0.29,-2.34,0.17,-1.57,0.07,0.11,1.27,0.48,1.33,0.13,0.11,-0.17,1.48,0.49,2.15,2.23,0.48,-0.12,-0.51,-0.72,1.38,-0.32,1.73,-0.67,0.38,1.4,1.96,1.16,1.17,0.55
237,97056642,11/3/2025,21:50:54,,,-1.16,-0.91,0.57,0.19,0.15,0.25,-0.06,0.23,-0.85,-0.22,-0.7,0.21,1.91,-1.21,-0.08,-1.64,-0.22,1,-0.77,2.15,-2.02,-0.33,-2.44,-0.91,-1.93,-0.18,-0.69,1.66,-0.17,2.63,-1.87,0.76,0.62,1.17,3.61,-0.08,1.66,0.26,2,-0.8,5.86,-0.35,-1.2,-0.17,2.52,-0.75,2.32,-4.01,2.28,2.38,1.47,-0.04,2.24,0.72,0.27,0.11,0.75,0.12,-0.31,0.36,0.24,-1.09,-0.97,-2.06,-2.16,0.18,-1.85,0.6,-1.55,-0.54,0.27,1.31,0.03,1.43,0.14,0.13,-0.08,1.68,0.16,2.46,2.43,0.7,0.64,-0.55,-0.3,1.14,-1.11,1.2,-0.85,0.44,1.42,2.52,1.18,0.74,0.4
238,97056626,11/3/2025,21:54:18,,,-0.53,-0.45,0.59,-0.04,0.25,-0.16,0.59,0.9,-0.8,-0.64,-0.5,0.03,1.81,-1.02,-0.07,-1.37,-0.13,0.81,-0.76,2.11,-1.71,-0.27,-2.09,-1.0,-2.08,-0.28,-0.82,1.26,-0.36,2.31,-2.11,0.58,0.63,1.16,3.37,-0.32,1.37,0.27,1.88,-1.08,5.57,-0.53,-1.28,0.07,2.49,-0.4,2.31,-3.86,2.24,2.51,1.37,-0.06,2.14,0.37,-0.02,-0.15,0.18,0.0,-0.44,-0.01,0.19,-0.97,-0.31,-1.88,-2.26,0.17,-1.54,-0.01,-1.4,0.01,0.42,1.14,0.53,1.2,0.16,0.17,-0.27,2.06,0.67,2.18,2.29,0.3,0.66,-0.82,-0.34,1.54,-1.15,1.05,-1.0,0.11,1.73,1.87,0.93,1.02,0.79
239,97059356,11/3/2025,21:54:58,,,-1.49,-1.2,0.5,0.18,0.21,0.24,-0.41,-0.03,-0.9,-0.37,-0.59,0.29,1.51,-0.88,-0.39,-1.34,-0.23,0.71,-0.88,2.05,-1.61,-0.37,-2.04,-1.11,-2.25,-0.41,-0.88,1.11,-0.24,2.21,-2.04,0.43,0.5,0.94,3.25,-0.12,1.27,0.24,1.69,-0.93,5.24,-0.68,-1.39,0.22,2.26,-0.32,2.19,-3.67,2.07,2.37,1.23,-0.19,2.02,0.53,-0.05,-0.07,0.22,0.08,-0.58,0.1,-0.02,-1.21,-0.73,-1.87,-2.16,-0.16,-1.94,-0.31,-1.99,-0.55,0.54,1.02,0.4,1.33,0.01,0.11,-0.06,1.74,0.75,1.62,1.42,0.77,0.44,-0.61,-0.81,0.9,-1.01,1.27,-0.59,0.56,1.66,1.16,0.63,1.1,0.61
240,97059323,11/3/2025,21:55:38,,,-1.26,-0.88,0.45,0.14,0.12,0.26,0.13,0.54,-0.73,-0.19,-0.62,0.2,1.53,-1.18,-0.43,-1.7,-0.27,0.82,-0.7,1.98,-2.04,-0.61,-2.36,-1.0,-2.7,-0.39,-0.72,1.55,-0.1,2.53,-1.89,0.72,0.65,1.05,3.57,-0.12,1.61,0.3,2.07,-0.76,5.25,-0.59,-1.32,-0.17,2.28,-0.66,2.17,-4.19,2.18,2.64,1.45,0.1,2.24,0.68,0.25,0.11,0.54,0.17,-0.46,-0.11,-0.07,-1.3,-0.58,-2.09,-2.16,-0.07,-2.08,-0.16,-1.79,-0.39,0.48,0.93,0.14,1.1,0.23,0.1,0.03,2.32,0.62,2.05,2.68,0.66,0.41,-0.18,-0.99,1.39,-1.65,1.3,-0.73,0.51,1.7,1.36,0.54,0.82,0.3
241,97059349,11/3/2025,21:57:19,,,-1.4,-1.16,0.54,0.22,0.05,0.31,-0.03,0.13,-0.74,-0.41,-0.61,0.24,1.75,-1.1,-0.33,-1.54,-0.32,0.63,-0.75,2.07,-1.83,-0.39,-2.38,-1.12,-2.98,-0.3,-0.79,1.52,-0.24,2.47,-2.01,0.56, ,0.98, , ,1.5,0.23,1.91,-0.91,5.64,-0.66,-1.38,-0.01,2.44,-0.59,2.36,-4.08,2.22,2.33,1.29,-0.14,2.23,0.59,0.26,-0.01,0.36,0.08,-0.52,0.11,0.16,-1.32,-0.3,-2.26,-2.59,0.15,-2.15,0.23,-1.64,-0.6,0.44,1.24,0.55,1.43,0.1,0.14,-0.09,1.82,0.53,1.98,1.47,0.62,0.33,-0.79,-0.55,1.24,-0.31,1.45,-0.43,0.16,1.66,1.93,1.25,0.94,0.69
242,97059331,11/3/2025,22:01:35,,,-1.3,-1.02,0.46,0.17,-0.02,0.14,-0.11,0.18,-0.77,-0.5,-0.49,0.19,1.47,-1.18,-0.18,-1.77,-0.08,0.72,-0.73,2.08,-2.02,-0.17,-2.51,-0.98,-2.47,-0.2,-0.6,1.54,-0.43,2.79,-2.27,0.54,0.48,0.98,3.78,-0.34,1.7,-0.11,2.14,-1.09,5.18,-0.66,-1.36,-0.21,2.57,-0.69,2.4,-4.13,2.3,2.13,1.21,-0.13,2.28,0.35,0.36,-0.17,0.74,-0.1,-0.49,0.25,0.28,-1.09,-0.34,-2.24,-2.4,0.11,-2.19,0.11,-2.02,-0.67,-0.21,1.03,0.38,1.45,0.08,0.08,-0.25,1.4,0.68,2.22,2.23,0.43,0.4,-0.86,-0.37,1.04,-0.35,1.17,-0.75,0.4,1.57,1.98,0.91,1.19,0.55
243,97059315,11/3/2025,22:02:17,,,-0.92,-0.67,0.66,0.03,0.17,0,0.29,0.51,-0.87,-0.53,-0.63,0.17,1.82,-0.91,-0.41,-1.36,-0.35,0.84,-0.75,2.21,-1.56,-0.35,-2.14,-1.16,-1.66,-0.41,-0.71,1.23,-0.11,2.33,-1.95,0.6,0.58,1.01,3.36,-0.05,1.3,0.29,1.69,-0.89,5.74,-0.52,-1.19,0.11,2.39,-0.2,2.22,-3.68,2.08,2.29,1.32,-0.06,2.06,0.61,-0.01,0.01,0.39,0.12,-0.42,0.08,-0.02,-1.05,-0.28,-1.91,-2.45,-0.08,-1.92,-0.22,-1.77,-0.2,0.13,1.2,0.37,1.24,0.09,0.1,-0.02,1.58,0.99,1.97,1.79,0.93,0.19,-0.55,-0.3,0.95,-1.31,1.03,-0.82,0.31,1.67,1.94,0.65,0.97,0.74
244,97059281,11/3/2025,22:03:56,,,-0.74,-0.55,0.67,-0.01,0.11,-0.07,0.57,0.92,-0.95,-0.82,-0.56,0.05,1.75,-1.35,-0.28,-1.68,-0.24,0.94,-0.63,2.25,-2.08,-0.38,-2.48,-1.03,-2.53,-0.39,-0.55,1.63,-0.31,2.76,-2.12,0.78,0.67,1.1,3.81,-0.13,1.73,0.01,2.16,-0.98,5.67,-0.42,-1.18,-0.37,2.43,-0.76,2.21,-4.22,2.11,2.33,1.46,0.05,2.42,0.51,0.4,-0.14,0.75,0.0,-0.27,0.3,0.1,-0.71,-0.48,-2.18,-2.55,-0.1,-2.25,0.53,-1.27,-0.17,0.22,1.24,-0.06,1.27,0.17,0.02,-0.13,1.78,0.86,2.17,2.32,0.62,0.76,-0.68,-0.15,1.58,-1.04,1.38,-0.88,0.05,1.67,2.12,0.86,1.2,0.46
245,97059240,11/3/2025,22:10:23,,,-1.13,-0.96,0.4,0.07,0.22,0,0.28,0.58,-0.9,-0.58,-0.61,0.13,1.59,-1.0,-0.4,-1.53,-0.35,0.93,-0.76,2.18,-1.8,-0.4,-2.21,-1.31,-1.93,-0.38,-0.57,1.28,-0.32,2.36,-2.28,0.71,0.7,1.19,3.42,-0.28,1.48,0.03,1.85,-1.14,5.52,-0.53,-1.29,-0.01,2.28,-0.51,2.16,-3.75,2.06,2.43,1.42,0.12,2.0,0.47,0.06,-0.22,0.42,-0.06,-0.33,0.23,-0.03,0.07,0.12,-1.98,-1.35,0.13,-1.8,-0.13,-1.41,0.39,0.29,1.22,0.49,1.26,0.11,0.23,-0.23,1.61,1.05,1.67,1.81,0.48,0.14,-0.67,-0.76,0.77,-0.25,1.24,-0.63,0.48,1.96,1.94,1.06,1.22,0.57
246,97059190,11/3/2025,22:13:00,,,-0.89,-0.8,0.46,0.08,0.21,0.14,-0.08,0.02,-0.9,-0.46,-0.68,0.21,1.67,-0.36,-0.43,-0.87,-0.28,0.83,-0.69,2.09,-1.27,-0.38,-1.61,-1.28,-1.76,-0.43,-0.63,0.72,-0.17,1.75,-2.03,0.68,0.68,1.07,2.81,-0.14,0.82,0.16,1.3,-1,5.37,-0.55,-1.24,0.65,2.34,-0.04,2.11,-3.3,2.1,2.48,1.4, ,1.51,0.52, , ,-0.19,0.0,-0.33,0.21,0.06,-0.95,0.36,-1.18,-1.72,-0.23,-1.63,-0.4,-1.43,0.51,0.37,0.84,0.49,1.2,0.07,0.19,-0.08,2.15,0.64,1.47,1.97,0.48,0.07,-0.56,-0.48,1.09,-1.64,1.34,-1.03,0.41,1.65,1.64,0.84,0.99,0.65
247,97059208,11/3/2025,22:13:41,,,-1.5,-1.22,0.51,0.26,0.06,0.29,0.59,0.92,-0.81,-0.48,-0.57,0.07,1.54,-0.98,-0.31,-1.55,-0.25,0.76,-0.86,2.01,-1.9,-0.4,-2.33,-1.01,-2.22,-0.23,-0.79,1.44,-0.18,2.36,-2.09,0.48,0.56,1.04,3.54,-0.13,1.53,0.16,1.93,-0.93,5.48,-0.61,-1.33,-0.05,2.43,-0.59,2.34,-3.94,2.28,2.41,1.27,-0.04,2.1,0.56,0.23,0.03,0.47,0.01,-0.46,0.5,0.24,-1.25,-0.34,-1.84,-1.87,0.21,-1.97,0.44,-0.52,0.1,1.38,1.35,0.98,1.37,0.04,0.05,-0.16,2.2,0.61,1.97,2.11,0.61,0.15,-0.71,-0.61,1.24,-0.81,1.29,-0.82,0.37,1.51,1.94,0.8,1.28,0.48
248,97059182,11/3/2025,22:16:21,,,-1.04,-0.84,0.62,-0.02,0.24,-0.1,-0.08,0.2,-0.92,-0.59,-0.67,0.05,1.81,-0.94,-0.52,-1.35,-0.5,0.95,-0.78,2.17,-1.71,-0.37,-2.22,-1.3,-1.39,-0.45,-0.73,1.49,-0.26,2.27,-2.13,0.69,0.67,1.14,3.52,-0.14,1.44,0.1,1.71,-1.07,5.5,-0.48,-1.24,-0.08,2.32,-0.41,2.11,-3.67,1.99,2.43,1.39,-0.03,1.99,0.54,-0.03,-0.22,0.51,0.0,-0.36,0.3,0,-1.05,-0.37,-1.68,-1.74,0.03,-2.08,-0.2,-0.45,0.15,0.97,0.91,0.01,1.12,0.03,0.21,-0.12,2.14,0.6,1.9,2.18,0.74,0.19,-0.78,-0.63,1.14,-0.4,1.18,-0.65,0.5,1.65,1.64,0.87,1.31,0.62
249,97057384,11/3/2025,22:17:01,,,-1.24,-0.98,0.55,0.14,0.2,0.04,0.13,0.41,-0.84,-0.85,-0.47,0.08,1.69,-0.52,-0.5,-1.04,-0.39,0.89,-0.64,2.17,-1.46,-0.52,-1.89,-1.27,-1.97,-0.46,-0.82,0.98,-0.3,1.84,-2.17,0.64,0.64,1.06,2.8,-0.27,1.05,-0.05,1.4,-1.1,5.43,-0.34,-1.17,0.33,2.31,-0.17,2.15,-3.54,2.05,2.42,1.44,-0.04,1.73,0.33,-0.2,-0.13,0.18,0.01,-0.35,0.25,0.05,-0.46,0.25,-1.65,-1.08,0.11,-2.22,0.24,-0.03,-0.18,1.63,0.97,0.15,1.28,0.09,0.14,-0.21,2.14,0.66,1.43,1.76,0.27,0,-0.72,-0.61,1.38,-1.84,1.32,-1.07,0.2,1.76,1.73,0.61,1.28,0.59
250,97057368,11/3/2025,22:19:43,,,-1.3,-1.03,0.71,0.19,0.27,0.15,0.81,1.04,-1.05,-0.63,-0.68,0.05,1.99,-0.66,-0.32,-1.1,-0.44,0.89,-0.7,2.11,-1.53,-0.6,-1.9,-1.14,-1.85,-0.36,-0.53,0.98,-0.1,1.93,-2.03,0.78,0.68,1.06,3.15,0.09,1.07,0.21,1.49,-0.78,5.73,-0.46,-1.22,0.36,2.27,-0.46,2.15,-3.59,2.15,2.54,1.47,0.04,1.64,0.73,-0.29,0.03,0.15,0.27,-0.33,0.19,-0.05,-0.99,-0.19,-1.38,-1.75,0.01,-1.36,-0.05,-1.45,0.32,0.21,1.01,0.45,1.23,0.12,0.2,0.03,1.51,0.98,1.57,1.44,0.81,0.27,-0.58,-0.03,1.18,-1.71,1.39,-0.99,0.75,1.66,2.12,0.62,1.59,1.07
251,97057467,11/3/2025,22:41:04,,,-1.47,-1.27,0.39,0.34,-0.14,0.29,0.5,0.85,-0.71,-0.53,-0.48,0.02,1.65,-1.35,-0.25,-1.85,-0.21,0.84,-0.78,2.07,-2.32,-0.36,-2.66,-0.94,-3.44,-0.16,-0.75,1.8,-0.55,2.78,-2.29,0.71,0.6,1.19,3.8,-0.53,1.88,-0.14,2.35,-1.32,5.38,-0.56,-1.29,-0.39,2.55,-1.21,2.41,-4.46,2.41,2.55,1.44,0.03,2.51,0.25,0.6,-0.38,0.79,-0.29,-0.41,0.4,0.25,0.87,0.07,-2.28,-0.8,0.4,-2.48,0.27,-0.9,-0.96,0.92,1.33,0.05,1.58,0.11,0.12,-0.48,1.63,1.03,2.08,2.29,0.02,0.15,-1.06,-0.53,1.48,-0.41,1.22,-0.63,-0.11,1.62,1.99,0.87,1.51,0.63
252,97057434,11/3/2025,22:46:43,,,-1.67,-1.36,0.57,0.25,0.1,0.21,0.52,0.69,-0.86,-0.62,-0.54,0.08,1.62,-0.96,-0.27,-1.42,-0.29,0.84,-0.71,1.97,-1.83,-0.54,-2.15,-1.09,-2.89,-0.3,-0.77,1.25,-0.32,2.3,-2.13,0.55,0.71,1.03,3.32,-0.43,1.36,-0.03,1.77,-1.08,5.44,-0.58,-1.31,0.01,2.43,-0.79,2.21,-4.01,2.17,2.3,1.41,0.01,2.08,0.38,0.11,-0.2,0.39,-0.07,-0.28,0.31,0.09,-0.74,-0.49,-1.99,-2.52,0.03,-1.74,-0.14,-1.07,-0.46,1.12,1.06,0.54,1.43,0.03,0.22,-0.36,1.54,1.04,1.7,1.12,0.82,-0.01,-0.93,-0.68,1.27,-0.64,1.28,-0.65,0.04,1.74,1.52,0.95,1.33,0.7
253,97057400,11/3/2025,22:47:23,,,-1.35,-1.08,0.5,0.18,0.15,0.21,0.21,0.42,-0.91,-0.56,-0.62,0.11,1.58,-1.19,-0.38,-1.68,-0.34,0.97,-0.78,1.94,-2.08,-0.47,-2.4,-1.15,-2.25,-0.34,-0.84,1.65,-0.18,2.47,-1.99,0.74,0.78,1.11,3.4,-0.2,1.66,0.12,2.05,-0.87,5.25,-0.47,-1.28,-0.18,2.34,-1.03,1.98,-4.07,2.1,2.43,1.49,0.01,2.21,0.58,0.24,0.05,0.67,0.11,-0.32,0.19,0.09,-0.71,0.09,-2.18,-2.84,-0.16,-2.38,0.1,-1.46,-0.18,0.5,0.98,0.29,1.24,0.03,0.31,-0.06,2.3,1.22,1.99,2.51,0.58,0.15,-0.57,-0.2,1.45,-1.5,1.49,-1.06,0.19,1.83,1.79,0.59,1.04,0.74
254,97059935,11/3/2025,22:49:31,,,-1.78,-1.6,0.52,0.35,-0.07,0.3,0.12,0.43,-0.77,-0.47,-0.5,0.13,1.56,-0.76,-0.4,-1.39,-0.15,1.05,-0.58,2.13,-1.77,-0.32,-2.1,-1.15,-1.59,-0.21,-0.79,1.13,-0.28,2.13,-2.06,0.84,0.87,1.24,3.08,-0.24,1.38,0.01,1.66,-1,5.33,-0.4,-1.15,0.12,2.52,-0.57,2.22,-3.7,2.23,2.78,1.54,0.24,1.97,0.43,-0.08,-0.08,0.4,0.01,-0.22,0.33,0,-0.87,0.18,-1.67,-1.85,0.3,-2.3,0.24,-1.83,0.04,0.56,1.34,0.58,1.46,0.24,0.1,-0.12,2.27,0.77,1.56,2.1,0.19,-0.11,-0.61,-0.31,1.34,-1.62,1.42,-1.19,0.34,1.71,1.92,0.68,1.2,0.8
255,97059943,11/3/2025,22:50:26,,,-1.08,-0.85,0.4,0.1,-0.03,0.03,0.37,0.68,-0.68,-0.66,-0.42,0.02,1.66,-1.19,-0.3,-1.78,-0.16,1.02,-0.67,2.15,-2.14,-0.13,-2.49,-1.04,-1.91,-0.18,-0.97,1.63,-0.64,2.56,-2.33,0.66,0.63,1.21,3.56,-0.65,1.78,-0.11,2.15,-1.38,5.41,-0.47,-1.23,-0.34,2.55,-1.03,2.31,-4.09,2.27,2.69,1.52,0.08,2.4,0.15,0.34,-0.43,0.75,-0.35,-0.31,0.38,0.13,-1.06,-0.48,-2.23,-2.19,0.09,-2.18,0.03,-1.73,-0.16,0.37,1.09,0.52,1.57,0.1,0.02,-0.6,1.75,0.8,1.97,2.21,0.24,-0.03,-1.03,-0.3,1.53,-0.73,1.44,-0.97,-0.05,1.47,1.85,0.66,1.28,0.77
256,97059901,11/3/2025,22:52:28,,,-1.38,-1.18,0.56,0.32,0.13,0.24,0.4,0.77,-0.9,-0.85,-0.49,0.11,1.48,-1.26,-0.34,-1.92,-0.2,0.84,-0.86,1.98,-2.19,-0.28,-2.68,-1.03,-2.66,-0.25,-0.95,1.72,-0.3,2.71,-2.07,0.5,0.59,1.02,3.81,-0.3,1.78,-0.09,2.12,-1.05,4.95,-0.62,-1.32,-0.28,2.5,-1.01,2.25,-4.28,2.28,2.51,1.31,-0.06,2.37,0.4,0.55,-0.12,0.71,-0.12,-0.65,0.27,0.13,-1.41,-0.38,-2.35,-2.72,0.05,-2.64,-0.04,-0.28,0.3,1.73,1.25,0.36,1.31,0.09,0.28,-0.17,1.95,0.31,2.07,1.83,0.46,0.19,-0.61,-0.52,1.33,-1.2,0.95,-0.78,-0.05,0.83,1.68,0.63,1.4,0.86
257,97059927,11/3/2025,22:53:45,,,-0.94,-0.8,0.67,0.09,0.21,0.03,0.77,1.12,-0.83,-0.75,-0.55,-0.13,1.98,-0.97,-0.32,-1.46,-0.25,1.1,-0.59,2.31,-1.8,-0.25,-2.21,-0.97,-2.02,-0.31,-0.64,1.27,-0.41,2.31,-2.27,0.89, ,1.26, , ,1.4,-0.13,1.85,-1.17,5.67,-0.35,-1.1,-0.04,2.52,-0.64,2.27,-3.87,2.24,2.75,1.63,0.25,2.15,0.35,0.13,-0.33,0.52,-0.11,-0.2,0.31,0.19,-0.59,0.02,-1.94,-2.19,0.03,-2.08,0.29,-1.83,-0.51,0.39,1.1,0.73,1.58,0.3,0.42,-0.33,1.87,0.53,1.72,1.97,0.11,-0.27,-0.99,-0.38,1.7,-1.03,1.36,-0.98,0.09,1.36,2.01,0.34,1.22,0.72
258,97059877,11/3/2025,23:00:31,,,-1.89,-1.67,0.61,0.32,-0.01,0.2,-0.36,0.13,-0.8,-0.36,-0.54,0.2,1.72,-0.67,-0.54,-1.34,-0.28,0.89,-0.6,2.13,-1.82,-0.37,-2.14,-1.14,-2.31,-0.36,-0.74,1.28,-0.08,2.2,-1.83,0.75, ,1.24, , ,1.39,0.27,1.77,-0.8,5.5,-0.48,-1.23,0.07,2.42,-0.71,2.05,-3.96,2.16,2.56,1.63,0.15,1.99,0.65,0.11,0.13,0.53,0.22,-0.31,0.28,0.14,-1.15,0,-1.99,-1.98,0.1,-2.36,0.09,-1.68,-0.28,0.15,1.17,-0.01,1.47,0.09,0.4,0.06,1.66,0.73,1.89,1.92,0.87,0.17,-0.37,-0.41,1.52,-1.5,1.42,-0.93,0.23,1.5,2.14,0.59,1.31,0.8
259,97059885,11/3/2025,23:01:12,,,-1.38,-1.21,0.56,0.21,0.15,0.1,0.23,0.75,-0.78,-0.59,-0.49,0.06,1.54,-1.26,-0.19,-1.76,-0.11,0.9,-0.69,2.05,-2.1,-0.23,-2.51,-0.92,-2.49,-0.11,-0.88,1.45,-0.32,2.54,-2.1,0.67,0.57,1.05,3.55,-0.38,1.61,0.08,2.1,-1.12,5.47,-0.48,-1.27,-0.3,2.58,-0.93,2.4,-4.15,2.36,2.5,1.46,0.01,2.31,0.36,0.29,-0.14,0.77,-0.02,-0.33,0.21,0.17,-0.91,-0.44,-2.21,-2.75,0.17,-2.25,0.3,-1.94,0.28,-0.01,1.22,0.31,1.45,0.07,0.4,-0.18,1.43,1.05,1.92,1.82,0.49,-0.26,-0.66,-0.53,1.05,-0.84,1.48,-0.62,0.35,1.43,1.94,0.38,1.55,0.98
260,97059703,11/3/2025,23:01:52,,,-1.41,-1.11,0.55,0.21,0.17,0.14,0.25,0.8,-0.85,-0.51,-0.57,0.06,1.62,-1.24,-0.35,-1.7,-0.26,0.87,-0.73,1.97,-2.03,-0.57,-2.38,-1.16,-2.33,-0.35,-0.92,1.41,-0.34,2.47,-2.07,0.71,0.6,1.11,3.43,-0.4,1.6,-0.03,1.89,-1.11,5.31,-0.48,-1.27,-0.2,2.3,-0.78,2.18,-4,2.11,2.51,1.42,0.01,2.18,0.42,0.23,-0.14,0.61,-0.03,-0.47,0.18,-0.09,-1.13,-0.35,-1.98,-2.42,-0.08,-2.38,-0.13,-1.51,-0.45,0.17,1.19,-0.15,1.32,0.1,0.44,-0.24,1.26,0.54,1.95,1.46,0.44,0.13,-0.73,-0.46,1.54,-1.51,1.2,-0.75,-0.09,1.75,2.31,0.63,1.43,0.84
261,97059802,11/3/2025,23:03:54,,,-1.21,-1.04,0.52,0.25,0.22,0.22,0.45,0.82,-0.88,-0.53,-0.61,0.14,1.53,-1.37,-0.23,-1.83,-0.19,0.8,-0.7,1.94,-2.17,-0.44,-2.6,-1.09,-3.01,-0.34,-0.94,1.6,-0.38,2.54,-2.06,0.46,0.52,1.12,3.62,-0.34,1.78,0.27,2.19,-1.07,5.36,-0.62,-1.4,-0.35,2.43,-1.03,2.19,-4.3,2.19,2.48,1.37,-0.16,2.36,0.35,0.37,-0.21,0.79,-0.11,-0.47,0.08,0.11,0.42,-0.14,-2.25,-1.08,0.26,-2.26,0.18,-1.75,-0.38,0.01,1.09,0.29,1.37,0.02,0.2,-0.25,1.37,0.73,2.0,2.17,0.34,0.09,-0.53,-0.57,1.11,-0.46,1.22,-0.45,0.09,1.58,1.56,0.9,1.03,0.73
262,97059737,11/3/2025,23:14:01,,,-1.59,-1.47,0.56,0.31,0.07,0.47,-0.1,0.34,-0.84,-0.42,-0.5,0.16,1.86,-0.94,-0.2,-1.46,-0.16,0.92,-0.7,2.1,-1.9,-0.23,-2.2,-1.06,-2.34,-0.2,-0.87,1.28,-0.33,2.25,-2.01,0.71,0.78,1.15,3.2,-0.3,1.43,0.06,1.87,-1.03,5.69,-0.48,-1.24,0.06,2.5,-0.87,2.22,-4.02,2.32,2.52,1.51,0.06,2.03,0.44,0.1,-0.14,0.42,-0.1,-0.32,0.31,0.23,-1.09,-0.63,-2.44,-2.31,0.52,-1.97,0.65,-1.48,-0.31,0.34,1.35,0.29,1.42,0.08,-0.04,-0.23,1.79,0.1,1.8,2.33,0.31,0.22,-0.51,-0.31,1.42,-1.13,1.42,-1.29,0.12,1.59,2,0.95,1.21,0.85
263,97059588,11/3/2025,23:16:25,,,-1.21,-0.95,0.55,0.13,0.09,0.23,0.54,0.91,-0.81,-0.55,-0.55,0.07,1.62,-0.92,-0.37,-1.51,-0.32,0.81,-0.68,2.04,-1.94,-0.27,-2.3,-1.11,-2.34,-0.26,-0.99,1.3,-0.2,2.4,-1.98,0.66,0.6,1.05,3.28,-0.28,1.53,0.18,1.94,-0.96,5.21,-0.54,-1.32,-0.12,2.47,-0.71,2.28,-3.97,2.2,2.68,1.35,-0.04,2.13,0.51,0.21,-0.01,0.56,0.05,-0.44,0.15,0.15,0.96,-0.45,-2.02,-0.39,0.33,-1.72,0.31,-1.88,-0.12,-0.18,0.94,0.62,1.35,0.02,0.16,-0.16,1.7,0.24,1.88,2.09,0.56,0.03,-0.39,-0.5,1.09,-1.45,1.38,-0.69,0.19,1.37,1.54,0.72,0.73,0.65
264,97059729,11/3/2025,23:17:05,,,-1.86,-1.71,0.56,0.34,0.01,0.37,0.1,0.58,-0.78,-0.31,-0.54,0.15,1.68,-0.8,-0.49,-1.37,-0.43,0.84,-0.85,2.02,-1.73,-0.28,-2.12,-1.29,-1.99,-0.36,-1.02,1.15,-0.37,2.16,-1.99,0.52,0.69,1.05,3.18,-0.34,1.33,0.14,1.78,-0.99,5.64,-0.58,-1.29,0.08,2.38,-0.53,2.15,-3.75,2.14,2.54,1.43,-0.05,1.98,0.46,0,-0.08,0.34,0.02,-0.49,0.19,0.08,-1.05,0,-1.99,-2.36,-0.03,-2.34,0,-2.03,0.05,0.19,1.08,0.66,1.31,0.01,0.21,-0.14,1.61,1.05,1.71,1.57,0.76,-0.07,-0.57,-0.44,1.17,-0.88,1.28,-0.96,0.18,1.55,2.01,0.38,1.05,0.67
265,97059570,11/3/2025,23:19:39,,,-1.54,-1.31,0.57,0.24,0.02,0.16,0.54,0.84,-1.01,-0.9,-0.51,0.07,1.51,-0.91,-0.44,-1.41,-0.55,0.76,-0.82,2.0,-1.86,-0.44,-2.16,-1.22,-2.49,-0.49,-0.82,1.23,-0.37,2.22,-2.19,0.47,0.6,0.99,3.52,-0.29,1.44,0.2,1.92,-0.98,5.23, ,-1.4,-0.05,2.32, , ,-3.94,2.09,2.28,1.24,-0.13,2.15,0.49,0.1,-0.01,0.52,0.03,-0.68,0.15,-0.04,-0.78,0.2,-1.97,-2.41,-0.13,-2.25,-0.13,-1.9,-0.36,0.08,0.69,0.65,1.33,0.06,-0.02,-0.19,1.68,0.68,1.79,2.32,0.55,-0.07,-0.38,-0.64,1.5,-0.81,1.28,-1.01,0.18,1.55,2.07,0.63,0.65,0.63
266,97059554,11/3/2025,23:20:19,,,-1.25, ,0.52,0.14, , ,0.44,0.79,-0.79,-0.45,-0.46,0.09,1.78,-1.09,-0.47,-1.56,-0.4,0.79,-0.75,2.09,-1.86,-0.64,-2.3,-1.2,-2.22,-0.44,-0.79,1.46,-0.39,2.39,-2.11,0.7,0.71,1.09,3.49,-0.33,1.44,0.04,1.89,-1.05,5.53,-0.56,-1.32,0.03,2.35,-0.63,2.19,-3.9,2.08,2.47,1.4,-0.04,2.02,0.5,0.08,-0.16,0.44,-0.16,-0.37,0.18,0.05,-0.82,-0.33,-2.0,-2.45,0.06,-2.44,0.11,-1.92,-0.18,0.07,1.06,0.5,1.49,0.07,0.19,-0.25,1.99,-0.09,1.9,2.23,0.72,-0.28,-0.25,-0.57,0.85,-0.94,1.53,-0.57,0.36,1.6,1.75,0.48,0.95,0.65
267,97059430,11/3/2025,23:23:12,,,-1.23,-0.91,0.63,0.2,0.19,0.19,0.5,0.7,-0.84,-0.48,-0.6,0.09,1.67,-1.0,-0.19,-1.54,-0.11,1.02,-0.76,2.16,-1.85,-0.22,-2.23,-0.96,-1.94,-0.23,-0.37,1.33,-0.26,2.23,-2.17,0.72,0.67,1.21,3.24,-0.22,1.44,0.24,1.8,-0.93,5.5,-0.42,-1.19,0.0,2.55,-0.69,2.24,-3.88,2.29,2.61,1.56,0.06,2.02,0.55,0.07,0.06,0.45,0.14,-0.39,0.34,0.29,-0.72,-0.15,-1.73,-2.2,0.21,-1.79,0.32,-1.4,-0.6,0.49,1.2,0.1,1.56,0.23,0.09,-0.1,1.79, ,2.05,2.1,0.64, , ,-0.61,1.16,-1.07,1.21,-0.67,0.38,1.47,1.74,0.59,1.01,0.72
268,97059448,11/3/2025,23:23:52,,,-0.88,-0.67,0.57,0.17,0.13,0.22,-0.01,0.38,-0.86,-0.43,-0.49,0.15,1.75,-1.23,-0.24,-1.73,-0.17,0.96,-0.69,2.18,-2.03,-0.12,-2.53,-0.96,-1.88,-0.09,-0.6,1.56,-0.35,2.64,-2.21,0.65,0.77,1.17,3.59,-0.24,1.74,0.08,2.11,-1.01,5.48,-0.47,-1.2,-0.22,2.66,-0.72,2.47,-4.01,2.38,2.52,1.46,0.06,2.31,0.5,0.24,-0.07,0.69,0.02,-0.41,0.22,0.28,-0.64,-0.33,-2.34,-2.83,0.38,-2.65,0.71,-1.24,-0.02,0.14,1.42,0.29,1.46,0.12,0.01,-0.27,1.9,1.01,2.14,2.03,0.39,0.22,-0.63,-0.31,1.34,-0.36,1.44,-0.35,0.0,1.03,1.94,0.96,1.2,0.62
269,97059414,11/3/2025,23:26:22,,,-1.27,-0.91,0.69,0.13,0.15,0.2,0.48,0.76,-0.86,-0.45,-0.6,0.11,1.77,-1.0,-0.23,-1.53,-0.12,0.98,-0.61,2.18,-1.89,-0.47,-2.28,-1.1,-1.89,-0.25,-0.79,1.39,-0.07,2.33,-2.13,0.7,0.65,1.22,3.29,-0.28,1.51,0.17,1.97,-1.1,5.49,-0.47,-1.19,-0.11,2.41,-0.59,2.3,-3.95,2.2,2.6,1.48,-0.02,2.19,0.42,0.15,-0.13,0.57,-0.02,-0.37,0.25,0.11,-0.98,-0.23,-2.02,-2.04,0.21,-2.33,-0.11,-2.0,-1.09,0.24,1.03,0.11,1.58,0.12,0.12,-0.14,1.73,0.91,1.84,1.82,0.73,0.3,-0.6,-0.3,1.51,-1.55,1.21,-0.97,0.23,1.66,2.35,0.88,1.23,0.8
270,97059422,11/3/2025,23:28:25,,,-1.18,-0.89,0.69,0.12,0.09,0.16,-0.16,0.26,-0.93,-0.56,-0.7,0.08,1.59,-0.97,-0.32,-1.52,-0.25,0.83,-0.76,2.07,-1.84,-0.35,-2.24,-1.07,-1.97,-0.29,-0.83,1.36,-0.34,2.44,-2.27,0.5,0.5,1.03,3.27,-0.39,1.45,0.08,1.87,-1.06,5.35,-0.59,-1.33,-0.03,2.44,-0.5,2.32,-3.8,2.18,2.46,1.29,-0.14,2.14,0.45,0.05,-0.23,0.49,0.04,-0.53,0.32,0.17,1.05,-0.53,-1.94,-0.3,0.27,-2.24,0.38,-1.71,-0.44,0.13,1.03,0.79,1.42,-0.01,0.13,-0.23,1.84,0.06,2.0,2.54,0.43,0.15,-0.5,-0.93,1.48,-0.91,1.45,-0.73,0.2,1.54,2.17,0.61,1.21,0.94
271,97059257,11/3/2025,23:29:47,,,-0.86,-0.63,0.63,0.03,0.13,0.05,0.34,0.68,-0.89,-0.51,-0.56,0.1,1.7,-1.17,-0.33,-1.49,-0.33,0.8,-0.8,2.05,-1.86,-0.45,-2.27,-1.21,-2.38,-0.28,-0.98,1.4,-0.19,2.35,-2.04,0.62,0.61,1.05,3.43,0.01,1.43,0.19,1.85,-1.02,5.42,-0.58,-1.31,-0.03,2.42,-0.76,2.21,-4.02,2.23,2.33,1.3,-0.01,2.09,0.48,0.18,-0.14,0.43,0.03,-0.51,0.33,0.18,-0.81,0.04,-1.91,-1.99,0.38,-2.25,-0.04,-1.96,0.26,0.08,1.26,0.48,1.27,0.01,0.13,-0.13,1.87,0.46,1.99,2.14,0.76,0,-0.73,-0.39,1.46,-1.37,1.15,-0.66,0.16,1.4,2.12,1.14,0.89,0.65
272,97059406,11/3/2025,23:32:11,,,-1.02,-0.7,0.81,-0.03,0.35,-0.07,0.19,0.41,-0.94,-0.51,-0.67,0.15,1.63,-0.84,-0.42,-1.25,-0.33,0.78,-0.85,1.97,-1.69,-0.6,-2.04,-1.15,-2.24,-0.41,-0.88,1.07,-0.31,2.15,-2.12,0.42,0.61,1.06,3.09,-0.21,1.26,0.24,1.69,-1.03,5.46, ,-1.38,0.17,2.34, , ,-3.76,2.06,2.5,1.38,-0.18,1.85,0.44,-0.2,-0.16,0.32,0.13,-0.46,0.36,0.04,-0.86,-0.25,-1.7,-1.98,-0.04,-1.93,-0.02,-2.08,-0.3,0.66,0.76,0.76,1.34,-0.05,0.17,-0.14,1.44,0.42,1.57,1.58,0.64,-0.56,-0.26,-0.63,1.01,-1.42,1.11,-0.96,0.58,1.32,1.64,0.53,1.36,0.78
273,97059372,11/3/2025,23:32:52,,,-1.58,-1.3,0.66,0.27,0.08,0.4,0.14,0.61,-0.81,-0.52,-0.68,0.19,1.63,-1.32,-0.25,-1.9,-0.23,0.89,-0.76,1.99,-2.33,-0.17,-2.64,-1.02,-2.44,-0.18,-0.93,1.68,-0.15,2.72,-2.01,0.57,0.59,1.04,3.84,0.01,1.88,0.37,2.24,-0.79,5.35,-0.56,-1.3,-0.51,2.58,-1.1,2.27,-4.35,2.31,2.55,1.31,-0.09,2.41,0.74,0.54,0.16,0.85,0.19,-0.46,0.33,0.2,-1.17,-0.3,-2.04,-2.35,0.15,-2.75,0.29,-1.84,-0.77,-0.07,1.43,0.63,1.42,0.06,0.26,-0.04,1.85,0.65,2.11,2.39,0.6,0.28,-0.44,-0.49,0.96,-0.87,1.19,-0.57,0.42,1.42,1.89,1.18,1.32,0.58
274,97059380,11/3/2025,23:34:15,,,-1.26,-1.03,0.58,0.14,0.22,0.1,0.52,0.74,-0.89,-0.56,-0.5,0.03,1.65,-1.03,-0.23,-1.45,-0.24,0.7,-0.87,1.96,-1.82,-0.21,-2.23,-1.0,-2.25,-0.15,-1.12,1.38,-0.63,2.31,-2.47,0.44,0.49,0.98,3.42,-0.48,1.42,-0.18,1.89,-1.4,5.23,-0.73,-1.43,-0.02,2.59,-0.66,2.39,-4,2.33,2.56,1.28,-0.09,2.08,0.11,0.12,-0.42,0.23,-0.34,-0.62,0.38,0.25,-1.04,-0.64,-1.97,-2.27,0.2,-1.92,0.09,-1.78,-0.55,0.13,1.39,0.31,1.47,-0.06,0.07,-0.38,1.56,0.8,1.93,1.99,-0.04,0.12,-1.15,-0.6,1.18,-0.75,1.22,-0.61,-0.23,1.3,2.11,1.04,0.97,0.35
275,97059364,11/3/2025,23:35:02,,,-1.08,-0.87,0.53,0.14,0.17,0.28,0.03,0.32,-0.8,-0.51,-0.53,0.16,1.67,-1.13,-0.14,-1.62,-0.04,0.97,-0.7,2.14,-1.92,-0.08,-2.27,-0.95,-1.43,0.04,-0.77,1.43,-0.22,2.42,-2.16,0.73,0.71,1.11,3.52,-0.14,1.54,0.15,1.85,-0.85,5.39, ,-1.25,-0.09,2.7, , ,-3.82,2.42,2.43,1.42,0.09,2.01,0.63,0.1,0.15,0.59,0.09,-0.32,0.06,0.19,-0.96,-0.33,-1.85,-2.41,0.3,-1.96,0.47,-1.64,-0.05,0.05,1.08,0.4,1.32,0.12,0.08,-0.06,2.13,0.53,2.03,2.59,0.63,0.46,-0.57,-0.42,1.51,-1.42,1.2,-0.59,0.1,1.69,2,0.74,1.06,0.63
276,97059505,11/3/2025,23:38:24,,,-1,-0.78,0.78,0.05,0.32,0.16,0.29,0.52,-0.98,-0.59,-0.67,0.07,1.78,-1.06,-0.35,-1.71,-0.36,1.03,-0.68,2.14,-2.05,-0.44,-2.46,-1.22,-1.55,-0.27,-0.81,1.56,-0.41,2.52,-2.22,0.62,0.65,1.12,3.44,-0.46,1.69,0.07,2.06,-1.05,5.55,-0.48,-1.21,-0.35,2.32,-0.72,2.12,-3.92,2.08,2.51,1.42,0.01,2.18,0.44,0.26,-0.18,0.81,0.0,-0.31,0.51,0.02,-0.69,0.11,-2.22,-2.24,0.01,-2.76,0.1,-1.4,-0.73,-0.22,1.14,0.62,1.43,0.08,0.05,-0.28,1.85,0.42,2.07,1.93,0.58,-0.22,-0.49,-0.92,1.37,-0.46,1.12,-0.6,0.5,1.32,2.1,0.81,1.36,0.64
277,97059497,11/3/2025,23:40:06,,,-1.34,-1.02,0.38,0.24,0.16,0.34,0.12,0.54,-0.85,-0.63,-0.69,0.11,1.75,-1.19,-0.32,-1.75,-0.28,0.94,-0.73,2.08,-2.06,-0.28,-2.51,-1.02,-1.99,-0.25,-0.89,1.57,-0.21,2.56,-1.97,0.51,0.69,1.1,3.56,-0.15,1.68,0.22,2.05,-0.89,5.17,-0.47,-1.27,-0.2,2.47,-0.87,2.26,-4.05,2.23,2.56,1.41,-0.03,2.26,0.59,0.25,-0.01,0.71,0.15,-0.49,0.39,0.19,0.91,-0.75,-1.96,-0.5,0.28,-1.62,0.54,-1.66,-0.32,0.5,1.4,0.27,1.57,0.16,0.09,-0.13,1.97,0.64,2.19,1.93,0.71,-0.09,-0.34,-0.78,1.49,-0.7,1.83,-0.52,0.44,1.6,1.81,0.6,1.15,1.04
278,97059471,11/3/2025,23:41:42,,,-1.33,-1.04,0.41,0.21,0.08,0.15,0.13,0.48,-0.73,-0.52,-0.48,0.12,1.68,-1.26,-0.27,-1.81,-0.25,0.89,-0.73,2.02,-2.14,-0.34,-2.47,-1.1,-2.46,-0.25,-0.87,1.68,-0.49,2.51,-2.27,0.76,0.59,1.15,3.64,-0.49,1.71,-0.09,2.13,-1.26,5.24,-0.52,-1.26,-0.18,2.5,-0.98,2.16,-4.2,2.27,2.6,1.45,0.03,2.19,0.35,0.37,-0.31,0.71,-0.24,-0.51,0.53,0.21,-1.06,-0.32,-2.06,-2.27,0.03,-2.06,0.24,-1.93,-0.68,0.7,1.29,0.69,1.63,0.13,-0.03,-0.47,2.03,0.55,2.03,2.4,0.23,0,-0.61,-0.76,1.43,-1.14,1.41,-0.61,-0.06,1.53,1.93,0.85,0.95,0.36
279,97059463,11/3/2025,23:43:00,,,-1.47,-1.3,0.44,0.21,0.06,0.31,0.19,0.53,-0.81,-0.55,-0.55,0.08,1.59,-1.47,-0.04,-1.98,0.0,1,-0.79,2.11,-2.25,-0.19,-2.74,-0.85,-2.65,-0.09,-0.91,1.77,-0.51,2.78,-2.24,0.63,0.58,1.18,3.93,-0.57,1.84,0.02,2.36,-1.29,5.41,-0.46,-1.21,-0.4,2.63,-1.05,2.43,-4.32,2.46,2.52,1.53,0.08,2.49,0.2,0.54,-0.29,0.88,-0.25,-0.45,0.49,0.36,-0.76,-0.13,-2.34,-2.96,0.19,-2.3,0.41,-1.85,-0.15,-0.15,1.41,0.27,1.66,0.13,0.0,-0.47,1.9,0.93,2.19,2.11,0.19,0.54,-0.86,-0.48,1.24,-0.28,1.29,-0.26,0.37,1.61,1.91,1.13,0.92,0.66
280,97077010,11/3/2025,23:48:01,,,-1.19,-0.84,0.5,0.22,0.02,0.26,0.1,0.42,-0.77,-0.41,-0.58,0.18,1.71,-1.52,-0.07,-1.99,-0.05,1.02,-0.71,2.08,-2.45,-0.27,-2.79,-0.9,-2.5,-0.05,-0.72,1.83,-0.29,2.79,-2.03,0.91,0.72,1.19,3.94,-0.27,1.99,0.13,2.4,-0.94,5.25,-0.37,-1.21,-0.49,2.7,-1.41,2.35,-4.44,2.49,2.73,1.43,0.14,2.55,0.61,0.65,0.01,0.93,0.09,-0.37,0.45,0.35,-0.78,-0.08,-2.32,-2.28,0.21,-2.54,-0.07,-1.58,-0.6,-0.09,1.24,0.45,1.51,0.23,0.05,-0.2,1.81,1.09,2.51,2.17,0.66,0.5,-0.8,-0.33,1.51,-0.97,1.33,-0.9,0.52,1.49,1.84,0.78,1.2,0.54
281,97059455,11/3/2025,23:48:42,,,-1.61,-1.38,0.51,0.27,-0.11,0.61,-0.21,0,-0.77,-0.35,-0.6,0.23,1.68,-1.31,-0.24,-1.73,-0.18,0.88,-0.61,2.05,-2.17,-0.31,-2.48,-1.09,-2.98,-0.25,-0.77,1.57,-0.39,2.6,-2.3,0.65,0.61,1.09,3.81,-0.39,1.67,0.05,2.2,-1.11,5.96,-0.52,-1.24,-0.33,2.47,-0.97,2.17,-4.3,2.31,2.4,1.47,0.02,2.31,0.33,0.42,-0.17,0.68,-0.14,-0.41,0.03,0.15,-0.78,-0.17,-2.57,-2.58,0.39,-2.24,0.37,-1.66,-0.86,-0.36,1.1,-0.14,1.46,0.11,0.18,-0.32,1.92,0.73,2.25,2.31,0.49,-0.02,-0.55,-0.69,1.43,-0.55,1.19,-0.53,0.25,1.64,1.98,0.58,0.77,0.2
282,97047609,11/3/2025,23:53:26,,,-1.15,-0.87,0.57,0.16,0.15,0.07,0.47,0.68,-0.83,-0.59,-0.58,0.08,1.72,-0.75,-0.42,-1.26,-0.32,0.83,-0.6,1.97,-1.67,-0.48,-2.03,-1.19,-2.56,-0.31,-0.87,1.07,-0.31,2.07,-2.16,0.52,0.61,1.11,3.15,-0.24,1.22,0.21,1.85,-1.06,5.47,-0.48,-1.31,0.24,2.36,-0.56,2.24,-3.82,2.19,2.54,1.41,-0.03,1.96,0.31,-0.03,-0.12,0.25,-0.02,-0.47,0.19,0.05,-0.85,-0.45,-1.91,-1.89,0.22,-1.8,0.23,-1.48,-0.39,0.71,1.07,0.36,1.28,0.11,0.11,-0.18,1.72,0.56,1.62,1.79,0.51,-0.16,-0.45,-0.57,1.6,-1.9,1.36,-1.01,0.27,1.66,1.79,0.63,1.3,0.98
283,97055370,11/3/2025,23:54:29,,,-1.22,-1.04,0.59,0.24,0.12,0.16,0.11,0.48,-0.88,-0.38,-0.64,0.18,1.75,-1.17,-0.23,-1.58,-0.11,0.96,-0.71,2.12,-1.93,-0.17,-2.42,-1.16,-2.34,-0.32,-0.81,1.39,-0.12,2.46,-1.99,0.54,0.71,1.18,3.62,0.01,1.53,0.32,1.98,-0.86,5.72,-0.48,-1.27,-0.07,2.44,-0.65,2.2,-3.93,2.22,2.57,1.39,-0.01,2.33,0.44,0.21,0.16,0.48,0.18,-0.4,0.23,0.1,-0.81,-0.75,-2.7,-2.83,0.05,-2.14,0.15,-0.76,-0.25,1.08,1.1,0.24,1.42,0.19,0.26,-0.05,1.75,1.26,2.24,2.11,0.67,0.89,-0.58,-0.05,1.6,-1.5,1.26,-0.61,0.15,1.81,2.11,0.73,0.53,0.44
284,97047591,11/3/2025,23:56:36,,,-1.03,-0.92,0.44,0.14,0.11,0.16,-0.26,0.17,-0.94,-0.49,-0.69,0.2,1.89,-0.62,-0.48,-1.18,-0.41,0.89,-0.66,2.08,-1.52,-0.43,-1.9,-1.27,-1.7,-0.46,-0.96,0.98,-0.13,2.01,-1.91,0.65,0.7,1.19,2.88,-0.05,1.1,0.41,1.56,-0.81,5.6,-0.46,-1.26,0.29,2.32,-0.31,2.07,-3.57,2,2.75,1.48,0.03,1.65,0.67,-0.28,0.1,0.14,0.2,-0.38,0.29,-0.05,-1.06,-0.69,-1.65,-1.64,0.24,-1.66,0.16,-0.29,-0.1,1.63,1.14,0.33,1.33,0.15,0.18,-0.05,1.86,0.88,1.58,1.73,0.83,0.07,-0.34,-0.24,1.22,-1.41,1.58,-0.33,0.88,1.86,1.87,0.53,1.01,0.64
285,97047567,11/4/2025,0:02:19,,,-1.1, ,0.62,0.16, , ,-0.05,0.2,-0.96,-0.4,-0.58,0.25,1.82,-0.94,-0.24,-1.37,-0.15,1.01,-0.69,2.11,-1.93,-0.14,-2.24,-1.09,-2.03,-0.23,-0.88,1.3,-0.3,2.28,-2.08,0.61,0.77,1.18,3.32,-0.2,1.48,0.16,1.93,-1.06,5.64,-0.47,-1.22,-0.1,2.58,-0.66,2.27,-3.93,2.3,2.78,1.48,0.05,2.07,0.48,0.09,-0.13,0.49,-0.11,-0.39,0.53,0.16,0.45,-0.55,-1.74,-0.26,0.3,-1.48,0.2,-1.74,0.21,0.21,1.25,0.51,1.57,0.15,-0.1,-0.14,1.71,0.57,1.61,2.02,0.65,-0.52,-0.57,-0.49,1.14,-0.82,1.39,-0.51,0.48,1.8,1.84,1.48,0.65,0.43
286,97055503,11/4/2025,0:03:00,,,-1.36,-1.01,0.72,0.21,0.07,0.3,0.61,0.97,-0.89,-0.66,-0.66,0.11,1.57,-0.79,-0.31,-1.14,-0.15,0.78,-0.66,2.08,-1.62,-0.38,-2.06,-1.14,-2.12,-0.4,-0.85,1.15,-0.19,2.12,-2.08,0.4,0.6,1.05,3.27,-0.2,1.28,0.26,1.7,-0.93,5.65,-0.58,-1.32,0.15,2.37,-0.34,2.27,-3.73,2.17,2.23,1.26,-0.11,1.9,0.56,-0.04,-0.04,0.31,0.03,-0.51,0.13,0.16,-0.95,-0.62,-1.89,-2.39,0.17,-1.72,-0.04,-1.88,-0.4,0.42,1.17,0.4,1.38,0.04,0.37,-0.16,1.65,0.32,1.68,1.82,0.71,0.32,-0.7,-0.49,1.39,-1.05,1.21,-0.75,0.19,1.64,1.51,0.58,1.1,0.68
287,97055487,11/4/2025,0:07:37,,,-1.25,-1.03,0.51,0.14,0.15,0.26,0.32,0.63,-0.79,-0.5,-0.49,0.16,1.51,-1.17,-0.39,-1.66,-0.14,0.78,-0.74,2.08,-1.98,-0.45,-2.34,-1.14,-2.5,-0.4,-0.83,1.42,-0.24,2.45,-1.98,0.67,0.64,1.08,3.38,-0.15,1.62,0.14,2.02,-0.93,5.57,-0.53,-1.34,-0.1,2.35,-0.67,2.27,-4.02,2.19,2.41,1.38,-0.02,2.23,0.53,0.3,-0.02,0.63,0.05,-0.51,0.12,0.12,-1.16,-0.67,-2.17,-2.58,0.25,-1.78,0.29,-1.23,-0.31,0.43,1.27,0.59,1.41,0.05,0.16,-0.11,1.7,0.8,2.06,1.91,0.8,0.26,-0.54,-0.37,1.21,-1.37,1.29,-0.99,0.68,1.35,1.75,0.96,1.08,0.55
288,97055495,11/4/2025,0:08:29,,,-1.59,-1.25,0.64,0.26,0.03,0.25,0.08,0.38,-0.89,-0.3,-0.74,0.22,1.36,-1.15,-0.41,-1.69,-0.22,0.82,-0.8,2.02,-2.0,-0.4,-2.36,-1.11,-2.22,-0.43,-1.01,1.43,-0.32,2.41,-1.98,0.42,0.54,1.02,3.37,-0.31,1.63,0.18,1.91,-0.95,5.33,-0.53,-1.34,-0.25,2.34,-0.64,2.2,-3.89,2.07,2.3,1.37,-0.16,2.24,0.46,0.27,0,0.75,-0.06,-0.54,0.11,0.07,-0.97,0.08,-2.07,-2.42,0.2,-2.43,-0.38,-1.61,-0.42,-0.02,1.15,-0.11,1.34,0.05,0.18,-0.16,1.71,0.23,2.0,2.17,0.22,0.38,-0.68,-0.96,1.35,-0.66,1.44,-0.44,0.19,1.51,1.88,0.94,0.99,0.42
289,97055461,11/4/2025,0:10:08,,,-0.97,-0.72,0.5,0.12,0.01,-0.26,0.78,1.21,-0.75,-0.6,-0.48,0.04,1.73,-1.48,-0.29,-1.99,-0.23,1.18,-0.76,2.06,-2.37,-0.27,-2.6,-1.37,-1.74,-0.14,-0.84,1.81,-0.15,2.81,-2.04,0.68,0.65,1.24,3.66,-0.24,1.95,0.3,2.27,-0.9,5.8,-0.47,-1.22,-0.51,2.45,-1.08,2.12,-4.13,2.2,2.44,1.56,0.1,2.49,0.53,0.48,0.04,1.04,0.05,-0.34,0.51,0.05,-1.09,-0.68,-2.78,-3.05,0.18,-2.18,0.27,-1.88,-0.04,-0.14,1.24,0.22,1.43,0.12,0.19,-0.07,1.83,0.61,2.21,2.14,0.66,0.05,-0.55,-0.3,1.36,-0.65,1.38,-0.74,0.14,1.79,1.8,1.29,0.92,0.68
290,97060453,11/4/2025,0:12:19,,,-1.55,-1.33,0.57,0.23,0.02,0.37,0.36,0.63,-0.76,-0.47,-0.5,0.05,1.53,-0.86,-0.32,-1.37,-0.12,0.89,-0.71,2.07,-1.74,-0.55,-1.96,-0.96,-2.07,-0.31,-0.9,1.14,-0.2,2.08,-1.99,0.72,0.62,1.07,2.9,-0.14,1.27,0.26,1.75,-0.86,5.37,-0.55,-1.28,0.1,2.42,-0.42,2.24,-3.78,2.17,2.58,1.37,-0.04,1.78,0.62,-0.07,-0.08,0.31,0.04,-0.51,0.17,0.1,0.07,0.05,-1.86,-0.91,0.37,-2.09,-0.29,-0.42,-0.05,1.84,1.34,0.72,1.36,0.15,0.19,-0.06,1.8,0.77,1.52,1.51,0.63,-0.03,-0.47,-0.19,1.46,-1.56,1.36,-0.99,0.31,1.98,2.22,1.14,1.0,0.61
291,97060446,11/4/2025,0:14:12,,,-1.74,-1.41,0.64,0.28,0.01,0.26,0.6,0.82,-0.94,-0.55,-0.63,0.12,1.66,-1.05,-0.34,-1.61,-0.14,0.83,-0.65,2.09,-2.05,-0.34,-2.4,-1.03,-2.57,-0.27,-0.89,1.54,-0.25,2.45,-2.1,0.59,0.72,1.09,3.31,-0.2,1.61,0.12,2.07,-0.99,5.51,-0.54,-1.29,-0.24,2.43,-0.75,2.28,-4.12,2.27,2.45,1.39,-0.04,2.22,0.47,0.3,-0.08,0.68,-0.08,-0.43,0.13,0.19,-1.02,-0.25,-2.12,-2.5,0.0,-2.3,0.29,-2.11,-0.44,0.2,1.0,0.54,1.45,0.09,0.22,-0.19,1.44,0.91,1.99,1.88,0.41,0.14,-0.67,-0.9,1.11,-1.4,1.4,-0.67,0.53,1.78,1.84,0.75,1.13,0.59
292,97060420,11/4/2025,0:18:35,,,-1.8,-1.49,0.67,0.36,0.22,0.26,0.83,1.29,-1.2,-1.12,-0.56,0.03,1.86,-1.11,-0.33,-1.75,-0.28,0.87,-0.63,2.15,-2.08,-0.3,-2.49,-0.99,-2.77,-0.26,-0.87,1.64,-0.25,2.54,-2.0,0.66,0.59,1.14,3.59,-0.21,1.68,0.25,2.25,-0.93,5.67,-0.51,-1.29,-0.21,2.51,-0.94,2.22,-4.25,2.29,2.58,1.38,0.05,2.38,0.49,0.41,0.01,0.65,0.04,-0.36,0.31,0.14,-0.66,0.33,-2.06,-2.54,0.19,-2.56,0.15,-1.71,-0.18,0.13,1.06,0.34,1.42,0.14,0.08,-0.12,1.53,0.44,2.16,2.14,0.45,-0.05,-0.43,-0.19,1.45,-1.35,1.2,-0.84,0.43,1.74,1.83,1.08,1.06,0.45
293,97060412,11/4/2025,0:24:10,,,-1.28,-0.83,0.6,0.2,0.05,0.16,0.74,0.87,-0.66,-0.63,-0.51,-0.02,1.6,-0.77,-0.3,-1.34,-0.21,0.76,-0.73,1.95,-1.72,-0.41,-2.07,-1.0,-2.22,-0.26,-0.91,1.12,-0.4,2.1,-2.31,0.62,0.58,1.11,3.18,-0.33,1.29,0.1,1.92,-1.16,5.33,-0.57,-1.37,0.26,2.43,-0.48,2.23,-3.76,2.21,2.5,1.31,-0.06,1.94,0.3,-0.09,-0.29,0.33,-0.15,-0.42,0.53,0.03,-0.74,0.15,-1.83,-1.87,0.15,-2.36,-0.13,-1.34,-0.53,0.42,1.35,0.11,1.35,-0.06,-0.02,-0.32,1.77,1.16,1.44,1.35,0.41,-0.33,-0.66,-0.74,0.79,-0.81,1.27,-0.62,0.65,1.49,1.89,1.22,0.98,0.66
294,97060362,11/4/2025,0:26:32,,,-1.33,-1.09,0.56,0.16,-0.04,0.26,0.36,0.89,-0.9,-0.44,-0.58,0,1.87,-1.1,-0.34,-1.59,-0.34,0.78,-0.7,1.95,-2.04,-0.51,-2.34,-1.11,-3.36,-0.39,-0.95,1.53,-0.43,2.43,-2.22,0.48,0.65,1.02,3.57,-0.37,1.57,0.11,2.2,-1.02,5.51,-0.59,-1.35,-0.22,2.4,-0.94,2.12,-4.36,2.21,2.59,1.29,-0.07,2.27,0.39,0.38,-0.08,0.61,-0.03,-0.51,0.06,0.14,-0.68,-0.23,-2.37,-2.6,0.13,-2.01,0,-2.44,-0.23,-0.29,1.02,0.15,1.31,0.08,0.16,-0.28,1.91,0.36,2.14,1.92,0.48,0.09,-0.61,0.11,1.35,-2.03,0.81,-0.64,0.34,1.59,1.87,0.87,1.04,0.68
295,97060370,11/4/2025,0:27:25,,,-1.75,-1.41,0.44,0.31,0.01,0.4,0.86,1.07,-0.68,-0.5,-0.45,0.09,1.59,-1.55,-0.23,-1.98,0.02,0.74,-0.79,1.9,-2.44,-0.28,-2.71,-0.71,-3.58,-0.12,-0.85,1.86,-0.43,2.78,-2.18,0.52,0.67,1.12,3.93,-0.37,1.99,0.25,2.55,-1.06,5.48,-0.6,-1.39,-0.51,2.55,-1.29,2.33,-4.59,2.46,2.71,1.37,-0.09,2.64,0.35,0.69,-0.1,0.86,-0.06,-0.7,0.35,0.23,-0.98,-0.3,-2.58,-2.64,0.18,-2.73,0.1,-2.19,-0.49,-0.15,1.15,0.5,1.73,0.2,-0.12,-0.27,1.36,1.24,2.49,2.31,0.52,0.2,-0.85,-0.23,1.21,-0.49,1.06,-0.59,0.38,1.71,1.84,1.21,0.99,0.43
