Unnamed: 0,JSN,DATE,TIME,Lab#,File Name,FB02A005R_D,FB02A304R_D,FB02A308R_D,FB02A376R_D,GB01A005R_D,GB01A304R_D,GB01A308R_D,GB01A376R_D,FB02A006_D,FB02A305_D,FB02A309_D,FB02A377_D,GB01A006_D,GB01A305_D,GB01A309_D,GB01A377_D,FB05A430R_D,FB05M069R_D,GB04A430R_D,GB04M069R_D,FB05A430_D,FB05M069_D,GB04A430_D,GB04M069_D,FB11A011R_D,FB11A510R_D,GB10A011R_D,GB10A510R_D,FB08A003R_D,FB08A004R_D,FB08A005R_D,GB07A003R_D,GB07A004R_D,GB07A005R_D,FB013A002_D,FB13A002R_D,FB13A702R_D,GB12A002R_D,GB12A702R_D,FB13A030R_D,FB13A532R_D,FB13A830R_D,GB12A030R_D,GB12A532R_D,GB12A830R_D,FB18A550R_D,FB29A010R_D,FB29A544R_D,GB17A550R_D,GB28A010R_D,GB28A544R_D,FB18A070R_D,FB18A552R_D,GB17A552R_D,GB17A070R_D,FB11A011_D,FB11A510_D,GB10A011_D,GB10A510_D,FB08A003_D,FB08A004_D,FB08A005_D,GB07A003_D,GB07A004_D,GB07A005_D,FB013A001_D,FB13A001_D,FB13A701_D,GB12A001_D,GB12A701_D,FB13A030_D,FB13A532_D,FB13A830_D,GB12A030_D,GB12A532_D,GB12A830_D,FB18A550_D,FB29A010_D,FB29A544_D,GB17A550_D,GB28A010_D,GB28A544_D,FB18A070_D,FB18A552_D,GB17A552_D,GB17A070_D,FB33A033_D,FB33A037R_D,FB33A001_D,GB32A033_D,GB32A0037R_D,GB32A001_D,FB23A796R_D,FB23A797_D,GB22A796R_D,GB22A797_D,H8029M003Y_Y,H8029M029Y_Y,H8029M003Z_Z,H8029M029Z_Z
47,97051106,11/3/2025,8:46:12,,,-0.39,0.33,-0.8,-1.54,4.65,4.08,5.26,4.92,-1.41,-1.83,-0.91,-1.6,4.05,3.51,3.66,5.89, , , , , , , , ,-2.33,-1.61,0.29,3.47,1.06,1.88,0.5,4.94,7.08,4.73,3.1,-0.79, ,4.9, ,0.98,0.93, ,4.59,4.32, , , ,-3.2, , ,1.69, ,-0.09,4.09, ,-1.9,-1.2,1.66,4.19,0.73,1.8,0.44,4.64,4.68,3.76,2.74,-0.56, ,6.45, ,2.34,-0.6, ,4.53,3.21, , , ,-0.24, , ,1.29,1.41,1.53,3.58,4.61,-11.83,-11.35,-11.04,14.49,14.85,15.42,3.8,1.23,4.54,4.36,,,,
49,97054910,11/3/2025,8:48:56,,,-1.19,-0.07,-1.02,-1.72,4.61,4.5,5.03,4.76,-2.67,-1.46,-0.62,-0.74,4.55,3.34,3.46,4.88, , , , , , , , ,-2.36,-1.77,0.21,3.18,1.02,1.84,0.33,4.21,7.1,4.91,2.68,-1.6, ,5.86, ,0.7,1.16, ,5.51,4.93, , , ,-3.1, , ,2.07, ,-0.2,3.62, ,-2.76,-0.66,3.51,3.95,0.99,1.42,1.16,4.17,4.5,3.73,1.8,-1.22, ,6.59, ,1.53,-1.13, ,4.52,3.19, , , ,-2.11, , ,2.25,0.72,0.52,3.42,3.78,-11.08,-10.74,-10.54,15.07,15.19,15.54,3.84,1.49,4.76,4.68,,,,
51,97054894,11/3/2025,8:50:42,,,-0.79,-1.14,-1.93,-2.83,4.56,4.96,5.56,5.58,-0.7,-0.4,-0.26,0.53,3.66,2.71,3.03,4.35, , , , , , , , ,-1.42,-1.59,-0.21,3.29,0.88,1.65,0.78,5.32,6.98,4.88,3.71,-0.32, ,6.36, ,1.25,0.54, ,5.2,3.99, , , ,-4.66, , ,2.39, ,-1.2,3.6, ,0.3,-1.02,1.4,2.87,0.64,1.7,0.39,4.64,4.8,3.85,4.23,0.54, ,6.92, ,2.7,-0.89, ,4.53,2.41, , , ,-0.44, , ,1.71,1.3,1.5,3.87,4.67,-11.88,-10.67,-10.62,14.09,15.23,15.12,3.85,1.87,5.2,3.99,,,,
55,97054852,11/3/2025,8:54:07,,,-1.48,-0.47,-1.51,-1.73,4.19,4.16,4.87,4.78,-1.2,-0.97,-0.51,-0.34,3.94,2.63,2.94,4.81, , , , , , , , ,-3.2,-1.52,0.99,3.95,0.4,1.87,0.35,4.68,7.03,5.47,2.01,-1.94, ,6.57, ,0.56,1.66, ,5.04,4.66, , , ,-3.54, , ,2.41, ,-1.03,3.2, ,-2.05,-1.33,3.09,3.28,0.55,1.42,0.57,4.74,4.85,3.68,2.61,-0.92, ,6.67, ,1.69,-1.13, ,4.62,3.98, , , ,-0.79, , ,1.53,1.03,1.16,3.37,3.96,-11.27,-11.02,-10.58,14.29,14.83,15.28,4.04,1.44,4.27,4.43,,,,
56,97054928,11/3/2025,8:55:11,,,-0.49,-0.03,-1.57,-1.27,5.74,5.68,6.22,5.58,-0.81,-0.98,-0.55,-0.07,3.38,2.45,2.62,4.99, , , , , , , , ,-0.91,-1.47,-0.02,3.38,0.81,1.57,0.77,3.95,5.81,4.27,3.45,0.29, ,5.81, ,1.21,0.92, ,4.7,3.68, , , ,-4.95, , ,2.45, ,-1.37,4.22, ,-2.62,-1.25,2.39,3.49,0.51,1.8,0.52,4.3,4.68,3.87,1.88,-3.4, ,5.11, ,1.23,0.33, ,4.28,3.56, , , ,0.41, , ,1.92,1.36,2.21,3.91,4.86,-11.19,-11.09,-10.67,14.13,14.95,15.25,4.01,1.48,4.6,3.59,,,,
58,97054902,11/3/2025,8:56:54,,,-0.81,-0.33,-1.12,-1.72,4.62,4.73,4.9,5.35,-0.34,-1.22,-0.43,-0.54,3.29,3.06,2.91,4.92, , , , , , , , ,-1.91,-1.62,-0.04,3.5,0.6,1.82,0.39,4.95,6.34,4.6,3.22,-0.73, ,5.09, ,0.96,0.72, ,4.52,4.62, , , ,-4.19, , ,1.39, ,-0.63,3.82, ,-0.92,-0.8,2.23,3.33,0.14,1.59,0.26,4.76,5.04,4.18,2.66,-1.39, ,7.25, ,1.59,-1.06, ,4.37,1.8, , , ,0.11, , ,2.4,0.81,1.4,3.68,4.3,-11.15,-10.97,-10.51,14.28,14.78,15.15,4.14,1.47,4.76,3.97,,,,
60,97054860,11/3/2025,8:58:40,,,-0.98,-0.19,-1.94,-1.33,5.29,5.68,6.22,5.58,-1.19,-0.97,-0.3,-0.66,4.08,2.78,3.04,5.26, , , , , , , , ,-2.21,-0.95,1.08,3.8,0.57,1.29,1.1,3.96,6.43,5.06,1.82,-1.45, ,5.26, ,0.68,1.45, ,4.5,4.55, , , ,-5.12, , ,2.21, ,-0.8,3.64, ,-1.86,-1.02,2.12,3.56,0.65,1.36,0.8,4.69,4.78,3.78,1.62,-1.57, ,4.78, ,1.44,-0.39, ,4.19,3.96, , , ,0.09, , ,2.01,1.2,1.72,3.73,4.35,-11.89,-10.52,-10.7,14.06,14.79,14.79,3.61,2.22,4.17,4.79,,,,
61,97054837,11/3/2025,9:00:22,,,-0.8,-0.16,-1.14,-1.63,5.58,5.04,5.24,5.56,-0.97,-1.07,-1.04,-0.73,3.56,2.85,2.93,5.43, , , , , , , , ,-0.25,-1.26,-1.62,3.18,0.87,1.45,1.08,4.22,5.67,3.65,4.24,0.33, ,6.82, ,1.24,0.05, ,5.45,3.66, , , ,-4.08, , ,2.62, ,-0.73,3.81, ,-1.54,-0.6,3.05,3.4,0.84,1.28,0.98,5.52,5.17,4.3,2.3,-0.73, ,5.16, ,1.74,-0.98, ,3.98,3.47, , , ,-0.04, , ,1.48,1.01,1.52,3.7,4.61,-11.25,-10.78,-10.36,14.16,15.46,15.37,3.56,1.07,4.46,3.91,,,,
64,97078273,11/3/2025,9:16:38,,,-0.82,-0.54,-1.06,-2.15,4.6,4.4,4.98,5.14,-1.46,-1.39,-0.76,-0.67,3.93,2.78,3.14,4.6, , , , , , , , ,-1.35,-1.67,-0.12,3.34,1.14,1.48,0.21,5.14,7.33,4.92,3.32,-0.78, ,5.18, ,0.87,0.94, ,4.87,4.04, , , ,-3.57, , ,2.14, ,-0.57,4.04, ,-2.05,-0.89,1.98,3.78,0.73,1.53,0.4,4.93,5.06,4.27,2.43,-2.58, ,5.68, ,1.59,0.13, ,4.33,2.88, , , ,0.34, , ,1.35,1.61,2.68,3.67,4.56,-11.19,-11.03,-10.71,14.15,14.77,15.23,3.65,1.54,4.56,4.23,,,,
65,97078265,11/3/2025,9:17:29,,,-0.8,-0.6,-1.54,-2.17,5.32,5.0,5.66,5.38,-0.41, ,-0.78,0.27,3.34, ,3.26,5.01, , , , , , , , ,-2.42,-1.65,0.14,3.62,1.08,1.85,0.46,4.66,7.11,4.96,3.0,-2.06, ,4.25, ,0.66,1.73, ,4.82,4.56, , , ,-5.12, , ,1.89, ,-0.62,3.61, ,-2.41,-1.09,2.75,3.83,0.15,1.54,-0.02,4.25,4.88,4.57,2.69,-1.3, ,6.62, ,1.5,-1.33, ,4.54,2.68, , , ,-1.12, , ,2.27,0.91,1.16,3.87,4.29,-11.36,-10.46,-10.25,14.24,15.17,15.19,3.2,1.37,4.21,4.32,,,,
66,97047500,11/3/2025,9:18:28,,,-1.48,-0.68,-1.11,-2.21,4.87,4.18,4.56,5.07,-0.1,0.06,-0.16,0.72,3.64,2.74,2.88,4.69, , , , , , , , ,-3.85,-1.56,1.9,4.07,0.95, ,0.74,4.89, ,5.42,0.77,-1.94, ,4.86, ,0.53,2.2, ,4.48,5.39, , , ,-4.89, , ,1.68, ,-0.59,3.48, ,-2.15,-1.06,3.45,3.33,0.18,1.75,0.46,4.63,4.77,4.02,2.06,-1.66, ,5.77, ,1.3,-1.16, ,4.21,3.02, , , ,-0.35, , ,2.26,0.98,1.59,4.13,4.53,-11.17,-10.89,-10.43,15.18,15.13,15.74,3.43,1.51,4.37,4.58,,,,
68,97053789,11/3/2025,9:23:18,,,-0.23,-0.08,0.14,-2.02,4.92,4.97,4.56,6.02,-1.39,-0.96,-0.82,-0.4,3.65,2.78,3.19,4.04, , , , , , , , ,-1.78,-1.21,-0.14,3.37,0.96,1.43,1.04,5.57,6.92,4.52,3.82,-0.39, ,6.95, ,1.07,0.73, ,5.43,3.38, , , ,-4.76, , ,3.31, ,-1.56,3.62, ,-0.6,-0.67,2.19,3.61,0.52,1.52,0.42,4.22,4.85,4.45,3.41,0.29, ,6.8, ,2.01,-2.28, ,4.21,1.79, , , ,-0.93, , ,1.52,0.99,1.29,3.56,4.26,-11.41,-11.11,-10.57,14.18,14.65,15.17,3.9,0.9,4.74,4.22,,,,
69,97053797,11/3/2025,9:24:08,,,-0.26,0.0,-0.43,-1.83,4.39,4.55,5.05,5.58,-0.48,-0.76,-0.77,0.21,3.43,2.43,3.24,4.69, , , , , , , , ,-2.6,-1.45,0.3,3.66,0.93,1.69,0.53,5.73,6.89,5.31,2.86,-1.14, ,5.68, ,0.91,1.26, ,4.45,4.33, , , ,-4.59, , ,2.1, ,-1.21,3.61, ,-2.22,-0.74,3.87,3.92,0.01,1.34,0.37,4.77,5.46,4.53,0.77,-2.91, ,4.68, ,1.21,-0.14, ,3.59,3.58, , , ,1.31, , ,1.67,1.31,2.26,3.59,4.5,-11.63,-10.78,-10.66,14.35,14.74,14.91,3.59,1.14,4.08,4.74,,,,
70,97077317,11/3/2025,9:25:01,,,-1.28,-0.84,-0.93,-2.5,4.58,4.8,4.79,5.76,-0.66,-0.54,-0.51,0.15,2.96,2.62,2.88,4.77, , , , , , , , ,-3.2,-1.51,0.57,3.71,0.83,1.37,0.47,5.37,6.93,4.93,2.72,-0.87, ,3.5, ,0.88,0.93, ,4.79,6.34, , , ,-4.61, , ,0.77, ,-0.85,2.79, ,-2.88,-1.07,2.72,3.98,0.37,1.76,0.03,4.73,5.31,4.8,1.87,-2.65, ,4.84, ,1.73,-0.74, ,3.62,3.01, , , ,0.1, , ,0.9,1.39,1.79,3.45,4.49,-10.78,-10.71,-10.05,13.06,15.29,15.0,3.16,1.29,5.41,3.57,,,,
73,97077309,11/3/2025,9:29:30,,,-0.72,-0.14,-0.45,-2.14,4.48,4.71,4.69,5.68,-0.64,-1.29,-0.88,-0.8,3.42,2.73,2.99,5.15, , , , , , , , ,-0.02,-1.27,-0.58,3,0.08,1.21,-0.17,5.52,6.93,4.96,4.24,-0.18, ,5.34, ,1.45,1.07, ,5.28,4.08, , , ,-3.59, , ,1.89, ,-0.48,3.95, ,-2.28,-1.19,2.95,3.64,0.47,1.87,0.0,4.31,5.05,4.25,2.01,-2.83, ,4.87, ,1.38,-0.71, ,4.09,4.04, , , ,0.88, , ,1.29,1.32,2.32,3.67,4.41,-11.24,-10.63,-10.47,14.56,15.09,15.57,3.45,1.54,4.36,4.64,,,,
74,97078257,11/3/2025,9:30:21,,,-0.11,0.4,-1.25,-0.28,5.63,4.96,5.71,5.02,-0.58,-0.86,-0.84,-0.14,3.84,2.82,3.5,4.4, , , , , , , , ,-2.49,-1.4,1.56,3.87,1.16,1.76,0.22,3.61,5.81,4.52,1.51,-1.39, ,4.87, ,0.81,2.08, ,4.14,4.73, , , ,-4.0, , ,1.82, ,-0.66,4.12, ,-0.48,-0.8,2.06,4.0,0.27,1.82,0.18,5.04,5.01,4.2,3.16,-1.4, ,6.82, ,2.11,-1.36, ,4.42,2.1, , , ,0.54, , ,1.64,1.23,2.12,3.75,4.56,-11.67,-10.79,-10.75,14.42,14.85,15.27,3.51,1.52,4.05,4.67,,,,
75,97053771,11/3/2025,9:31:53,,,-0.14,-0.27,-0.55,-1.49,5.75,5.01,5.35,5.83,-0.51,-0.57,-0.45,0.04,3.43,2.02,3.07,4.66, , , , , , , , ,-1.5,-1.22,-0.16,3.15,0.69,1.53,0.49,4.5,6.06,3.48,3.04,-1.29, ,5.41, ,0.86,1.2, ,5.35,4.65, , , ,-3.82, , ,1.2, ,-0.3,3.26, ,-2.61,-1.13,2.07,4.2,0.36,1.69,0.25,5.5,5.49,4.37,2.57,-1.14, ,5.82, ,1.78,-1.07, ,3.86,2.75, , , ,-1.02, , ,1.09,1.24,1.44,3.4,4.45,-11.41,-10.71,-10.31,14.22,14.92,15.07,4.01,2.24,4.29,4.55,,,,
76,97053755,11/3/2025,9:38:15,,,-0.35,0.31,-1.03,-1.42,4.75,5.41,5.71,5.47,-0.18,-0.87,-0.54,-0.11,3.74,2.77,2.97,4.89, , , , , , , , ,-1.91,-1.85,-0.24,3.61,0.46,1.69,0.16,4.25,6.54,5.34,2.83,-1.29, ,4.43, ,1.04,1.15, ,4.44,4.84, , , ,-3.38, , ,0.53, ,-0.08,3.32, ,-2.69,-0.99,2.78,3.81,0.08,1.52,0.24,4.72,5.17,4.7,2.54,-1.63, ,6.34, ,1.67,-0.6, ,3.95,2.74, , , ,-0.93, , ,2.02,0.86,1.17,3.74,4.21,-11.55,-10.98,-10.55,14.34,14.93,15.21,4.04,1.21,4.42,4.3,,,,
78,97077283,11/3/2025,9:40:03,,,-1.32,-0.59,-1.1,-1.67,4.78,5.16,5.2,5.01,-0.95,-1.21,-0.75,-0.53,3.27,2.71,2.61,4.49, , , , , , , , ,-1.68,-1.99,-0.32,3.13,1.36,1.96,0.49,4.03,6.85,4.41,3.71,-0.56, ,5.29, ,1.37,0.9, ,5.04,3.97, , , ,-4.06, , ,2.01, ,-0.72,3.72, ,0.25,-0.86,1.69,2.77,0.26,1.59,0.29,4.65,4.55,3.77,3.26,-0.3, ,5.74, ,2.16,-0.97, ,4.42,3.62, , , ,1.43, , ,0.42,1.47,2.32,3.48,4.83,-11.66,-10.59,-10.61,14.18,14.43,14.97,3.6,1.8,4.68,4.69,,,,
80,97077267,11/3/2025,9:41:48,,,-0.3,0.42,-0.77,-1.03,4.74,4.18,5.06,4.66,-2.58,-1.32,-0.42,-0.97,3.52,3.08,3.14,5.02, , , , , , , , ,0.08,-1.51,-0.56,3.26,0.38,1.57,0.28,4.93,6.59,4.82,4.38,0.85, ,3.98, ,1.58,-0.08, ,4.59,4.34, , , ,-3.8, , ,0.83, ,-0.21,3.76, ,-2.75,-1.08,1.88,3.87,0.84,1.55,0.73,5.48,5.59,4.2,1.45,-2.31, ,5.93, ,1.58,-0.51, ,4.47,3.45, , , ,-0.79, , ,2.51,1.25,2.64,3.59,4.3,-11.62,-11.5,-10.84,14.31,15.06,15.5,4.25,1.52,4.57,4.1,,,,
82,97078703,11/3/2025,9:44:32,,,-0.14,-1.05,-0.94,-2.78,4.78,4.04,4.87,4.98,-1.08,-1.02,-0.54,-0.79,4.0,2.49,2.81,3.93, , , , , , , , ,-2.88,-1.58,1.75,4.03,1.12,0.63,0.61,4.55,2.94,5.14,0.95,-0.68, ,4.6, ,0.78,0.68, ,4.23,5.52, , , ,-5.07, , ,1.01, ,-1.04,3.71, ,1.26,-0.91,-0.05,3.06,0.7,1.83,0.62,5.57,5.09,3.46, ,1.22, ,7.72, ,2.79,-1.84, ,5.31,2.11, , , ,-0.09, , ,1.34,1.18,1.51,3.54,4.48,-11.89,-10.92,-11.03,14.39,15.27,15.7,3.49,2.52,4.33,4.81,,,,
83,97053730,11/3/2025,9:45:31,,,-0.83,-0.07,-0.49,-1.64,4.64,4.07,4.65,4.75,-1.43,-1.8,-0.79,-1.69,4.19,3.19,3.44,5.25, , , , , , , , ,-0.48,-1.89,-3.25,3.39,0.87,1.77,0.23,5.39,6.94,4.99,3.77,0.64, ,5.22, ,1.09,-0.56, ,5.16,3.92, , , ,-5.43, , ,1.72, ,-1.18,3.58, ,-2.62,-0.99,3.29,3.77,1.03,1.39,0.62,4.7,5.72,4.68,2.07,-1.48, ,6.18, ,1.79,-0.99, ,4.01,3.12, , , ,-0.88, , ,2.07,1.1,1.6,3.65,4.07,-11.61,-11.17,-11.04,14.72,14.81,15.57,3.87,1.26,4.21,4.49,,,,
84,97053748,11/3/2025,9:46:21,,,-1.52,-1.29,-1.24,-3.25,4.76,5.39,5.18,6.31,-0.86,-0.34,-0.32,0.1,3.69,2.51,2.67,4.78, , , , , , , , ,-3.45,-1.5,2.01,4.05,1.69,1.54,0.47,4.19,7.34,5.74,0.7,-1.8, ,5.75, ,0.6,2, ,4.43,4.96, , , ,-5.63, , ,2.2, ,-1.04,3.81, ,-1.3,-0.67,3.07,3.19,1.11,1.27,0.84,4.87,4.39,3.7,2.1,-1.33, ,5.31, ,1.61,-0.82, ,4.77,4.71, , , ,-0.02, , ,1.12,1.27,1.93,3.41,4.54,-11.33,-11.31,-10.97,14.21,14.74,15.29,3.88,1.9,4.58,4.27,,,,
85,97078299,11/3/2025,9:47:15,,,-0.9,-0.9,-0.77,-2.63,4.95,4.77,4.99,5.25,-0.92,-1.27,-1.01,-0.9,3.76,3.04,3.02,4.83, , , , , , , , ,-2.23,-1.7,0.36,3.77,1.27,1.86,0.75,5.02,7.59,5.02,2.65,-1.2, ,5.43, ,0.73,1, ,4.87,4.12, , , ,-4.73, , ,2.21, ,-1.21,3.54, ,-2.77,-0.91,3.82,4.01,0.95,1.5,0.68,4.78,4.65,4.87,0.96,-2.04, ,3.48, ,1.38,-0.59, ,3.06,3.98, , , ,-0.51, , ,0.77,1.32,2.42,3.93,5.2,-10.92,-10.99,-10.71,13.97,15.13,15.09,3.49,1.01,4.85,3.86,,,,
87,97046858,11/3/2025,9:48:56,,,-1.01,-0.35,-1.2,-1.8,4.65,4.35,4.94,4.98,-1.14,-0.38,-0.2,0.53,4.18,2.65,3.26,4.06, , , , , , , , ,-1.32,-1.39,-0.14,3.43,1.38,1.85,0.81,5.73,7.22,5.18,3.15,-1.16, ,5.86, ,0.84,0.75, ,5.15,4.62, , , ,-3.66, , ,1.74, ,-0.3,3.52, ,-0.73,-0.81,2.51,3.25,0.63,1.1,0.8,4.79,4.99,3.66,2.56,-0.26, ,6.74, ,1.95,-0.81, ,4.67,2.83, , , ,-0.33, , ,2.07,0.85,1.32,3.59,4.52,-11.06,-11.4,-10.61,15.12,14.88,15.51,3.83,1.72,4.22,5.17,,,,
92,97078562,11/3/2025,9:53:22,,,-0.5,0.18,-0.67,-1.36,4.59,5.1,5.28,5.28,-0.15,-1,-0.75,-0.29,3.9,2.61,3.19,4.52, , , , , , , , ,-1.42,-1.39,-0.26,3.46,0.33,1.33,0.27,4.42,6.73,5.27,3.51,-0.94, ,5.63, ,0.87,0.14, ,5.21,4.24, , , ,-3.2, , ,1.61, ,-0.52,3.42, ,-3.22,-0.6,4.62,4.12,0.7,1.31,0.75,4.75,4.85,4.51,0.88,-1.56, ,4.39, ,1.63,-0.8, ,3.99,3.98, , , ,-1.32, , ,2.48,0.99,1.34,4.21,4.5,-11.16,-11.23,-10.46,14.76,15.04,15.61,3.72,1.79,4.05,4.27,,,,
93,97078554,11/3/2025,9:54:12,,,-0.33,-0.02,-0.66,-1.6,4.25,4.04,4.89,4.77,-0.72,-1.2,-0.46,-0.7,4.31,2.99,3.27,5.04, , , , , , , , ,-0.07,-1.42,-0.61,3.24,0.69,1.3,0.78,6.13,7.1,4.83,4.38,0.38, ,6.07, ,1.44,0.92, ,5.3,4.08, , , ,-4.12, , ,1.99, ,-0.19,3.81, ,0.26,-0.65,1.73,2.57,0.85,1.43,0.82,4.62,4.35,3.23,3.8,-0.01, ,6.7, ,2.33,-1.17, ,4.82,3.94, , , ,0.65, , ,1.08,1.25,2.16,3.71,4.71,-11.58,-10.79,-10.78,14.4,14.89,15.46,3.4,1.43,3.74,4.39,,,,
94,97078240,11/3/2025,9:55:02,,,-0.89,-0.67,-1.08,-2.55,4.4,4.5,4.9,5.43,-1.32,-1.04,-0.54,-0.63,4.27,2.53,2.76,4.33, , , , , , , , ,-2.46,-1.61,0.64,3.63,1.4,1.6,0.61,5.16,7.4,4.89,2.06,-1.78, ,6.68, ,0.58,1.51, ,5.14,4.61, , , ,-3.31, , ,2.11, ,-0.4,3.18, ,-1.23,-0.9,2.74,3.06,1.01,1.59,0.58,4.81,4.8,3.24,2.97,-0.72, ,6.5, ,1.73,-1.26, ,4.62,3.84, , , ,-0.12, , ,1.7,0.96,1.55,3.89,4.65,-11.23,-11.16,-10.37,14.48,15.72,15.68,3.35,1.5,4.52,3.85,,,,
95,97078224,11/3/2025,9:56:01,,,-0.8,-0.63,-0.93,-2.53,4.31,4.22,4.74,5.79,-0.24,-1.02,-0.72,-0.39,3.59,2.83,2.73,4.92, , , , , , , , ,-1.98,-1.8,-0.2,3.63,1.29,1.85,0.26,7.31,8.08,5.24,2.79,-1.34, ,4.74, ,0.95,1.79, ,4.69,4.68, , , ,-3.06, , ,0.99, ,-0.13,3.33, ,-3.22,-1.69,3.13,3.69,0.07,0.93,-0.15,4.68,4.67,4.04,1.67,-2.4, ,5.69, ,1.49,0.34, ,4.14,4.07, , , ,-0.47, , ,1.54,1.15,1.4,3.72,4.52,-11.45,-10.99,-10.5,13.71,15.42,15.36,3.45,1.87,5.12,3.85,,,,
96,97078232,11/3/2025,9:56:52,,,-0.87,-0.93,-1.7,-2.32,4.57,4.26,4.67,5.23,-0.06,0.04,-0.22,0.79,3.71,2.51,3.33,4.18, , , , , , , , ,-2.05,-1.88,1.32,4.33,0.82,1.76,-0.03,5.1,7.12,5.17,1.46,-1.89, ,4.53, ,0.7, , ,4.33, , , , ,-3.15, , ,1.48, ,0.49,3.67, ,-0.43,-1.04,2.14,2.96,0.36,1.96,0.31,4.09,4.39,3.39,3.19,-0.58, ,7.59, ,2.33,-0.18, ,4.75,3.33, , , ,0.09, , ,2.2,1.04,1.47,3.71,4.26,-11.55,-10.73,-10.71,14.41,15.14,15.32,3.76,1.47,4.44,4.05,,,,
97,97048029,11/3/2025,9:57:49,,,-0.23,-0.54,-1.12,-2.25,5.09,4.92,5.48,5.51,-0.26,-0.98,-0.36,-0.77,3.33,2.69,2.96,5.3, , , , , , , , ,-2.19,-1.5,-0.09,3.27,0.67,1.15,0.62,3.99,3.91,4.15,2.86,-1.62, ,4.93, ,0.81,1.83, ,5.29,5.01, , , ,-3.8, , ,1.45, ,0.26,3.23, ,-3.43,-1.1,3.81,3.49,0.42,1.58,0.5,4.23,4.93,4.73,1.33,-2.64, ,4.5, ,1.48,0.31, ,3.74,4.42, , , ,-0.57, , ,1.77,1.11,1.4,3.99,4.64,-10.93,-11.0,-10.44,14.2,14.92,15.16,3.89,1.56,4.53,4.22,,,,
98,97078216,11/3/2025,9:58:42,,,-1.65,-0.03,-1.23,-1.23,5.11,5.34,5.55,5.37,-0.03,-0.4,0.06,0.05,3.22,2.22,2.78,4.49, , , , , , , , ,-1.22,-1.74,-0.26,3.17,0.75,1.69,0.47,4.11,6.22,4.13,3.7,-0.85, ,6.12, ,1.14,1.61, ,5.26,3.94, , , ,-3.98, , ,2.38, ,-0.21,4.05, ,-1.58,-0.9,1.45,3.53,0.11,1.44,0.34,4.62,5.62,4.76,2.11,-1.7, ,4.91, ,1.83,-0.77, ,3.23,2.34, , , ,0.43, , ,1.95,1.48,2.61,4.18,5.07,-11.81,-10.96,-10.85,14.73,14.68,15.36,3.94,1.71,4.02,4.85,,,,
101,97053813,11/3/2025,10:01:17,,,-0.49,-0.96,-1.59,-1.81,4.93,4.43,5.41,4.79,-0.54,-0.79,-0.83,-0.15,3.9,3.15,3.47,5.05, , , , , , , , ,-2.39,-1.62,0.24,3.42,0.65,2.03,0.59,4.05,5.84,4.12,3.16,-1.53, ,5.55, ,0.89,0.31, ,4.8,4.34, , , ,-5.22, , ,2.93, ,-0.75,3.86, ,-1.43,-0.82,2.26,3.65,0.87,1.05,0.82,4.86,4.74,3.81,3.08,-0.69, ,6.72, ,1.86,-1.63, ,4.7,3.35, , , ,-0.28, , ,2.34,1.1,1.72,3.74,4.15,-11.09,-10.7,-10.33,14.93,14.75,15.48,3.3,1.86,3.84,4.68,,,,
103,97078208,11/3/2025,10:05:09,,,-0.67,-0.45,-1.02,-1.69,4.96,4.06,4.74,4.88,-0.13,0.02,-0.08,0.48,3.64,2.94,3.24,4.93, , , , , , , , ,-0.89,-1.55,-0.36,3.4,0.71,2.1,0.32,5.41,6.77,4.43,3.92,-0.13, ,4.96, ,1.45,0.61, ,4.56,4.01, , , ,-4.21, , ,1.52, ,-0.36,3.78, ,-0.7,-0.79,2.65,3.39,0.09,1.31,0.42,4.66,4.68,3.96,2.08,-0.37, ,4.7, ,1.96,-1.33, ,3.94,3.68, , , ,0.12, , ,1.85,1.21,3.16,3.89,5.06,-11.55,-10.69,-10.52,14.87,14.98,15.5,3.91,2.04,4.34,4.62,,,,
107,97078166,11/3/2025,10:09:30,,,-0.39,-0.18,-1.12,-0.96,5.7,5.07,5.46,5.41,0.06,-0.16,0.19,0.29,3.95,2.72,3.03,4.93, , , , , , , , ,-2.38,-1.59,1.86,4.1,0.36,1.48,0.28,4.16,6.14,4.4,1.3,-1.47, ,3.62, ,0.83,2.45, ,3.93,5.71, , , ,-4.04, , ,0.78, ,-0.04,3.98, ,-1.95,-0.84,1.04,3.84,0.57,1.77,0.56,5.05,4.99,4.15,1.93,-1.52, ,7.47, ,1.52,-0.92, ,5.02,2.86, , , ,-1.25, , ,2.63,0.65,0.88,3.11,3.62,-12.39,-11.38,-11.2,14.61,15.0,15.44,3.95,1.88,4.15,4.54,,,,
109,97078323,11/3/2025,10:12:09,,,-0.43,-0.62,-0.5,-2.08,5,3.99,4.58,4.84,-0.19,-0.29,-0.56,0.06,3.43,3.01,3.3,4.87, , , , , , , , ,-1.98,-1.39,0.62,3.79,0.51,1.11,0.79,4.6,6.48,4.55,2.37,-0.9, ,6.34, ,0.96,1.73, ,4.92,4.5, , , ,-4.3, , ,2.34, ,-0.78,3.64, ,-1.42,-0.72,2.55,3.71,-0.01,1.69,-0.26,4.68,4.89,4.73,2.87,-1.01, ,7.4, ,1.73,-0.96, ,4.28,1.11, , , ,-0.68, , ,3.04,0.85,1.39,4.44,4.54,-12.23,-10.72,-10.73,14.56,14.77,15.3,3.4,2.13,3.92,4.85,,,,
110,97078315,11/3/2025,10:13:40,,,-0.09,-0.69,-0.94,-2.35,5.18,5.05,5.44,5.6,0.16,-0.02,0.13,0.43,3.86,2.14,2.92,4.46, , , , , , , , ,-0.68,-1.21,-0.1,3.7,0.57,1.35,0.5,5.24,6.3,4.58,3.08,-0.09, ,6.58, ,1.14,1.16, ,4.85,3.83, , , ,-5.22, , ,2.27, ,-0.83,3.79, ,-0.93,-0.75,2.3,3.81,0.2,1.71,0.25,5.08,4.78,3.76,3.35,-0.33, ,6.24, ,2.28,-1.04, ,4.51,3.38, , , ,-0.24, , ,1.98,1.3,2.35,3.77,4.6,-11.95,-10.54,-10.69,14.39,15.26,15.5,3.29,2.21,4.21,4.61,,,,
111,97078307,11/3/2025,10:14:56,,,-1.14,-0.52,-0.89,-2.38,4.52,4.81,4.89,5.29,-1.42,-1.17,-0.42,-0.98,4.29,3.12,3.47,4.96, , , , , , , , ,-0.88,-1.32,-0.18,3.57,0.55,1.44,0.62,5.18,7.24,5.39,2.97,0.0, ,4.88, ,1.14,1.13, ,4.64,4.25, , , ,-3.98, , ,1.5, ,0.12,3.67, ,-2.44,-1.37,3.03,3.42,0.67,1.52,0.3,5.05,4.12,4.02,2.14,-1.76, ,5.24, ,1.58,-0.69, ,4.41,3.63, , , ,-0.14, , ,2.04,0.96,1.5,3.94,4.57,-11.49,-11.16,-10.69,14.65,15.13,15.64,3.85,1.83,4.68,4.26,,,,
113,97053714,11/3/2025,10:22:24,,,-0.24,-0.62,-0.85,-2.07,5.33,4.42,5.18,5.15,-0.9,-0.32,-0.19,-0.01,4.45,2.91,3.45,5.05, , , , , , , , ,-1.95,-1.64,1.57,4.19,1.34,1.79,0.49,4.32,6.76,4.82,1.33,-0.95, ,5.65, ,0.84,2.04, ,4.63,4.83, , , ,-3.81, , ,1.8, ,-0.54,3.76, ,-0.99,-1.08,2.43,3.19,0.99,1.3,0.69,5.08,4.82,3.55,3.3,-0.44, ,5.54, ,2.02,-1.92, ,5.09,3.96, , , ,0.03, , ,1.41,1.12,2.82,3.56,4.33,-11.63,-11.21,-10.8,14.38,15.08,15.53,3.52,1.5,4.05,4.41,,,,
114,97053706,11/3/2025,10:23:17,,,-0.83,-0.97,-1.65,-2.62,5.1,4.78,5.53,5.66,-1.03,-0.83,-0.28,-0.54,4.46,2.63,3.22,4.73, , , , , , , , ,-2.95,-1.46,1.41,4.05,0.9,0.36,0.33,4.88,3.63,5.27,1.18,-1.94, ,5.66, ,0.75,2.47, ,4.65,4.58, , , ,-4.16, , ,2.6, ,-0.43,3.85, ,-0.86,-0.73,2.59,2.89,1.04,1.07,1.03,4.8,4.51,3.24,3.16,0.04, ,6.78, ,2.18,-1.06, ,5.19,4.16, , , ,-0.16, , ,1.33,1.09,1.3,3.58,4.43,-11.18,-10.62,-10.54,14.79,15.22,15.57,3.19,1.36,4.59,4.41,,,,
116,97053664,11/3/2025,10:28:00,,,0.14,-0.76,-0.67,-2.18,5.44,4.31,4.65,5.16,-2.64,-0.47,-0.23,-0.24,4.07,2.98,3.37,4.56, , , , , , , , ,-1.71,-1.56,0,3.76,1.18,1.59,0.62,4.76,6.39,4.02,3.02,-1.14, ,4.91, ,1.01,1.6, ,4.79,4.46, , , ,-4.11, , ,1.51, ,-0.21,3.4, ,-1.15,-0.95,2.8,3.1,1.0,1.06,0.9,4.63,5.01,3.73,2.7,0.16, ,6.71, ,2.12,-1.27, ,4.96,3.55, , , ,-0.46, , ,0.93,1.17,1.42,3.51,4.37,-11.06,-11.08,-10.46,14.15,15.2,15.56,3.62,1.1,4.64,4.15,,,,
118,97053649,11/3/2025,11:09:42,,,-0.57,-0.69,-0.8,-2.85,4.37,4.61,4.88,5.78,-0.52,-0.49,-0.14,-0.37,4.13,2.78,3.26,4.94, , , , , , , , ,-1.6,-1.14,0.81,4.16,1.15,1.33,0.61,5.4,7.33,5.66,2.15,-0.59, ,5.92, ,0.82,0.98, ,4.78,4.57, , , ,-4.69, , ,1.96, ,-0.26,3.54, ,-1.73,-0.89,2.87,3.03,0.91,1.38,0.94,4.96,4.97,3.51,2.92,-0.18, ,7.29, ,1.86,-1.91, ,4.97,3.08, , , ,-2.26, , ,2.64,0.68,0.65,3.99,4.09,-11.51,-10.99,-10.71,14.86,15.24,15.57,3.25,1.46,4.71,4.32,,,,
119,97053672,11/3/2025,11:10:33,,,-0.77,-0.36,-0.8,-2.23,4.96,4.58,5.39,5.49,-0.62,-0.9,-0.1,-0.94,3.88,2.36,3.15,5.57, , , , , , , , ,-2.3,-1.64,1.04,3.96,1.33,1.7,0.38,4.41,7.17,5.35,2.0,-1.47, ,5.21, ,0.71,2.16, ,4.69,4.6, , , ,-4.62, , ,2.21, ,-0.84,3.86, ,-0.27,-0.58,2.11,2.39,0.96,1.36,1.06,4.85,4.38,3.08,3.68,0.33, ,7.6, ,2.08,-1.76, ,5.62,3.63, , , ,-0.58, , ,2.28,0.77,1.86,3.26,3.61,-11.42,-10.81,-10.49,14.23,15.08,15.16,3.48,1.81,4.39,4.47,,,,
120,97053623,11/3/2025,11:11:32,,,-1.05,-0.95,-1.67,-2.59,4.44,4.51,4.97,5.38,-0.61,-0.67,0.1,-0.66,4.07,3.42,3.22,5.3, , , , , , , , ,-1.42,-1.26,0.18,3.78,0.6,1.26,0.52,5.29,6.86,5.08,3.13,0.2, ,5.54, ,0.99,0.91, ,4.79,4.31, , , ,-5.38, , ,1.84, ,-1.07,3.6, ,-0.32,-0.69,1.94,2.95,0.95,1.14,0.98,4.94,4.75,3.94,3.86,1.3, ,6.33, ,2.44,-1.83, ,4.46,2.42, , , ,-1.45, , ,1.18,1.11,1.16,3.58,4.54,-11.98,-10.77,-10.73,14.54,15.06,15.17,3.24,2.04,3.92,4.77,,,,
121,97053607,11/3/2025,11:12:23,,,0.38,0.92,0.11,-0.02,7.27,4.43,5.27,4.93,-0.63,-0.58,-0.18,-0.35,4.25,2.46,3.09,4.63, , , , , , , , ,-2.31,-1.69,0.56,3.68,1.58,1.93,0.92,4.33,5.05,2.47,2.1,-1.34, ,5.42, ,0.84,1.93, ,4.61,4.42, , , ,-4.42, , ,1.88, ,-0.7,3.82, ,-2.04,-1.25,2.55,3.34,0.65,1.51,0.62,5.12,5.11,3.75,2.75,-0.89, ,7.17, ,2.18,-0.66, ,4.84,3.21, , , ,-1.19, , ,2.2,0.74,1.39,3.51,4.09,-11.47,-10.88,-10.62,14.32,15.27,15.49,3.38,1.94,4.5,4.5,,,,
122,97053656,11/3/2025,11:13:20,,,-0.58,0.29,-0.81,-0.9,4.9,4.22,4.93,4.77,-1.12,0.36,0.25,-0.16,4.21,3.02,3.2,4.93, , , , , , , , ,-2.08,-1.84,0.5,3.75,0.51,1.32,0.32,4.28,6.23,4.61,2.23,-1.11, ,4.45, ,0.77,1.53, ,4.32,4.66, , , ,-3.87, , ,1.39, ,-0.47,3.75, ,-1.32,-0.83,2.45,3.23,0.9,1.47,1.02,4.92,4.74,3.69,2.42,-1.41, ,5.94, ,1.62,-0.65, ,4.27,2.59, , , ,-0.65, , ,2.49,0.85,1.31,4.04,4.53,-11.26,-10.48,-10.24,14.96,15.01,15.53,3.37,2.01,4.32,4.97,,,,
124,97053631,11/3/2025,11:15:01,,,-0.99,-0.33,-0.49,-2.65,4.86,5.0,5.14,6.02,-0.25,-0.55,-0.15,-0.2,3.58,2.34,2.59,4.72, , , , , , , , ,-1.72,-1.42,1.12,3.94,1.47,1.68,0.86,5.0,7.38,5.1,1.69,-1.04, ,5.66, ,0.71,1.7, ,4.92,4.49, , , ,-4.65, , ,1.99, ,-0.77,3.67, ,-1.7,-0.85,2.1,3.39,0.87,1.48,0.59,5.3,5.09,4.46,2.69,-2.58, ,5.78, ,1.76,-0.81, ,4.16,3.03, , , ,1.32, , ,1.82,1.28,2.51,4.22,4.75,-11.16,-10.88,-10.49,13.95,14.96,14.99,3.86,1.37,4.83,4.15,,,,
125,97053615,11/3/2025,11:15:52,,,-0.54,-0.38,-1.88,-1.39,5.29,4.84,5.76,5.13,-0.79,-0.46,-0.41,0.32,3.87,2.58,3.23,4.52, , , , , , , , ,-1.57,-1.44,-0.09,3.46,0.84,1.66,0.79,4.2,5.99,3.93,2.99,-0.81, ,4.35, ,0.99,1.18, ,4.5,4.69, , , ,-3.75, , ,0.85, ,-0.23,3.78, ,-2.36,-0.95,4.47,2.95,0.52,0.74,0.9,3.93,4.18,3.94,0.72,-1.97, ,5.59, ,1.5,0.2, ,4.97,5.58, , , ,0.05, , ,2.11,0.95,1.61,3.66,4.26,-11.55,-11.29,-10.83,14.17,15.14,15.28,3.9,1.36,5.0,3.83,,,,
126,97053821,11/3/2025,11:33:47,,,0.05,0.2,-0.99,-1.74,5.12,4.52,5.26,5.3,-0.51,-1.36,-0.29,-1.45,3.3,2.31,2.34,4.73, , , , , , , , ,-2.56,-1.55,1.06,4.09,0.43,1.66,0.42,4.86,6.45,4.69,1.58,-1.74, ,4.66, ,0.78,2.42, ,4.06,5.11, , , ,-2.85, , ,1.06, ,0.11,3.85, ,-0.74,-0.75,3.11,3.5,0.5,1.27,0.79,4.48,4.67,4.09,2.36,0.09, ,6.85, ,2.01,-1.08, ,4.86,4.22, , , ,-0.81, , ,2.48,0.77,0.92,3.8,4.36,-11.21,-11.07,-10.52,14.22,15.29,15.2,3.94,1.57,4.44,4.38,,,,
128,97076061,11/3/2025,11:36:26,,,-0.9,0.15,-0.89,-1.14,5.2,4.34,5.66,4.73,-0.2,-1.5,-0.87,-1.13,3.77,2.43,3.04,5.3, , , , , , , , ,-2.86,-1.78,1.26,3.81,1.56,0.69,0.69,4.22,3.61,5.12,1.6,-1.5, ,4.26, ,0.74, , ,4.43, , , , ,-4.14, , ,1.19, ,-0.27,3.46, ,-2.78,-1.1,4.34,3.76,0.31,1.15,0.47,4.37,4.64,4.19,0.73,-2.14, ,4.3, ,1.29,-0.21, ,3.88,5.52, , , ,0.02, , ,1.41,1.05,1.7,3.69,4.48,-11.48,-10.82,-10.58,13.49,15.45,15.02,3.32,1.23,4.9,3.49,,,,
129,97076053,11/3/2025,11:39:11,,,-1.23,-0.37,-1.25,-2.7,4.78,5.03,5.5,5.57,-1.03,-1.2,0.03,-1.24,3.7,2.66,3.01,4.76, , , , , , , , ,-0.94,-1.29,-0.06,3.66,0.9,1.51,0.75,5.44,7.27,5.28,2.96,-0.31, ,5.57, ,0.96,1.26, ,4.86,4.23, , , ,-3.65, , ,1.69, ,-0.4,3.76, ,-0.46,-0.78,2.21,3.38,0.78,1.36,0.58,4.73,4.72,3.82,3.02,-0.78, ,6.86, ,1.64,-0.79, ,4.38,2.96, , , ,0.37, , ,1.85,1.17,2.01,3.75,4.55,-11.92,-11.03,-11.0,13.89,15.67,15.41,3.21,1.4,4.78,3.93,,,,
131,97075907,11/3/2025,11:41:48,,,0.22,0.08,-0.94,-1.13,5.14,4.27,5.35,4.67,-0.36,-0.86,-0.37,-0.15,3.68,2.65,3.08,4.55, , , , , , , , ,-3.6,-1.66,0.7,4,0.79,1.27,0.78,4.93,4.35,4.91,1.6,-2.72, ,4.27, ,0.58,1.91, ,4.3,4.79, , , ,-4.59, , ,1.73, ,-0.42,3.45, ,-2.72,-1.07,2.46,2.95,0.27,1.47,0.52,4.97,4.93,3.78,2.55,-1.35, ,6.06, ,1.63,-0.84, ,4.58,4.43, , , ,-1.13, , ,1.46,0.89,1.08,3.75,4.46,-11.51,-11.24,-10.85,14.35,15.67,15.56,3.04,1.37,4.84,3.7,,,,
132,97075881,11/3/2025,11:42:42,,,-0.32,0.27,-1.1,-0.99,5.55,4.87,5.52,5.25,-0.75,-1.57,-0.74,-1.27,3.3,2.31,2.91,5.01, , , , , , , , ,-3.13,-1.8,0.84,3.85,0.37,1.43,0.5,4.37,6.05,4.16,1.93,-1.45, ,5.15, ,0.81,2.12, ,4.47,4.97, , , ,-4.57, , ,1.33, ,-0.96,3.36, ,-2.82,-0.64,3.52,3.29,0.81,1.39,0.99,4.8,5.16,4.44,1.74,-1.35, ,5.13, ,1.47,-0.78, ,3.5,3.71, , , ,-1.04, , ,2.13,0.9,1.06,4.18,4.62,-11.49,-10.94,-10.61,14.14,15.05,15.37,3.42,2.13,4.33,4.53,,,,
134,97075865,11/3/2025,11:44:26,,,-1.01,-0.07,-1.06,-1.79,4.59,4.43,5.48,5.15,-1.1,-1.74,-0.36,-1.73,3.56,2.69,2.98,5.31, , , , , , , , ,-4.29,-1.9,2.74,4.38,1.29,0.58,0.64,4.85,3.84,5.61,-0.07,-2.39, ,5.68, ,0.56,3.27, ,4.27,5.76, , , ,-4.47, , ,1.87, ,-1.2,3.63, ,-0.76,-0.7,2.34,3.97,0.61,1.39,0.82,5.08,5.01,4.26,3.25,-0.07, ,6.34, ,2.35,-1.18, ,4.48,2.77, , , ,-0.56, , ,1.46,1.04,1.32,3.49,4.47,-11.97,-11.06,-11.1,14.31,15.16,15.38,3.41,1.91,4.01,4.31,,,,
135,97075931,11/3/2025,11:45:25,,,-1.01,1.04,-1.23,-0.34,4.91,5.04,5.75,5.07,-0.69,-1.15,-0.51,-0.87,3.56,2.54,3.04,5.18, , , , , , , , ,-1.45,-1.88,-0.41,3.59,0.33,1.49,0.12,4.65,6.58,4.92,3.48,-0.17, ,5.34, ,1.1,0.91, ,4.9,4.23, , , ,-4.6, , ,1.55, ,-0.74,3.64, ,-1.23,-0.55,3.23,3.52,0.87,1.07,0.93,5.39,5.03,4.31,1.83,-0.91, ,5.17, ,1.67,-0.89, ,3.6,3.54, , , ,0.11, , ,1.62,0.98,1.77,3.85,4.6,-11.51,-11.34,-10.72,14.27,14.88,15.33,3.97,2.2,4.68,4.13,,,,
136,97075915,11/3/2025,11:46:16,,,-1.31,0.08,-0.98,-1.73,4.86,4.5,5.46,4.91,-0.61,-0.86,-0.28,-0.46,3.83,2.75,3.03,5.79, , , , , , , , ,-1.48,-1.5,-0.17,3.46,0.87,1.29,0.55,5.62,7.32,5.14,3.19,-0.93, ,5.0, ,1.01,1.14, ,4.55,4.01, , , ,-4.0, , ,1.74, ,-0.26,4.07, ,-2.28,-0.81,5.11,3.77,1.01,1.13,0.92,4.82,4.82,4.5,0.07,-2.22, ,2.91, ,1.36,-0.18, ,3.14,5.33, , , ,0.18, , ,1.02,1.01,1.49,3.86,4.93,-11.64,-10.94,-10.86,14.56,15.26,15.6,3.9,1.63,4.02,3.94,,,,
137,97075899,11/3/2025,11:47:11,,,-1.21,-0.51,-1.08,-2.57,4.44,4.45,4.91,5.38,-0.41,-0.77,-0.58,-0.07,3.62,2.76,2.88,4.33, , , , , , , , ,-1.65,-1.82,-0.19,3.63,0.67,1.63,0.22,5.6,7.33,5.01,3.11,-0.94, ,4.7, ,1.03,1.22, ,4.35,3.58, , , ,-4.03, , ,1.73, ,-0.33,4.13, ,-0.11,-0.51,1.96,2.83,0.79,1.25,0.9,4.61,4.7,4.21,3.73,-0.09, ,7.08, ,2.29,-1.0, ,4.48,2.59, , , ,-0.2, , ,2.21,0.9,1.55,4.34,4.65,-11.89,-10.92,-10.76,14.47,14.98,15.32,3.42,2.1,4.48,4.44,,,,
138,97075873,11/3/2025,11:48:52,,,-1.52,0.11,-0.9,-1.62,4.5,4.31,5.24,5.09,-0.66,-0.04,0.11,0.36,3.81,2.71,2.74,5.34, , , , , , , , ,-2.59,-1.68,1.17,3.94,1.16,1.8,0.48,5.02,7.27,5.12,1.09,-1.5, ,4.89, ,0.8,2.21, ,4.16,4.59, , , ,-4.93, , ,1.47, ,-0.6,4.09, ,-2.44,-1.05,3.21,3.48,0.46,1.14,0.48,4.65,4.76,4.14,1.79,-1.82, ,5.94, ,1.55,-0.1, ,4.43,4.25, , , ,-1.11, , ,2.31,0.69,1.09,3.96,4.28,-11.34,-10.91,-10.54,13.99,15.1,15.11,3.64,1.27,4.78,4.1,,,,
139,97075857,11/3/2025,11:49:47,,,-0.95,-0.6,-0.98,-2.61,5.12,4.91,5.63,5.92,-0.41,-0.34,-0.69,0.37,3.02,2.56,3.17,5.75, , , , , , , , ,-1.99, ,-0.01, ,0.85,1.49,0.65,5.05,7.21,5.01,2.88,-0.8, ,4.76, ,0.99,1.02, ,4.62,4.22, , , ,-4.03, , ,1.09, ,-0.39,3.74, ,-3.36,-0.85,5.05,4.16,0.72,1.51,0.59,4.53,5.2,4.57,0.46,-2.38, ,4.67, ,1.51,-0.03, ,3.9,4.58, , , ,-1.53, , ,2.84,0.78,0.86,3.87,4.0,-11.88,-10.84,-10.79,14.02,15.42,15.39,3.85,1.81,4.45,4.19,,,,
142,97046536,11/3/2025,11:55:01,,,0.31,-0.04,-0.41,-1.46,4.73,4.5,4.8,5.05,-0.51,-0.64,-0.59,-0.03,3.31,2.77,3.15,4.86, , , , , , , , ,-2.69,-1.35,0.17,3.73,0.62,1.47,0.49,4.3,6.35,4.76,2.59,-1.82, ,5.73, ,0.88,1.83, ,4.68,4.82, , , ,-3.1, , ,1.96, ,-0.29,3.03, ,-2.67,-0.99,3.64,4.24,0.68,1.44,0.76,4.67,4.94,4.35,1.25,-2.29, ,3.03, ,1.41,-0.67, ,3.52,4.49, , , ,0.52, , ,0.95,1.42,1.98,3.93,5.17,-11.6,-10.39,-10.35,14.09,15.44,15.26,2.72,1.55,4.09,4.42,,,,
144,97075816,11/3/2025,11:56:50,,,-0.57,-0.81,-0.81,-2.46,4.45,4.42,4.65,5.29,-1.03,-0.76,0.05,-0.65,3.41,2.4,2.47,4.24, , , , , , , , ,-2.64,-1.68,0.74,3.79,1.22,1.73,0.54,4.64,6.26,4.53,2.04,-1.66, ,4.02, ,0.75,1.74, ,4.28,5.47, , , ,-3.87, , ,0.5, ,-0.47,3.61, ,0.48,-0.55,1.5,2.71,0.94,1.37,0.96,5.19,4.6,3.25,4.12,0.83, ,7.07, ,2.36,-2.12, ,4.76,2.33, , , ,-0.56, , ,1.56,0.64,0.78,3.91,4.6,-11.61,-11.04,-10.74,14.18,15.2,15.14,3.76,1.4,4.46,3.91,,,,
145,97069132,11/3/2025,11:57:40,,,0.3,-0.11,-0.38,-1.79,4.66,4.56,4.7,5.39,-0.7,-0.27,-0.39,0.22,4.15,2.36,3.17,4.18, , , , , , , , ,-2.58,-1.57,1.14,3.8,0.6,0.59,0.35,3.89,2.65,4.48,1.76,-1.46, ,6.0, ,0.79,2.04, ,5.33,4.94, , , ,-4.55, , ,2.35, ,-0.87,3.38, ,-3.15,-1.11,4.66,3.46,1.33,1.26,1.06,4.6,4.77,4.03,0.78,-1.86, ,3.7, ,1.48,-0.34, ,4.14,5.38, , , ,-0.73, , ,0.99,1.0,1.35,3.92,4.78,-11.37,-10.82,-10.51,14.05,15.58,15.33,3.22,1.52,4.88,3.85,,,,
147,97069207,11/3/2025,12:00:21,,,-0.59,-0.2,-0.84,-1.91,4.89,4.56,5.27,5.26,-1.66,-0.75,-0.73,-0.57,3.36,2.21,2.91,5.37, , , , , , , , ,-2.91,-1.68,0.21,3.57,1.35,1.63,0.51,5.17,7.3,5.0,3.05,-1.68, ,4.88, ,1.04,1.99, ,4.72,4.88, , , ,-2.3, , ,1.34, ,0.19,3.53, ,-1.74,-0.6,4.29,3.45,0.94,1.4,0.89,4.52,4.75,4.2,1.26,-0.45, ,3.97, ,1.82,-0.74, ,3.75,4.7, , , ,-0.84, , ,1.05,1.04,1.4,3.72,4.91,-11.19,-10.76,-10.32,13.7,15.48,15.07,3.4,1.05,5.34,3.68,,,,
149,97069199,11/3/2025,12:02:07,,,-0.51,-0.81,-0.99,-2.44,4.9,4.88,5.34,4.97,-0.73,-0.27,-0.19,0.09,4.19,2.54,3.1,4.55, , , , , , , , ,-1.43,-1.63,-0.09,3.46,0.97,1.74,0.47,4.84,6.65,4.64,3.64,-0.09, ,6.19, ,1.29,1, ,5.13,4.27, , , ,-4.09, , ,2.02, ,-0.4,3.73, ,-1.34,-0.66,2.16,3.1,0.87,1.49,0.99,4.72,4.74,3.76,2.3,-0.52, ,5.73, ,1.8,-1.68, ,5.67,3.5, , , ,-0.66, , ,2.02,0.85,1.34,4.19,4.68,-11.47,-11.06,-10.71,13.46,15.69,14.97,2.87,2.01,4.95,3.31,,,,
150,97069223,11/3/2025,12:02:57,,,-0.56,-0.29,-0.99,-1.93,4.87,3.87,5.34,4.54,-0.66,-1.29,-0.09,-1.64,3.53,2.12,2.78,4.62, , , , , , , , ,-3.07,-1.52,0.64,3.67,0.77,2.06,0.36,5.21,7.37,4.67,2.48,-2.36, ,6.33, ,0.69,1.99, ,5.08,4.31, , , ,-3.28, , ,2.48, ,-0.13,3.44, ,-3.04,-0.74,2.6,3.55,1.0,1.62,0.81,4.58,5.39,4.1,1.83,-2.27, ,5.22, ,1.59,0.02, ,3.89,3.6, , , ,0.13, , ,0.82,1.28,1.94,3.8,4.78,-11.55,-11.07,-10.64,13.99,15.16,14.99,3.31,1.46,4.64,3.96,,,,
151,97069215,11/3/2025,12:03:53,,,-0.87,1.83,-0.38,0.07,4.67,4.61,5.26,5.02,-1.29,-0.42,-0.37,-0.41,3.57,2.97,3.34,5.63, , , , , , , , ,-1.6,-1.75,-0.32,3.57,0.56,2.18,0.11,4.4,6.65,4.85,3.62,-0.22, ,5.47, ,1.25,1.19, ,4.88,3.8, , , ,-4.46, , ,1.81, ,-0.34,3.81, ,-3.02,-0.94,3.61,3.23,1.07,1.23,1.03,4.28,4.28,4.02,0.95,-3.56, ,3.88, ,1.21,0.57, ,4.14,4.74, , , ,1.24, , ,1.04,1.27,2.2,3.85,4.89,-11.74,-10.76,-10.63,14.13,15.13,15.28,3.42,1.78,3.9,4.34,,,,
152,97069231,11/3/2025,12:05:34,,,-1.08,-0.36,-1.19,-1.86,4.77,4.17,5.58,4.69,-1.69,-1.29,-0.43,-1.07,3.77,3,3.2,5.3, , , , , , , , ,-1.32,-1.48,0.08,3.59,0.79,1.66,0.27,6.63,7.61,5.26,3.7,-0.15, ,4.87, ,1.19,0.86, ,4.65,4.39, , , ,-3.23, , ,1.18, ,-0.06,3.51, ,-2.64,-0.72,3.46,3.41,0.85,1.21,1.18,4.62,4.49,4.44,1.86,-1.56, ,6.12, ,1.62,-1.16, ,4.05,3.23, , , ,-1.84, , ,2.78,0.54,0.57,3.88,4.14,-11.99,-10.68,-10.75,14.3,15.19,15.26,3.25,1.53,4.1,4.17,,,,
156,97069249,11/3/2025,12:11:47,,,-0.55,-0.35,-0.94,-2.15,4.57,3.75,4.96,4.35,-0.33,-0.69,-0.32,-0.05,3.41,2.76,3.2,4.94, , , , , , , , ,-2.56,-1.54,1.05,3.61,0.78,1.21,0.72,5.43,7.65,5.21,1.42,-1.94, ,4.01, ,0.77,2.23, ,4.36,5.9, , , ,-3.06, , ,0.64, ,0.52,3.76, ,-1.96,-0.64,3.94,3.84,0.11,1.18,0.47,4.3,4.49,4.91,1.81,-1.55, ,4.22, ,1.57,-0.82, ,3.62,3.95, , , ,-0.08, , ,2.02,1.28,1.79,4.13,4.79,-11.78,-10.43,-10.49,13.39,15.93,15.47,3.22,1.27,4.64,3.6,,,,
157,97057814,11/3/2025,12:12:46,,,-0.95,0.17,-0.76,-1.66,4.68,4.24,5.18,4.8,0.02,-1.01,-0.46,0.11,3.75,2.73,3.02,4.92, , , , , , , , ,-1.89,-1.78,-0.01,3.75,0.76,1.48,0.51,5.93,7.51,5.62,3.4,-1.15, ,6.0, ,1.08,1.58, ,5.07,4.23, , , ,-3.39, , ,2.26, ,-0.5,3.5, ,-2.35,-0.96,4.53,3.62,0.35,1.47,0.54,4.78,5.24,4.5,1.01,-0.92, ,4.05, ,1.65,-0.05, ,3.68,4.34, , , ,-1.26, , ,1.67,0.88,1.05,3.88,4.5,-11.31,-10.82,-10.4,14.27,15.35,15.29,3.31,1.79,4.83,4.17,,,,
159,97057848,11/3/2025,12:15:21,,,-0.79,-0.31,-0.72,-2.38,4.5,4.64,5.34,5.11,-0.46,-0.62,-0.28,0.18,3.49,2.37,2.91,5.25, , , , , , , , ,-2.11,-1.54,0.48,3.87,0.87,1.36,0.52,5.57,7.19,5.52,2.33,-0.99, ,5.07, ,0.96,1.65, ,4.34,4.98, , , ,-3.98, , ,1.47, ,0.11,3.68, ,-1.96,-0.79,1.09,4.17,0.5,1.07,0.69,4.73,5.01,4.56,1.15,-1.09, ,3.78, ,1.65,-0.52, ,3.87,4.14, , , ,-0.35, , ,1.96,0.99,1.42,4.14,5.05,-11.86,-10.51,-10.71,14.7,15.55,15.61,3.05,1.59,4.22,4.52,,,,
160,97057822,11/3/2025,12:16:12,,,0,0.25,-0.35,-1.31,5.2,4.5,5.36,4.6,-0.18,-1.05,-0.8,-0.64,3.89,2.91,3.22,5.55, , , , , , , , ,-1.53,-1.48,0.05,3.56,0.67,1.35,0.54,4.24,6.03,4.44,3.59,0.07, ,5.44, ,1.24,1.38, ,4.76,4.2, , , ,-4.53, , ,1.74, ,-0.23,3.7, ,0.06,-0.57,2.3,3.33,0.82,1.74,0.67,4.65,4.99,3.98,3.27,0.97, ,6.83, ,1.95,-2.47, ,4.51,2.58, , , ,-1.28, , ,2.43,0.74,1.21,4.05,4.66,-11.58,-10.44,-10.44,14.06,15.71,15.52,3.43,1.52,4.46,4.04,,,,
161,97057798,11/3/2025,12:18:14,,,-1.57,-0.48,-0.84,-2.72,4.88,4.54,5.38,5.04,-0.16,-1.16,-0.32,-0.94,3.32,2.56,3.09,5.61, , , , , , , , ,-2.33,-1.71,0.4,3.72,0.8,1.24,0.57,4.88,6.78,4.53,2.3,-2.22, ,4.49, ,0.82,2.4, ,4.36,4.95, , , ,-2.22, , ,1.35, ,0.89,4.19, ,-1.59,-0.63,1.85,3.02,0.84,1.26,0.84,4.33,4.42,3.93,2.35,-1.21, ,6.17, ,1.62,-1.29, ,4.13,3.31, , , ,-0.27, , ,1.84,0.89,1.49,4.07,4.82,-11.34,-11.11,-10.86,14.51,15.07,15.51,4.02,1.39,4.85,4.22,,,,
163,97057772,11/3/2025,12:23:40,,,-0.12,2.23,0.44,0.57,4.56,3.79,4.87,4.18,-0.35,-1.78,-0.71,-1.47,3.6,3.47,3.32,5.81, , , , , , , , ,-0.84,-1.34,-0.51,3.28,0.74,1.75,0.48,5.0,6.5,4.97,3.49,-0.57, ,5.35, ,1.3,0.64, ,4.84,4.48, , , ,-4.47, , ,1.42, ,-0.07,4.1, ,0.1,-0.31,1.79,3.37,0.8,1.42,0.83,4.2,5.16,4.56,4.19,0.6, ,6.43, ,2.14,-2.59, ,4.79,2.31, , , ,-0.4, , ,1.99,0.81,1.13,3.6,4.43,-11.37,-11.03,-10.66,14.05,15.96,15.56,3.87,1.56,5.59,3.71,,,,
164,97057921,11/3/2025,12:24:30,,,-0.27,0.65,-0.29,-0.95,5.03,4.47,4.98,5.12,-0.21,-0.82,-0.48,-0.37,3.49,2.3,2.66,5.06, , , , , , , , ,-2.14,-1.61,0.4,3.75,0.77,1.44,0.18,4.0,6.02,4.47,2.44,-1.52, ,6.65, ,1.0,2.1, ,4.8,4.23, , , ,-3.54, , ,2.66, ,-0.42,3.48, ,-2.27,-0.6,3.61,3.41,0.4,1.32,0.87,4.45,4.81,4.12,1.96,-1.22, ,5.48, ,1.59,-0.9, ,4.4,4.27, , , ,-1.06, , ,2.17,0.94,1.33,3.92,4.54,-11.36,-10.85,-10.5,14.53,14.74,15.14,3.75,1.51,4.47,4.8,,,,
165,97057939,11/3/2025,12:25:28,,,-0.52,0.27,-1.46,-1.66,5.16,5.04,6.31,5.72,0.21,-0.28,-0.34,-0.17,3.4,2.21,3.23,5.3, , , , , , , , ,-1.57, ,1.45, ,1.14,1.71,0.72,4.83,7.14,5.51,1.45,-0.69, ,4.99, ,0.88,2.04, ,4.05,4.89, , , ,-3.85, , ,1.63, ,-0.23,3.99, ,-1.75,-0.6,2.34,3.67,0.52,1.64,0.77,4.87,5.47,4.47,3.3,-0.86, ,5.66, ,2.21,-1.09, ,4.04,2.75, , , ,-0.51, , ,1.96,1.03,1.44,3.9,4.68,-11.42,-10.42,-10.33,13.93,14.9,14.87,3.56,1.62,4.48,4.48,,,,
166,97057905,11/3/2025,12:27:09,,,0.19,1.03,-0.04,-0.76,4.73,3.88,4.8,4.63,0.27,-1.44,-0.55,-0.92,3.64,2.61,2.96,4.83, , , , , , , , ,-2.27,-1.79,-0.02,3.57,0.61,1.55,0.14,4.72,6.69,4.69,3.36,-1.57, ,6.07, ,0.94,2.21, ,5.1,4.28, , , ,-4.07, , ,2.4, ,-0.93,3.72, ,-1.81,-1.12,3.47,3.78,0.24,1.43,0.33,4.59,4.89,4.47,1.74,-1.17, ,4.35, ,1.79,-0.34, ,3.97,4.27, , , ,-0.41, , ,1.08,1.28,1.92,3.76,4.94,-11.78,-10.72,-10.59,14.67,14.83,15.37,3.67,1.36,4.07,4.59,,,,
168,97057889,11/3/2025,12:28:57,,,-0.78,0.82,-0.48,-0.72,4.76,4.43,5.26,4.66,0.11,-1.32,-0.51,-0.49,3.93,2.47,3.25,4.93, , , , , , , , ,-2.83, ,0.67, ,0.75,1.85,0.44,4.1,6.2,4.45,2.16,-1.59, ,5.44, ,0.88,1.95, ,4.7,5.35, , , ,-3.65, , ,1.46, ,-0.46,3.65, ,-3.73,-1.18,3.89,4.01,0.44,1.41,0.42,4.6,4.88,4.13,0.49,-3.25, ,4.3, ,1.17,0.86, ,3.4,4.73, , , ,0.22, , ,1.45,1.39,2.13,4.09,5.1,-11.18,-10.59,-10.54,14.32,15.18,15.22,3.48,1.47,4.27,4.25,,,,
169,97057897,11/3/2025,12:29:50,,,-0.46,1.63,0.34,-0.41,4.86,4.01,4.81,4.95,-0.69,-1.37,-0.33,-1.29,4.04,3,3.13,5.13, , , , , , , , ,0.19,-1.29,-0.65,3.12,0.73,1.7,0.43,6.3,7.52,4.87,4.32,1.11, ,5.74, ,1.45,0.01, ,5.1,3.79, , , ,-4.86, , ,1.49, ,-0.46,3.9, ,-1.87,-0.48,2.36,3.93,0.48,1.2,1.29,5.33,5.57,4.45,2.84,-2.11, ,6.3, ,1.95,-0.2, ,3.6,2.55, , , ,0.2, , ,2.39,1.5,2.36,4.04,4.61,-11.67,-10.87,-10.85,14.39,15.42,15.52,3.91,1.29,4.47,3.93,,,,
171,97057871,11/3/2025,12:32:31,,,-0.91,1.32,-1.12,-0.21,5.61,5.56,6.27,5.67,-0.25,-0.55,0.05,-0.06,3.56,2.09,2.59,5.23, , , , , , , , ,-3.38,-1.86,2.09,4.31,0.92,1.57,0.43,3.74,6.26,4.88,0.88,-2.13, ,5.22, ,0.88,2.81, ,3.97,5.16, , , ,-3.99, , ,1.72, ,-0.02,4.06, ,-1.99,-0.1,1.08,3.29,0.61,1.27,1.27,4.26,4.94,4.54,1.12,-1.35, ,5.13, ,1.45,-0.4, ,3.77,4.42, , , ,-0.28, , ,2.12,1.01,1.6,3.97,4.69,-11.29,-10.36,-10.24,14.72,14.9,15.44,3.49,1.6,3.94,4.63,,,,
172,97057855,11/3/2025,12:47:38,,,-1.03,-1.84,-1.45,-3.6,4.58,3.74,4.65,4.71,-0.04,-1.1,-0.44,-0.85,3.65,2.71,3.06,4.8, , , , , , , , ,-2.42,-1.63,0.28,3.84,0.66,1.42,0.52,5.27,7.42,5.24,2.5,-1.23, ,4.57, ,0.89,1.68, ,4.47,4.37, , , ,-3.94, , ,1.26, ,-0.23,3.66, ,-0.56,-0.22,2.78,3.48,0.54,1.4,1.01,4.61,4.98,4.17,3.16,0.57, ,6.36, ,2.0,-1.6, ,4.05,2.79, , , ,-1.88, , ,2.37,1.0,1.2,4.09,4.57,-11.54,-11.1,-10.7,14.56,15.12,15.43,3.51,1.01,4.95,4.12,,,,
173,97057491,11/3/2025,12:49:30,,,-1.54,-0.41,-1.27,-1.85,4.39,3.9,4.99,4.63,-0.75,-0.51,-0.43,-0.22,3.55,2.74,3.11,4.93, , , , , , , , ,-2.25,-1.51,0.51,3.56,0.96,1.48,0.53,4.94,7.2,5.2,2.15,-1.81, ,5.53, ,0.76,2.01, ,4.92,4.82, , , ,-3.67, , ,1.77, ,0.1,3.8, ,0.68,-0.42,1.38,2.89,0.87,1.38,1.06,4.91,4.79,3.42,4.13,0.63, ,7.59, ,2.21,-1.96, ,4.61,2.43, , , ,0.08, , ,2.03,1.18,1.97,3.73,4.77,-11.13,-10.84,-10.32,14.84,15.63,15.66,3.55,1.61,4.86,4.32,,,,
176,97053508,11/3/2025,12:52:10,,,-1.27,0.45,-0.83,-1.05,4.93,4.57,5.36,4.85,-0.6,-0.64,0.08,-0.27,4.04,3.19,3.28,5.32, , , , , , , , ,-2.21,-1.83,0.49,3.82,0.94,1.95,0.11,4.76,6.49,4.79,2.55,-1.33, ,5.48, ,1.03,1.8, ,4.34,4.28, , , ,-2.67, , ,1.68, ,0.22,3.84, ,1.79,-0.21,0.4,2.04,0.78,1.18,1.51,5.07,4.44,2.76, ,2.39, ,8.58, ,2.71,-2.47, ,5.83,2.7, , , ,-1.08, , ,1.74,1.06,1.57,3.51,4.51,-11.2,-10.21,-10.19,13.52,15.1,14.81,3.08,1.45,4.41,4.12,,,,
177,97057541,11/3/2025,12:53:01,,,-0.27,-0.3,-0.93,-2.16,4.41,4.21,4.93,5.28,-2.79,-1.34,-0.49,-0.98,4.49,2.85,3.35,4.77, , , , , , , , ,-2.39,-1.63,0.96,3.63,0.85,1.9,0.14,4.83,7.11,5.37,2.22,-1.37, ,5.94, ,0.84,1.95, ,4.99,5.27, , , ,-3.16, , ,1.67, ,-0.44,3.05, ,-1.57,-1.13,2.67,3.02,3.03,0.89,1.59,6.34,5.0,3.53,2.66,-1.07, ,3.93, ,1.83,-0.8, ,3.86,4.08, , , ,-0.85, , ,0.84,1.3,1.81,3.85,5.12,-11.37,-10.64,-10.56,15.11,15.16,15.39,3.28,1.14,4.01,4.62,,,,
178,97053482,11/3/2025,12:53:51,,,-0.38,-0.21,-1.09,-1.88,4.23,3.95,4.95,4.81,-1.03,-0.75,-0.54,-0.05,3.67,2.55,2.76,5.02, , , , , , , , ,-0.51,-1.37,-0.25,3.08,0.31,1.64,0.32,5.5,7.03,4.89,3.97,-0.76, ,6.24, ,1.13,1.19, ,5.14,3.68, , , ,-2.87, , ,2.7, ,0.12,3.83, ,-3.39,-0.79,4.47,3.79,0.68,1.25,1.18,4.89,4.42,3.99,-0.03,-3.58, ,3.74, ,1.14,0.96, ,3.72,4.89, , , ,0.47, , ,1.9,1.19,1.95,3.75,4.76,-11.19,-10.6,-10.08,14.16,15.63,15.27,3.68,1.25,4.84,3.77,,,,
180,97057525,11/3/2025,12:55:45,,,-1.41,-0.39,-1.2,-2.22,4.22,4.61,5.06,5.15,-1.13,-0.28,-0.17,-0.68,4.42,2.93,3.22,5.27, , , , , , , , ,-2.29,-1.81,0.31,3.54,0.05,1.48,0.25,5.25,7.29,5.25,2.6,-1.87, ,5.23, ,0.95,2.09, ,4.47,4.37, , , ,-3.71, , ,1.8, ,-0.24,3.62, ,-0.18,-0.5,1.92,2.92,1.0,1.25,1.3,5.27,4.87,3.65,3.47,0.73, ,5.99, ,2.21,-1.49, ,4.84,3.88, , , ,-0.26, , ,0.71,1.32,1.66,3.47,4.77,-10.99,-10.76,-10.42,14.79,15.37,15.85,3.75,1.17,4.63,4.22,,,,
181,97057517,11/3/2025,12:58:22,,,-1.34,-0.1,-0.74,-1.78,4.75,5.05,5.24,5.36,-0.71,-1.06,-0.45,-0.62,3.67,2.44,2.86,5.04, , , , , , , , ,-1.75,-1.39,0.39,3.91,0.68,1.59,0.92,4.85,6.99,5.38,2.46,-1.11, ,5.57, ,0.95,1.96, ,4.65,4.52, , , ,-3.03, , ,1.75, ,-0.39,3.45, ,-2.14,-0.62,1.97,3.01,0.67,0.96,1.13,4.7,4.7,3.31,3.42,-0.91, ,6.54, ,2.11,-0.5, ,5.05,2.88, , , ,-2.63, , ,2.91,0.66,0.67,4.46,4.48,-11.27,-10.51,-10.25,14.47,15.24,15.61,3.51,1.1,4.23,3.96,,,,
183,97053474,11/3/2025,13:00:03,,,-0.3,1.35,0.1,-0.59,4.92,4.2,5.44,4.78,-1.22,-1.04,-0.52,-0.58,3.93,2.67,3.61,5.3, , , , , , , , ,-2.84, ,1.5, ,0.91,1.64,0.69,4.91,7.04,5.21,1.23,-2.48, ,6.69, ,0.65,2.65, ,4.71,4.73, , , ,-3.28, , ,2.76, ,-0.33,3.83, ,-1.69,-0.35,0.88,3.49,0.6,0.82,1.25,4.64,4.53,4.05,0.99,-1.95, ,5.23, ,1.52,0.3, ,4.71,4.9, , , ,0.6, , ,2.33,1.07,1.73,3.61,4.37,-11.08,-10.84,-10.22,14.71,15.91,15.92,3.63,1.29,5.01,3.79,,,,
184,97053490,11/3/2025,13:01:56,,,-0.53,1.17,-0.37,-0.1,4.5,4.5,5.03,4.46,-0.99,-0.69,-0.32,0.26,4.45,3.14,3.49,4.84, , , , , , , , ,-2.76,-2.01,0.39,3.54,0.96,1.91,0.11,4.42,6.93,5.3,2.02,-2.16, ,6.62, ,0.7,2.79, ,5.07,4.29, , , ,-4.49, , ,2.31, ,-1.07,3.25, ,1.15,-0.37,-0.22,2.35,0.46,1.15,0.92,4.74,4.54,3.19,4.52,1.74, ,7.45, ,2.39,-2.66, ,5.51,3.36, , , ,-0.91, , ,1.1,1.12,1.39,3.4,4.6,-11.66,-10.66,-10.3,14.66,14.92,15.36,2.93,1.48,3.27,5.03,,,,
185,97053466,11/3/2025,13:03:51,,,-0.76,1.23,-0.49,-0.46,4.94,4.43,5.48,4.91,-0.35,-0.9,-0.59,-0.42,3.99,3.38,3.68,5.9, , , , , , , , ,-1.34,-1.98,0.17,3.67,1.68,1.83,0.72,5.83,7.19,4.91,2.48,-0.81, ,6.03, ,0.89,1.76, ,4.86,4.19, , , ,-3.74, , ,2.09, ,-0.52,3.86, ,-1.4,-0.53,2.92,2.48,0.84,1.16,1.15,5.08,5.08,4.18,2.61,-1.12, ,6.02, ,1.65,-0.6, ,4.41,3.6, , , ,-0.94, , ,2.35,0.9,1.5,3.97,4.45,-11.43,-10.59,-10.21,14.86,15.47,16.0,3.49,1.52,4.42,4.43,,,,
187,97053540,11/3/2025,13:11:35,,,-0.62,0.38,-0.34,-1.62,5.59,5.05,5.12,6.04,-0.15,-0.48,0.15,0.31,3.57,2.09,2.69,4.62, , , , , , , , ,-0.18,-1.6,-0.33,3.41,0.07,1.36,0.48,5.68,6.24,3.64,3.93,-0.61, ,6.1, ,1.07,1.25, ,5.11,3.69, , , ,-3.56, , ,2.47, ,-0.33,3.93, ,-0.49,-0.77,2.34,3.45,-0.11,1.61,0.35,4.5,4.95,3.92,2.63,-0.61, ,5.15, ,1.84,-1.17, ,3.95,3.25, , , ,-0.14, , ,1.33,1.33,1.83,3.7,5.02,-11.33,-10.62,-10.45,14.23,15.83,15.52,3.31,1.56,5.03,4.05,,,,
188,97053532,11/3/2025,13:12:35,,,-0.48,-0.2,-0.93,-2.45,4.43,4.76,5.35,5.66,-0.27,-1.23,-0.76,-0.43,3.37,2.41,2.84,4.96, , , , , , , , ,-2.07,-1.8,0.88,3.64,1.21,1.48,0.66,4.96,6.89,4.89,2.71,-1.01, ,7.21, ,0.89,2.07, ,5.15,4.53, , , ,-4.22, , ,3.32, ,-1.0,4.09, ,-1.93,-0.51,5.32,4.05,0.12,1.63,0.79,4.51,5.45,4.88,-0.06,-1.63, ,2.39, ,1.38,-0.06, ,3.35,5.21, , , ,0.63, , ,0.84,1.9,3.21,4.29,5.68,-11.12,-10.92,-10.48,14.7,15.41,15.47,4.24,1.45,4.52,4.06,,,,
189,97053599,11/3/2025,13:13:25,,,-0.34,-0.03,-0.67,-2.45,5.17,5.01,5.31,6.17,-0.41,-0.72,-0.24,-0.17,3.72,2.21,2.81,4.56, , , , , , , , ,-1.71,-1.27,0.18,3.48,0.71,1.3,0.71,5.62,7.28,5.32,3.16,-0.67, ,5.39, ,1.13,1.14, ,4.41,4.08, , , ,-3.41, , ,1.82, ,-0.38,3.69, ,-1.04,-0.34,2.36,3.04,0.65,0.89,1.36,4.97,4.65,3.83,2.84,-0.14, ,6.66, ,1.99,-1.67, ,4.61,3.04, , , ,-0.26, , ,1.69,1.1,1.41,3.8,4.46,-11.29,-11.18,-10.7,14.5,15.13,15.62,3.94,1.06,4.54,3.92,,,,
190,97053573,11/3/2025,13:14:22,,,-0.11,1.16,-0.68,0.19,5.16,4.39,5.65,4.51,0.03,-0.31,-0.28,0.67,3.88,2.43,3.0,4.81, , , , , , , , ,-1.4,-1.49,-0.14,3.48,1.15,1.69,0.63,5.15,6.85,5.02,3.61,-0.62, ,5.65, ,1.13,1.12, ,4.66,3.69, , , ,-3.7, , ,2.16, ,-0.69,3.88, ,-2.64,-0.31,2.21,3.83,0.18,0.92,0.9,6.07,5.66,4.55,2.25,-1.9, ,6.39, ,1.62,-0.13, ,4.22,2.93, , , ,-1.38, , ,2.33,1.02,1.35,3.55,4.25,-11.52,-11.2,-10.81,14.24,14.91,15.25,4.17,1.68,4.39,4.07,,,,
191,97053458,11/3/2025,13:15:13,,,-1.26,0.17,-1.12,-1.68,5.23,5.16,5.8,5.38,-0.2,-0.54,-0.15,0.04,3.27,2.66,2.73,5.32, , , , , , , , ,-1.3,-1.88,-0.01,3.4,0.9,2.18,0.44,4.22,6.84,4.59,3.33,-0.36, ,4.91, ,1.62,1.56, ,4.62,3.79, , , ,-3.83, , ,1.87, ,-0.06,3.96, ,-1.93,-0.41,1.81,4.06,0.04,1.5,0.58,4.56,4.9,4.87,1.51,-2.01, ,5.18, ,1.59,-0.35, ,3.72,3.07, , , ,-0.04, , ,2.22,1.12,1.74,4.04,4.54,-11.47,-10.65,-10.66,14.56,15.2,15.46,3.64,1.62,3.91,4.41,,,,
194,97053557,11/3/2025,13:17:50,,,-0.11,0.15,-0.88,-1.73,5.23,4.67,5.31,5.56,0.06,-0.97,-0.52,0.1,3.73,2.75,3.33,4.62, , , , , , , , ,-2.05,-1.73,0.24,3.69,0.52,1.63,0.35,4.72,5.89,3.84,2.68,-1.26, ,4.69, ,0.82,1.72, ,4.62,5, , , ,-2.65, , ,1.02, ,0.44,3.63, ,-2.16,-0.5,1.91,3.28,0.23,1.91,0.41,4.7,4.92,4.28,2.26,-1.38, ,5.36, ,1.79,-0.82, ,3.97,2.75, , , ,-0.55, , ,2.24,1.16,1.63,3.81,4.58,-11.59,-11.08,-10.83,15.02,15.04,15.78,4.5,1.61,4.54,4.7,,,,
195,97053581,11/3/2025,13:18:48,,,-0.7,0.35,-0.94,-1.51,5.32,4.1,5.46,4.74,0.14,-1.13,-0.35,-0.04,3.72,2.79,2.74,4.78, , , , , , , , ,-2.05,-1.36,0.07,3.46,0.69,1.35,0.88,5.41,7.86,5.07,2.85,-0.86, ,5.73, ,0.93,1.51, ,5.3,4.21, , , ,-3.34, , ,2.2, ,-0.14,3.62, ,0.29,-0.64,1.6,2.77,0.24,2.16,0.41,4.93,4.55,3.75,4.23,-0.01, ,6.72, ,2.13,-1.64, ,5.01,2.94, , , ,0.2, , ,1.52,1.04,1.75,3.75,4.69,-11.11,-10.75,-10.48,14.74,15.69,15.62,4.13,0.76,4.46,3.9,,,,
196,97069140,11/3/2025,13:20:31,,,0.27,0.3,-0.31,-0.84,7.19,4.73,5.53,4.93,-0.18,-1.25,-0.42,-0.7,3.67,3.04,3.26,5.63, , , , , , , , ,-2.92,-1.76,1.56,3.95,1.12,1.78,1.37,4.0,4.98,2.31,1.36,-1.89, ,5.22, ,0.7,2.41, ,4.22,4.76, , , ,-3.59, , ,2.14, ,-0.13,4.0, ,-0.25,-0.48,2.02,2.97,-0.05,1.43,0.62,4.82,4.1,3.42,3.19,-0.25, ,5.8, ,2.13,-1.31, ,4.31,3.2, , , ,-0.07, , ,1.64,1.68,2.2,3.93,5.2,-11.88,-11.09,-10.89,13.93,14.86,15.12,3.9,1.34,4.4,3.97,,,,
198,97053524,11/3/2025,13:25:44,,,-0.7,-0.18,-0.92,-2.14,5.08,4.91,5.29,5.56,-0.29,-1.18,-0.44,-0.68,3.46,3.07,3.41,5.21, , , , , , , , ,-2.49,-1.9,1.52,4.37,0.92,1.99,0.46,4.86,6.66,5.05,1.71,-0.96, ,6.04, ,1.05,2.12, ,4.45,4.98, , , ,-4.03, , ,1.82, ,-0.68,3.48, ,0.14,-0.46,1.58,2.94,0.45,1.7,0.54,4.42,4.85,3.69,4.19,0.95, ,7.67, ,2.35,-1.85, ,5.0,2.23, , , ,-1.82, , ,2.07,1.02,1.18,3.69,4.6,-11.8,-10.92,-10.75,15.12,15.04,15.68,4.04,1.35,3.93,4.98,,,,
199,97057806,11/3/2025,13:27:38,,,0.56,0.09,-0.47,-1.94,5.06,3.83,5.68,4.5,0.2,-1.58,-0.46,-0.85,3.37,2.7,3.18,5.23, , , , , , , , ,-1.66, ,0.56, ,0.76,1.52,0.36,5.81,6.8,5.19,2.88,0.16, ,7.01, ,1.15,1.27, ,4.94,4.17, , , ,-4.46, , ,2.35, ,-1.18,3.63, ,-0.29,-0.64,1.9,3.14,0.6,1.51,0.49,4.5,4.84,4.28,4.06,0.68, ,6.82, ,2.01,-2.7, ,4.47,1.95, , , ,-1.39, , ,2.2,0.73,1.05,3.94,4.43,-11.52,-10.9,-10.76,14.0,15.62,15.23,3.7,1.42,4.69,3.89,,,,
200,97053391,11/3/2025,13:28:29,,,-0.24,-0.04,-0.88,-2.18,4.73,4.24,5.18,5.19,-0.41,-1.24,-0.22,-0.62,4.1,2.79,3.23,4.72, , , , , , , , ,-1.86,-1.63,0.34,3.75,0.33,1.39,0.41,5.12,6.87,4.98,2.53,-1.06, ,4.92, ,1.05,1.7, ,4.58,4.9, , , ,-2.5, , ,1.29, ,-0.01,3.52, ,-2.19,-0.83,3.23,3.57,0.84,1.38,0.88,4.1,4.58,4.07,2.36,-0.3, ,4.37, ,1.7,-1.4, ,3.98,3.83, , , ,-2.06, , ,1.17,1.16,1.2,3.9,5.11,-11.28,-10.68,-10.39,14.48,15.6,15.46,3.13,1.54,4.54,4.35,,,,
201,97047476,11/3/2025,13:30:17,,,0.53,0.35,-0.18,-1.55,5.65,4.47,5.17,5.23,-1.74,-1.68,-0.83,-0.75,3.76,2.69,3.1,4.33, , , , , , , , ,-1.17,-1.85,-0.27,3.56,0.89,1.53,0.21,4.58,5.81,3.68,3.88,-0.24, ,6.03, ,1.22,1.07, ,5.2,4.23, , , ,-3.65, , ,1.95, ,-0.3,3.58, ,-2.16,-0.91,2.88,3.27,1.21,1.62,1.26,4.42,4.43,3.27,2.47,-1.14, ,6.33, ,1.6,-0.96, ,5.1,4.35, , , ,-1.32, , ,1.42,1.12,1.4,3.44,4.32,-11.25,-10.7,-10.39,14.36,15.24,15.37,3.39,1.29,4.14,4.21,,,,
202,97053367,11/3/2025,13:31:11,,,1.1,0.4,0.25,-0.85,6.87,4.55,5,5.07,-0.82,-0.8,-0.27,0.14,4.28,2.85,3.14,4.44, , , , , , , , ,-3.6,-1.79,2.03,4.04,1.48,1.78,0.58,4.28,5.65,3.01,1.18,-1.91, ,4.79, ,0.8,2.71, ,4.22,5.81, , , ,-2.66, , ,1.42, ,0.2,3.72, ,-2.24,-0.44,1.33,3.35,0.71,1.06,1.33,4.31,4.67,3.78,2.7,-1.62, ,5.95, ,1.79,-0.19, ,4.53,3.33, , , ,-1.12, , ,1.64,1.09,1.49,3.74,4.68,-11.43,-10.7,-10.43,14.47,15.34,15.34,3.54,1.1,4.35,4.02,,,,
203,97053425,11/3/2025,13:32:01,,,0.77,1.76,1.02,-0.45,5.31,4.72,5.17,5.29,-0.61,-1.59,-0.73,-0.98,4.08,2.98,3.38,5.3, , , , , , , , ,-2.24,-1.75,1.09,4.01,0.87,1.76,0.34,4.63,6.5,4.7,1.88,-1.71, ,5.79, ,0.55,1.79, ,4.53,4.47, , , ,-2.7, , ,2.17, ,0.06,3.79, ,-2.0,-0.73,1.11,3.36,0.84,1.34,1.09,4.57,4.73,3.92,1.14,-2.27, ,3.75, ,1.54,-0.33, ,3.71,4.44, , , ,0.27, , ,1.68,1.87,2.34,3.94,5.02,-11.02,-10.64,-10.28,15.11,15.23,15.64,4.3,1.37,4.65,4.39,,,,
204,97053409,11/3/2025,13:33:21,,,0.39,0.92,0.32,-1.33,5.07,4.61,4.61,5.66,-0.64,-0.67,-0.62,-0.57,4.09,3.15,3.54,4.61, , , , , , , , ,-1.58,-1.67,-0.39,3.63,0.53,1.59,0.63,5.45,6.72,4.44,3.8,-1.33, ,5.97, ,0.99,0.99, ,5.27,3.89, , , ,-3.13, , ,2.39, ,-0.05,3.95, ,-2.45,-0.52,4.73,4.81,1.47,1.05,1.73,4.55,4.29,4.08,0.51,-2.27, ,4.17, ,1.34,-0.13, ,4.27,4.85, , , ,-0.25, , ,1.95,1.23,1.86,3.93,4.77,-11.2,-10.49,-10.18,14.35,15.46,15.28,3.52,1.79,4.52,4.49,,,,
206,97053375,11/3/2025,13:37:14,,,0.3,1.49,0.07,-0.43,5.45,4.76,5.61,5.3,1.07,-0.96,-0.49,-0.09,3.97,2.74,3.08,5.19, , , , , , , , ,-1.02,-2.12,0.1,3.41,0.66,2.27,-0.11,4.36,6.03,4.02,4.1,-0.53, ,6.13, ,1.21,0.34, ,5.08,3.86, , , ,-3.39, , ,2.22, ,-0.4,3.85, ,-2.34,-0.49,1.58,4.07,0.52,1.88,0.73,4.37,4.93,4.61,0.57,-2.12, ,3.31, ,1.26,-0.17, ,3.55,3.96, , , ,0.18, , ,1.8,1.12,1.76,3.74,4.77,-11.41,-10.34,-10.44,14.63,15.0,15.49,3.65,1.41,4.13,4.29,,,,
208,97057558,11/3/2025,13:39:02,,,0.17,1.94,0.39,-0.45,4.61,4.37,4.88,5.34,-2.69,-0.37,-0.46,0.31,3.81,3.13,3.45,5.02, , , , , , , , ,-2.46,-1.97,0.29,3.49,0.43,1.86,0.02,4.91,7.02,5.11,2.5,-2.35, ,6.37, ,0.75,2.52, ,5.19,4.33, , , ,-3.3, , ,2.53, ,-0.36,3.89, ,-1.19,-0.36,2.49,3.31,0.61,1.17,1.24,4.65,4.38,3.74,2.98,-1.02, ,7.33, ,1.72,-0.86, ,4.52,2.13, , , ,-1.4, , ,3.2,0.72,0.98,4.14,4.18,-11.49,-10.4,-10.31,14.06,15.59,15.36,3.47,1.37,4.62,3.96,,,,
210,97057723,11/3/2025,13:41:38,,,0.12,0.51,-0.25,-1.19,5.5,5.14,5.4,5.63,0.02,-1.34,-0.5,-0.64,3.66,2.41,2.87,4.75, , , , , , , , ,-2.62,-1.64,0.14,3.62,0.13,1.69,0.33,4.94,6.46,4.45,3.2,-1.2, ,4.21, ,1.12,1.08, ,4.26,4.61, , , ,-3.59, , ,0.86, ,0.08,3.63, ,-2.93,-0.99,4.9,4.02,0.1,1.45,0.74,4.72,4.59,4.3,0.49,-2.28, ,6.71, ,1.39,0.43, ,5.01,4.17, , , ,-1.86, , ,3.87,0.48,0.8,4.06,3.6,-11.05,-10.41,-10.23,14.72,15.17,15.16,3.48,1.21,4.69,4.21,,,,
215,97057715,11/3/2025,13:56:23,,,0.16,0.84,0.15,-1.61,5.21,5.14,5.56,5.76,0.1,-0.65,0.23,0.08,3.32,2.07,2.45,4.78, , , , , , , , ,-3.63,-1.78,1.59,3.88,0.95,1.88,0.74,4.66,6.99,5.02,0.83,-3.08, ,5.01, ,0.61,2.73, ,4.13,5.51, , , ,-2.6, , ,1.22, ,0.22,3.79, ,-2.0,-0.69,1.11,3.6,0.49,1.34,1.0,4.03,4.74,3.89,0.94,-2.2, ,4.28, ,1.5,-0.37, ,4.25,4.27, , , ,0.62, , ,1.74,1.6,2.22,3.97,5.06,-11.37,-10.38,-10.46,14.14,15.47,15.53,3.13,1.12,4.64,3.73,,,,
217,97057673,11/3/2025,13:58:13,,,1.24,1.29,0.62,0.13,7.26,4.99,5.52,5.21,-0.01,-0.45,-0.29,0.33,3.54,2.7,2.96,5.32, , , , , , , , ,-0.45,-1.86,-0.32,3.32,0.23,1.52,0.47,4.27,4.97,2.56,3.94,-0.39, ,6.91, ,1.22,0.74, ,5.51,3.45, , , ,-3.4, , ,2.94, ,-0.58,3.7, ,-1.59,-0.65,0.71,3.49,0.42,1.28,0.72,4.12,4.94,4.21,2.16,-0.82, ,5.86, ,1.86,-0.57, ,4.6,3.76, , , ,-0.71, , ,2.38,0.7,1.05,3.64,4.22,-11.21,-10.48,-10.29,14.34,15.47,15.58,3.39,0.72,4.89,3.78,,,,
218,97075832,11/3/2025,13:59:03,,,0.64,0.77,0.08,-1.1,5.36,4.37,4.97,4.89,-0.2,-0.94,0.02,-0.19,3.5,2.61,2.79,4.78, , , , , , , , ,-0.7,-1.72,-0.43,3.44,0.29,1.6,0.36,5.67,7.09,4.54,4.08,-0.37, ,6.32, ,1.35,0.81, ,5.31,3.2, , , ,-3.4, , ,2.44, ,-0.29,3.88, ,-2.04,-0.95,1.94,3.12,0.18,1.52,0.07,4.47,4.27,4.17,1.99,-2.27, ,5.26, ,1.54,-0.3, ,4.48,3.61, , , ,1.38, , ,0.77,1.27,2.07,3.74,4.9,-11.5,-10.47,-10.52,14.43,15.28,15.47,3.34,1.21,4.28,4.39,,,,
220,97053516,11/3/2025,14:00:44,,,1.43,0.17,0.24,-2.81,5.24,4.53,5.37,5.98,0.19,-1.47,-0.58,-0.49,3.89,2.49,3.23,5.44, , , , , , , , ,-2.38,-1.98,0.16,3.47,0.76,1.46,0.44,5.93,7.03,5.18,3.12,-1.51, ,7.24, ,1.2,1.37, ,4.82,3.92, , , ,-3.7, , ,2.35, ,-0.92,3.5, ,-0.51,-0.77,2.01,3.08,0.27,1.26,0.21,5.04,4.71,3.88,3.23,-0.07, ,6.55, ,2.25,-0.93, ,4.53,3.33, , , ,-0.24, , ,1.31,1.25,1.77,3.25,4.37,-11.32,-10.48,-10.39,14.45,15.42,15.48,3.33,1.46,4.61,4.34,,,,
221,97053441,11/3/2025,14:01:43,,,0.52,0.75,0.22,-1.14,5.27,4.22,5.44,5.05,0.21,-0.39,-0.25,0.11,3.58,2.32,2.86,5.43, , , , , , , , ,-3.19,-1.71,1.93,4.09,1.22,1.59,0.71,4.34,6.52,4.97,1.09,-1.63, ,5.42, ,0.85,1.43, ,4.26,5.3, , , ,-3.41, , ,1.55, ,-0.34,3.75, ,-2.35,-0.9,2.71,3.62,0.05,1.49,0.32,4.63,4.39,4.19,1.06,-2.3, ,5.3, ,1.38,-0.41, ,3.73,4.14, , , ,0.21, , ,1.51,1.41,2.05,3.47,4.68,-11.06,-10.39,-10.19,14.83,15.17,15.53,3.39,1.48,4.28,4.46,,,,
222,97053417,11/3/2025,14:02:34,,,0.28,0.88,0.25,-1.47,4.95,4.56,4.97,5.6,-0.17,1.41,0.07,4.11,3.8,2.23,2.97,3.49, , , , , , , , ,-0.01,-1.58,-3.1,3.52,0.66,1.96,0.33,6.27,7.18,4.67,4.28,0.15, ,5.12, ,1.78,1.06, ,4.74,4.03, , , ,-2.61, , ,1.48, ,0.18,4.0, ,-2.46,-0.75,3.33,3.53,0.64,1.46,0.62,4.63,4.73,4.35,1.93,-1.18, ,3.85, ,1.77,-0.4, ,3.57,4.22, , , ,-1.15, , ,1.44,1.23,1.62,3.92,5.07,-11.31,-10.58,-10.48,15.26,15.37,15.87,3.75,2.0,4.35,5.08,,,,
223,97052690,11/3/2025,16:07:34,,,0.16,0.04,-0.28,-2.44,5.12,5.42,5.66,6.42,0.12,-0.39,-0.88,0.58,3.48,2.26,3.02,4.53, , , , , , , , ,-2.54,-1.67,0.81,3.83,0.96,1.7,0.54,4.84,7.1,5.2,1.8,-1.91, ,5.39, ,0.73,0.89, ,4.33,4.31, , , ,-3.87, , ,1.69, ,-0.62,3.45, ,-3.72,-1.06,3.59,2.94,0.45,1.53,0.47,4.93,5.27,4.96,1.03,-2.89, ,4.09, ,1.27,0.21, ,3.26,3.46, , , ,-1.12, , ,1.34,1.16,1.39,3.68,4.73,-10.97,-10.56,-10.11,14.53,15.18,15.33,3.48,1.02,4.72,4.17,,,,
225,97052674,11/3/2025,16:10:13,,,-0.33,0.0,-0.09,-2.6,4.97,5.14,5.23,5.31,-0.01,-0.95,-0.36,0.04,3.71,2.59,3.5,4.59, , , , , , , , ,-2.94,-1.79,0.89,3.99,1.04,1.6,0.26,4.8,6.84,5.43,1.92,-2.02, ,5.14, ,0.87,2.06, ,4.13,4.94, , , ,-3.12, , ,1.48, ,0.0,3.49, ,-3.06,-0.78,2.47,3.48,0.38,1.31,0.84,4.61,4.86,4.27,1.88,-2.95, ,4.74, ,1.44,0.37, ,3.91,4.0, , , ,0.15, , ,0.67,1.41,2.03,3.54,4.86,-11.04,-10.53,-10.32,14.2,15.48,15.58,3.43,1.48,4.89,4.27,,,,
227,97052708,11/3/2025,16:12:56,,,0.99,2.15,0.49,0.41,5.99,5.43,5.63,6.41,-0.35,0.96,-0.15,1.72,3.76,2.73,3.73,5.04, , , , , , , , ,-2.22,-1.6,0.2,3.58,0.21,1.26,0.61,4.06,5.45,4.06,2.92,-1.24, ,7.43, ,0.87,1.23, ,5.05,3.94, , , ,-4.59, , ,2.57, ,-0.95,3.45, ,-2.54,-0.6,2.78,3.97,0.62,1.6,0.68,4.19,5.68,4.83,1.4,-2.95, ,4.81, ,1.39,-0.05, ,3.16,2.99, , , ,0.76, , ,1.17,1.29,2.07,3.84,4.91,-11.49,-10.54,-10.35,14.51,15.33,15.6,3.24,1.48,4.44,4.07,,,,
229,97052682,11/3/2025,16:14:41,,,0.34,0.53,-0.13,-1.81,5.39,5.11,5.42,5.69,0.46,0,-0.36,1.54,3.22,2.17,2.87,4.41, , , , , , , , ,-3.01,-2.2,0.4,3.61,0.29,1.72,0.07,5.39,7.18,4.83,3.0,-2.17, ,5.2, ,0.92,1.52, ,4.73,4.52, , , ,-3.31, , ,1.77, ,-0.51,3.41, ,-2.53,-0.79,3.08,4.21,-0.28,0.91,0.29,4.46,5.29,4.8,0.78,-3.68, ,4.1, ,1.14,0.63, ,3.7,3.63, , , ,0.64, , ,1.64,1.37,2.36,3.95,4.82,-11.88,-10.65,-10.71,14.94,15.37,15.58,3.33,1.55,4.03,4.63,,,,
230,97052666,11/3/2025,16:15:32,,,0.65,0.8,0.47,-1.73,4.99,4.7,4.79,5.64,-1.86,-1.29,-0.75,-0.64,3.99,2.9,3.35,4.47, , , , , , , , ,-1.36,-1.51,-0.16,3.29,0.44,1.72,0.44,5.5,6.73,4.53,3.43,-1.1, ,6.55, ,0.92,0.93, ,5.27,3.68, , , ,-3.04, , ,2.64, ,-0.05,3.9, ,-2.39,-0.08,3.46,3.67,1.14,1.1,1.66,4.55,5.73,4.89,1.44,-2.25, ,3.76, ,1.46,-0.66, ,3.35,2.55, , , ,-0.78, , ,2.03,0.75,1.17,4.31,4.82,-11.3,-10.47,-10.42,14.66,15.41,15.53,3.92,1.16,4.4,4.15,,,,
234,97069165,11/3/2025,16:19:06,,,0.4,-0.04,-0.27,-2.59,5.17,4.73,4.97,5.95,0.1,-1.13,-0.45,-0.54,3.71,2.65,2.82,4.17, , , , , , , , ,-2.81,-1.64,0.18,3.63,0.72,1.57,0.55,4.87,6.38,4.29,2.63,-1.84, ,6.16, ,0.83,1.72, ,4.88,4.63, , , ,-3.58, , ,1.84, ,-0.25,3.68, ,-1.53,-0.63,2.49,3.71,0.82,1.48,0.9,5.54,5.54,4.69,2.48,-1.5, ,6.46, ,1.73,-0.47, ,4.31,1.54, , , ,-0.99, , ,2.23,0.94,1.23,3.76,4.1,-11.77,-10.37,-10.63,14.54,15.02,15.35,4.0,1.7,4.25,4.29,,,,
235,97057780,11/3/2025,16:20:00,,,0.47,1.69,0.23,-0.26,5.01,4.45,4.99,5.22,-2.09,-0.12,-0.39,0.3,3.92,2.95,3.45,4.96, , , , , , , , ,-1.33,-1.23,-0.14,3.55,0.38,1.36,0.61,4.45,6,4.67,3.3,-1.03, ,5.61, ,0.97,0.46, ,4.43,3.89, , , ,-2.93, , ,1.68, ,0.15,3.55, ,1.26,-0.34,-0.12,3.69,0.53,1.57,0.87,5.28,4.35,3.37, ,0.69, ,6.78, ,2.5,-1.2, ,4.79,1.56, , , ,-0.29, , ,1.28,1.13,1.69,3.85,4.84,-11.15,-10.64,-10.48,14.3,15.45,15.56,3.54,1.32,4.44,3.79,,,,
236,97052971,11/3/2025,16:20:57,,,-0.4,0.37,-0.17,-1.89,4.47,5.08,5.2,5.8,-0.1,-1.13,-0.79,-0.24,3.67,2.41,2.68,4.91, , , , , , , , ,-1.17,-1.87,-0.19,3.59,0.12,1.56,-0.6,4.14,6.25,5.55,3.62,-0.53, ,5.37, ,1.1,1.16, ,5.38,5.69, , , ,-3.47, , ,0.62, ,-0.18,2.86, ,-2.48,-0.72,2.63,3.36,0.66,1.78,0.6,4.86,5.18,4.28,2.27,-1.72, ,5.21, ,1.64,-0.22, ,4.19,3.09, , , ,-0.9, , ,1.31,1.31,1.62,3.64,4.98,-11.31,-10.68,-10.53,14.92,15.4,15.77,4.16,1.76,5.0,4.52,,,,
237,97052955,11/3/2025,16:21:47,,,0.61,1.8,0.55,-0.3,5.02,5.13,5.67,5.06,-0.88,-1.56,-0.2,-0.99,4.21,2.91,3.13,4.71, , , , , , , , ,-4.33,-2.18,1.47,4.04,1.16,1.92,0.49,4.03,6.44,5.18,1.11,-2.81, ,6.45, ,0.57,2.6, ,4.68,5.29, , , ,-4.87, , ,2.34, ,-0.74,3.54, ,-1.66,-0.32,2.77,3.38,1.21,0.88,1.34,4.54,5.23,4.23,2.54,-0.66, ,5.16, ,1.79,-0.91, ,3.93,3.16, , , ,-0.93, , ,0.85,1.15,1.38,3.62,4.64,-11.36,-10.6,-10.36,14.44,15.04,15.33,3.5,1.62,4.29,4.26,,,,
239,97052930,11/3/2025,16:26:26,,,-0.52,-0.15,-0.19,-2.83,4.95,4.82,5.08,5.6,-0.68,0.04,0.0,1.27,3.98,2.98,3.13,4.77, , , , , , , , ,-3.65,-1.59,0.98,3.65,0.64,1.6,0.55,3.98,6.31,4.75,2.37,-2.07, ,6.73, ,0.71,1.87, ,4.96,4.79, , , ,-3.65, , ,2.75, ,-0.73,3.72, ,-3.07,-0.39,5.15,4.26,1.65,0.87,1.46,4.6,4.44,4.79,-0.03,-2.35, ,4.31, ,1.33,0.84, ,3.33,4.13, , , ,-1.42, , ,2.07,0.91,1.26,3.91,4.53,-11.36,-10.74,-10.33,14.87,15.41,15.46,3.43,1.06,3.87,4.38,,,,
241,97047435,11/3/2025,16:32:02,,,-1.1,-0.19,-0.86,-1.98,5.09,4.57,5.18,5.42,-0.27,-0.53,-0.17,0.51,3.64,2.78,3.16,4.76, , , , , , , , ,-3.45,-1.98,1.32,4.34,0.48,1.77,0.44,4.49,6.12,4.93,1.72,-2.18, ,7.47, ,0.73,2.31, ,5.07,4.48, , , ,-4.14, , ,2.81, ,-1.08,3.2, ,-1.33,-0.56,2.35,2.99,1.17,1.44,1.12,4.55,4.75,3.75,2.43,-0.78, ,5.44, ,2.02,-0.61, ,4.39,3.65, , , ,-0.23, , ,1.53,1.43,2.17,3.76,5.0,-11.29,-10.58,-10.4,15.18,14.6,15.44,3.89,1.98,4.07,5.33,,,,
243,97052963,11/3/2025,16:38:22,,,-0.97,-0.33,-0.64,-2.04,4.53,4.75,4.86,5.3,-0.28,-0.83,-0.65,0.45,3.86,2.72,2.88,4.58, , , , , , , , ,-2.64,-1.85,0.48,4.01,0.34,1.88,0.31,4.3,5.94,4.68,2.2,-1.41, ,5.25, ,0.88,1.37, ,4.32,5.03, , , ,-3.46, , ,0.75, ,-0.3,3.73, ,-1.53,-0.7,1.93,3.86,1.05,1.61,0.76,4.64,4.8,4.35,1.56,-0.97, ,3.34, ,1.63,-0.89, ,3.24,4.2, , , ,0.22, , ,0.34,1.43,2.19,3.85,5.32,-11.28,-10.95,-10.64,14.21,15.04,15.4,4.27,1.75,4.91,4.35,,,,
244,97052948,11/3/2025,16:42:38,,,-1.71,-1.29,-1.45,-3.52,4.27,5.56,5.04,6.92,-0.11,-0.54,0.01,0.11,3.4,2.48,2.51,4.54, , , , , , , , ,-2.71,-1.99,-0.01,3.45,0.17,2.08,0.0,4.93,6.85,4.66,2.79,-1.9, ,4.25, ,0.86,1.32, ,5.22,5.79, , , ,-3.76, , ,0.36, ,-0.01,2.91, ,-2.19,-0.78,2.96,3.4,0.47,1.3,0.8,4.65,4.47,3.85,1.88,-1.45, ,5.73, ,1.55,-0.85, ,4.48,3.58, , , ,-0.3, , ,1.33,0.92,1.26,3.55,4.41,-11.75,-10.97,-10.87,14.56,14.89,15.57,3.61,1.64,4.32,4.65,,,,
245,97052922,11/3/2025,16:49:44,,,-1.13,-0.27,-0.85,-1.66,5.19,4.4,5.13,4.95,-0.93,-0.96,-0.32,2.08,4.06,3.19,3.23,3.69, , , , , , , , ,-3.56,-1.79,1.42,4.23,0.86,2.18,0.77,4.06,6.52,4.57,1.29,-3.22, ,5.25, ,0.54,2.62, ,4.42,5.11, , , ,-2.84, , ,2.31, ,0.06,3.74, ,-1.29,-0.6,0.74,4.02,1.08,1.24,1.17,4.66,4.34,3.88,2.05,-1.18, ,5.35, ,1.49,-1.14, ,4.48,3.45, , , ,-0.13, , ,1.98,1.12,1.74,3.82,4.59,-11.37,-10.43,-10.37,14.56,14.73,15.41,3.1,1.63,3.91,4.7,,,,
253,97052567,11/3/2025,16:57:48,,,-1.65,-0.28,-1.33,-1.89,5.45,5.78,5.74,6.08,-0.68,-0.53,-0.38,0.94,3.89,2.34,2.82,4.02, , , , , , , , ,-0.84,-1.88,-0.43,3.42,0.42,2.1,0.41,4.35,5.81,4.13,3.78,-0.67, ,6.99, ,1.18,0.56, ,5.21,3.25, , , ,-4.09, , ,2.87, ,-1.07,3.74, ,-2.5,-0.31,3.67,3.83,0.87,1.16,1.12,4.61,4.43,4.11,1.44,-2.12, ,4.7, ,1.48,-0.8, ,3.77,4.35, , , ,0.02, , ,0.81,1.4,2.06,3.71,4.92,-11.56,-10.33,-10.45,14.59,15.44,15.58,3.33,1.93,4.55,4.62,,,,
258,97056840,11/3/2025,17:03:58,,,-1.65,-0.78,-1.36,-2.35,4.93,4.85,5.34,5.47,-0.82,-0.55,-0.06,0.38,4.01,2.77,3.03,4.46, , , , , , , , ,-1.32,-1.49,0.94,4.12,0.22,2.23,0.53,4.29,6.59,4.95,2.04,-0.68, ,6.73, ,0.93,0.76, ,4.64,3.44, , , ,-5.14, , ,3.01, ,-0.95,3.63, ,-1.96,-0.79,3.17,3.24,1.34,1.0,1.15,4.68,5.06,3.85,2,-1.2, ,3.69, ,1.65,-1.11, ,3.91,4.31, , , ,-0.4, , ,0.72,1.57,1.88,3.97,5.32,-11.67,-10.79,-10.57,14.96,15.09,15.66,3.26,1.38,3.91,4.76,,,,
260,97056824,11/3/2025,17:05:40,,,-1.57,-0.46,-1.31,-1.54,4.97,4.06,5.58,4.2,-1.15,-0.71,-0.4,0.07,4.14,3.11,3.64,5.74, , , , , , , , ,-2.95, ,1.65, ,0.71,1.64,0.85,4.25,6.22,4.89,1.67,-1.77, ,5.9, ,0.79,1.4, ,4.23,4.34, , , ,-3.84, , ,2.39, ,-0.19,3.92, ,-2.38,-0.78,2.39,3.23,1.56,1.22,0.84,4.54,4.59,4.0,1.84,-1.85, ,3.87, ,1.52,-0.66, ,3.81,4.68, , , ,-0.61, , ,0.97,1.38,1.93,3.9,5.05,-11.92,-10.61,-10.62,14.5,15.45,15.41,3.45,1.63,4.11,4.1,,,,
261,97056832,11/3/2025,17:06:30,,,-0.98,0.74,-0.78,-0.35,4.99,4.32,5.29,4.4,-1.47,-0.69,0.02,0.05,4.39,2.85,3.54,5.34, , , , , , , , ,-2, ,0.89, ,0.16,2.07,0.36,4.36,6.02,4.66,2.28,-1.0, ,7.13, ,0.98,1.86, ,4.67,3.32, , , ,-5.05, , ,3.03, ,-0.73,4.06, ,-2.36,-0.67,2.62,3.1,1.42,1.44,0.92,4.72,4.85,3.83,2.22,-2.37, ,5.02, ,1.45,-0.95, ,3.67,2.14, , , ,-0.52, , ,2.15,1.06,1.77,3.97,4.86,-11.62,-11.35,-10.74,15.02,15.63,15.77,3.89,2.11,4.06,4.56,,,,
263,97056956,11/3/2025,17:10:59,,,-1.61,-2.33,-1.54,-3.48,4.85,4.6,4.97,4.87,-0.99,-0.83,0.32,-0.39,4.36,3.03,3.13,4.98, , , , , , , , ,-2.91,-1.47,2.45,4.46,-0.09,1.25,0.72,4.05,6.47,5.24,0.37,-1.87, ,6.63, ,0.89,2.63, ,4.49,5.64, , , ,-3.64, , ,2.2, ,-0.25,3.22, ,-1.62,-0.73,2.16,3.05,1.34,1.15,0.88,5.11,4.84,3.86,2.38,-1.13, ,5.52, ,1.84,-0.91, ,4.28,3.7, , , ,-0.33, , ,1.44,1.19,1.48,3.76,4.7,-10.99,-11.11,-10.47,14.68,15.12,15.34,3.77,1.47,4.58,4.19,,,,
264,97052542,11/3/2025,17:14:58,,,-1.94,-0.17,-1.75,-1.4,5.16,4.77,5.73,4.88,-0.88,-0.1,0.15,0.36,3.85,2.55,3.01,4.93, , , , , , , , ,-3.6,-1.78,0.63,3.67,0.49,1.87,0.42,4.71,5.65,4.79,2.03,-3.32, ,5.93, ,0.58,2.01, ,5.07,4.4, , , ,-2.93, , ,2.27, ,-0.31,3.62, ,-2.39,-0.6,5.23,4.6,1.51,1.45,0.93,4.57,5.28,5.04,-0.03,-2.47, ,2.53, ,1.42,0.16, ,3.0,4.19, , , ,0.31, , ,1.17,1.65,2.27,3.95,5.11,-11.38,-10.89,-10.5,14.21,14.78,15.2,3.97,1.32,4.6,4.28,,,,
268,97056964,11/3/2025,17:18:32,,,-1.31,1.47,0.26,0.08,5.25,3.85,5.02,3.98,-1.0,-2.23,-1.14,-1.76,3.66,3.81,3.45,5.84, , , , , , , , ,-3.13,-1.99,0.41,3.65,0.22,1.61,0.41,4.84,6.43,4.58,2.63,-2.29, ,5.41, ,0.84,1.03, ,4.65,4.56, , , ,-2.74, , ,1.85, ,0.5,3.69, ,-1.45,-0.91,1.19,3.6,1.28,1.19,0.73,4.66,4.39,3.6,2.13,-0.71, ,4.65, ,1.72,-1.63, ,4.35,4.05, , , ,-0.73, , ,1.28,1.27,1.58,3.79,4.88,-11.31,-10.93,-10.65,14.21,14.95,15.09,4.07,1.29,4.24,3.95,,,,
270,97056915,11/3/2025,17:21:08,,,-1.35,-0.53,-0.81,-2.03,4.97,3.63,4.25,4.31,-1.84,-0.45,0.37,0.3,3.97,3.26,3.32,4.53, , , , , , , , ,-2.5,-1.44,0.95,3.89,0.54,1.76,0.82,4.59,6.66,4.73,1.81,-1.23, ,5.44, ,0.89,1.69, ,3.95,3.89, , , ,-3.34, , ,1.8, ,-0.62,3.97, ,-1.07,-0.39,3.27,3.35,1.52,1.0,1.35,4.75,4.68,3.75,2.48,-0.27, ,5.52, ,2.04,-1.55, ,4.48,3.83, , , ,-1.44, , ,1.41,1.03,1.15,3.8,4.66,-11.44,-10.33,-10.4,14.74,15.46,15.54,3.36,1.16,4.43,4.34,,,,
271,97056949,11/3/2025,17:21:58,,,-1.06,0.45,-0.42,-1.27,5,3.93,4.97,4.49,-1.82,-0.77,0.2,0.1,3.52,2.89,2.93,5.16, , , , , , , , ,-2.55,-1.8,0.83,3.96,0.55,1.98,0.4,5.1,6.56,5.26,2.09,-1.5, ,5.21, ,0.89,1.79, ,4.09,4.25, , , ,-5.43, , ,1.89, ,-0.68,4.21, ,-1.76,-0.64,0.75,3.51,1.19,0.93,1.09,5.23,4.79,4.21,2.24,-1.33, ,4.81, ,1.77,-1.39, ,4.58,3.34, , , ,-0.41, , ,1.54,1.3,1.85,3.91,4.96,-11.27,-10.67,-10.64,14.61,15.2,15.38,3.65,1.66,4.41,4.19,,,,
274,97056097,11/3/2025,17:24:34,,,-0.82,0.02,-0.9,-1.67,5.16,3.92,5.28,4.42,-0.23,-1,-0.24,0.02,3.67,2.84,2.92,5.06, , , , , , , , ,-4.6,-2.1,1.68,3.98,1.16,0.42,0.77,4.57,2.09,4.56,0.94,-3.37, ,6.06, ,0.4,2.31, ,4.95,5, , , ,-3.16, , ,2.49, ,-0.45,3.59, ,1.47,-0.76,0.42,2.3,0.75,1.51,0.04,4.9,3.47,2.55, ,1.78, ,10.25, ,2.88,-2.93, ,7.16,3.41, , , ,-0.81, , ,1.31,1.52,1.58,3.67,4.53,-11.62,-10.44,-10.43,14.99,15.5,15.53,3.4,1.86,3.93,4.27,,,,
275,97052534,11/3/2025,17:25:27,,,-1.03,0.06,-0.26,-1.54,5.17,4.43,4.88,4.63,-0.48,-0.8,-0.3,0.28,3.66,2.71,2.82,4.66, , , , , , , , ,-2.21,-1.91,0.22,3.91,0.38,1.85,0.31,4.58,6.22,4.68,2.64,-1.68, ,4.95, ,0.93,1.62, ,4.31,4.36, , , ,-2.61, , ,1.2, ,0.16,3.97, ,-1.08,-0.56,2.61,3.46,0.92,1.51,0.84,4.57,4.84,3.97,2.81,-1.56, ,6.26, ,1.87,-1.11, ,4.31,3.3, , , ,-0.05, , ,2.66,1.28,1.89,3.98,4.44,-11.54,-10.37,-10.36,14.81,15.34,15.54,3.7,1.63,4.05,3.86,,,,
276,97056089,11/3/2025,17:26:24,,,-1.67,-0.05,-0.73,-1.91,5,4.24,5.22,4.56,-0.19,-0.97,-0.2,0.12,3.68,3.18,3.1,5.3, , , , , , , , ,-1.88,-1.94,0.34,3.65,0.9,1.61,0.56,5.66,7.22,4.56,2.96,-0.78, ,4.84, ,0.89,0.83, ,4.51,3.81, , , ,-3.72, , ,1.93, ,-0.31,4.15, ,-0.46,-0.38,2.03,2.76,0.64,1.08,0.89,4.99,4.35,3.57,3.36,-0.31, ,6.85, ,2.12,-1.36, ,4.88,3.26, , , ,-0.31, , ,1.69,1.27,1.5,4.04,4.59,-11.35,-10.7,-10.47,14.84,14.83,15.31,3.98,1.73,3.73,4.6,,,,
277,97056063,11/3/2025,17:28:59,,,-1.05,1.46,-0.36,0.59,5.32,4.46,5.26,4.42,-0.38,-1.14,-0.31,-0.01,3.9,2.96,3.22,4.96, , , , , , , , ,-2.39,-1.72,1.41,3.93,0.55,1.75,0.47,4.0,5.93,4.61,1.55,-1.75, ,7.18, ,0.64,1.77, ,5.12,4.78, , , ,-4.34, , ,3.02, ,-0.25,3.9, ,-2.68,-0.51,2.27,4.24,0.56,1.23,0.76,4.53,4.76,4.45,1.49,-2.41, ,4.22, ,1.68,-0.07, ,3.25,3.05, , , ,-0.11, , ,1.8,1.47,1.94,4.22,5.22,-11.51,-10.55,-10.65,14.75,14.61,15.05,3.53,1.5,3.98,4.32,,,,
278,97056048,11/3/2025,17:30:54,,,-1.42,0.46,-0.61,-1.13,5.52,4.78,5.41,5.18,0.16,-0.85,-0.11,0.25,3.89,2.52,3.2,5.05, , , , , , , , ,-1.73,-2.07,0.53,3.97,0.24,2.03,0.01,4.23,5.56,4.05,2.39,-0.38, ,5.67, ,0.9,1.09, ,4.59,4.61, , , ,-3.23, , ,1.75, ,-0.19,3.76, ,-0.74,-0.39,3.2,3.32,0.57,1.44,0.47,4.77,4.53,3.32,2.4,-0.97, ,5.65, ,1.95,-0.94, ,4.37,3.65, , , ,0.05, , ,1.74,1.49,2.14,4.18,4.92,-11.51,-10.29,-10.3,14.77,14.67,15.27,3.21,1.36,4.03,4.49,,,,
281,97056055,11/3/2025,17:34:36,,,-1.45,-0.02,-0.93,-1.72,4.88,3.91,5.17,4.47,-0.19,-0.87,0.01,0.26,3.79,2.95,2.95,4.98, , , , , , , , ,-3.04,-2.05,1.7,3.88,0.85,2.06,0.55,4.53,6.82,4.52,1.55,-2.52, ,6.94, ,0.56,2.04, ,5.09,4.54, , , ,-3.02, , ,3.2, ,-0.4,3.74, ,-0.31,-0.68,1.86,3.09,0.79,1.34,0.6,4.98,4.96,4.15,3.69,-0.15, ,6.15, ,2.54,-0.8, ,4.24,2.15, , , ,-0.03, , ,1.41,1.35,1.88,3.73,4.74,-11.84,-10.87,-10.84,14.29,14.96,15.25,3.49,1.69,4.11,4.36,,,,
283,97052526,11/3/2025,17:36:17,,,-1.47,0.35,-0.63,-1.18,5.67,4.8,5.28,5.06,-0.11,0.19,0.74,1.31,3.78,3,2.83,4.76, , , , , , , , ,-0.92,-1.82,-0.46,3.48,0.45,1.94,0.36,4.11,5.36,3.89,3.35,-0.4, ,5.5, ,1.15,-0.25, ,4.64,4.54, , , ,-2.93, , ,0.89, ,0.46,3.72, ,-3.35,-1.09,4.04,4.46,0.87,1.62,0.55,4.34,5.51,4.8,1.27,-3.37, ,5.12, ,1.42,0.6, ,3.8,3.48, , , ,-0.76, , ,2.5,1.05,1.65,3.78,3.96,-11.22,-10.81,-10.61,14.72,14.87,15.74,4.1,1.21,4.07,4.44,,,,
285,97055990,11/3/2025,17:37:57,,,-1.3,-0.08,-0.94,-1.65,5.47,4.67,5.37,5.0,-0.08,-0.15,0.09,0.98,3.52,3.03,3.0,4.81, , , , , , , , ,-1.36,-1.85,0.24,3.52,0.57,1.99,0.24,4.38,5.61,3.93,3.17,-1.12, ,6.84, ,0.84,0.52, ,5.22,3.82, , , ,-3.5, , ,2.88, ,-0.39,4.13, ,-0.65,-0.7,2.59,3.26,0.66,0.95,0.52,4.59,4.53,4.19,2.73,-0.96, ,6.52, ,1.63,-0.79, ,4.16,3.7, , , ,0.11, , ,1.68,1.19,1.82,3.89,4.69,-11.71,-10.4,-10.33,14.74,14.55,14.87,3.53,1.44,3.42,4.65,,,,
287,97055982,11/3/2025,17:45:23,,,-1.38,0.29,-0.84,-1.11,4.9,3.86,4.81,4.36,-0.35,-0.56,-0.18,0.48,3.75,3.21,3.1,5.29, , , , , , , , ,-2.77,-1.89,0.51,3.63,0.05,0.67,-0.44,4.41,3.21,4.43,2.63,-2.02, ,5.92, ,0.67,1.66, ,5.5,4.42, , , ,-3.49, , ,2.5, ,-0.18,3.68, ,-0.16,-0.57,2.66,2.99,0.71,1.24,0.7,4.73,4.45,3.41,2.62,-0.64, ,4.73, ,1.74,-1.5, ,3.92,3.6, , , ,0.64, , ,1.14,1.46,2.07,3.96,5.13,-11.52,-10.33,-10.33,14.65,14.69,14.96,3.19,1.05,3.97,4.87,,,,
290,97055891,11/3/2025,17:48:23,,,-1.39,-0.35,-0.68,-2.24,5.27,4.64,5.33,5.19,-0.39,-0.67,0.28,0.12,4.45,2.87,3.19,5.04, , , , , , , , ,-4.34,-2.16,2.16,4.65,0.36,2.3,0.12,4.4,6.35,5.22,0.45,-3.02, ,6.31, ,0.6,3.14, ,3.87,4.53, , , ,-3.53, , ,2.12, ,-0.03,4.05, ,-2.1,-0.39,3.29,3.69,1.05,1.21,1.02,4.59,4.14,4.1,2.16,-1.23, ,4.45, ,1.66,-1.17, ,3.58,3.44, , , ,-0.36, , ,1.2,1.59,1.87,3.85,5.24,-11.5,-10.85,-10.44,14.23,15.52,15.33,3.6,2.0,4.33,4.17,,,,
295,97055776,11/3/2025,17:59:19,,,-1.5,-0.11,-0.57,-1.77,5.58,4.59,5.2,4.93,-0.55,-0.71,-0.08,0.14,4.27,2.91,3.2,4.71, , , , , , , , ,-1.06,-1.84,-0.24,3.61,0.26,1.77,0.32,4.49,6.22,3.9,3.45,-0.43, ,4.59, ,1.07,0.73, ,4.67,4.07, , , ,-2.95, , ,1.3, ,0.37,3.92, ,1.67,-0.42,0.25,2.76,0.81,1.34,0.9,5.6,4.83,3.13, ,1.41, ,8.92, ,2.58,-2.61, ,4.95,0.96, , , ,-1.2, , ,2.85,0.94,1.38,4.34,4.45,-11.33,-10.94,-10.31,14.39,15.07,15.29,3.92,1.59,4.59,4.02,,,,
299,97055719,11/3/2025,18:29:41,,,-1.52,0.68,-0.21,-0.79,4.78,4.06,4.54,4.7,-0.51,-0.78,0.03,-0.15,4.14,3.27,3.22,5.2, , , , , , , , ,-2.82,-1.89,1.7,4.15,0.51,1.94,0.15,4.4,6.47,4.74,1.12,-1.86, ,4.93, ,0.71,2.23, ,4.06,4.82, , , ,-3.87, , ,2.05, ,-0.05,3.96, ,-1.76,-0.71,0.86,4.34,1.28,1.24,0.85,4.55,4.65,4.29,2.32,-2.01, ,5.66, ,1.65,-1.05, ,5.16,4.47, , , ,-0.92, , ,3.4,1.03,1.67,4.27,4.26,-11.49,-11.18,-10.83,14.45,14.91,15.28,3.5,1.14,4.25,4.19,,,,
304,97055826,11/3/2025,18:41:04,,,-1.06,0.21,-0.76,-1.38,5.3,3.81,5,4.43,0.09,-0.54,0.48,0.21,4.14,2.8,3.04,4.26, , , , , , , , ,-2.59,-2,1.06,4.04,0.64,1.84,0.22,5.23,6.61,4.41,2.22,-1.29, ,6.94, ,0.79,1.41, ,4.75,3.98, , , ,-3.98, , ,2.78, ,-0.98,3.61, ,-1.79,-0.83,2.69,3.13,1.18,1.15,0.67,4.67,4.45,4.0,2.41,-1.74, ,4.73, ,1.71,-0.62, ,4.44,4.27, , , ,0.19, , ,1.07,1.63,2.15,3.62,4.73,-11.68,-10.62,-10.57,14.97,14.99,15.64,3.31,1.43,4.26,4.91,,,,
310,97056428,11/3/2025,18:48:01,,,-1.72,-0.01,-0.42,-2.19,5.08,4.52,4.95,4.95,-0.05,-0.67,-0.02,0.07,3.92,3.19,2.98,5.28, , , , , , , , ,-3.46,-2.46,0.74,4.01,0.01,1.59,0.24,4.19,6.32,4.49,2.21,-2.63, ,6.02, ,0.7,1.59, ,4.76,4.44, , , ,-3.06, , ,2.16, ,-0.58,3.5, ,0.18,-0.21,1.55,2.54,0.76,1.18,0.91,4.67,4.42,3.4,4.3,0.69, ,7.66, ,2.37,-2.04, ,5.2,2.78, , , ,-0.35, , ,2.16,1.12,1.54,3.92,4.48,-11.65,-10.45,-10.36,14.29,15.92,15.64,3.6,1.62,4.83,4.27,,,,
311,97056394,11/3/2025,18:48:57,,,-1.66,-0.5,-0.68,-2.44,5.09,4.74,4.93,5.32,-0.36,-0.9,-0.42,-0.02,3.76,3.08,3.2,4.71, , , , , , , , ,-2.95,-2.39,0.52,3.6,0.81,2.08,0.29,4.24,5.85,4.21,2.64,-1.47, ,6.74, ,0.92,0.85, ,4.69,4.12, , , ,-3.98, , ,2.14, ,-0.6,3.6, ,-0.46,-0.49,2.26,2.84,0.69,1.19,0.81,4.61,4.66,3.84,4.18,0.32, ,4.92, ,2.1,-1.64, ,4.18,3.28, , , ,-1.7, , ,1.42,1.19,1.46,4.37,5.22,-11.26,-10.45,-10.26,13.95,15.33,15.57,3.39,1.51,4.58,3.92,,,,
314,97056436,11/3/2025,18:52:31,,,-1.26,1.66,0.4,0.02,5.49,4.48,5,4.7,-0.7,-1.93,-0.91,-1.39,3.65,2.54,2.93,4.93, , , , , , , , ,-1.6,-1.81,0.06,3.51,0.29,1.9,0.82,4.31,5.93,3.65,2.98,-0.98, ,6.32, ,0.91,0.19, ,5.33,4.03, , , ,-3.79, , ,2.91, ,-0.62,3.84, ,-0.6,-0.41,3.53,3.37,0.79,1.07,0.79,4.6,4.59,4.19,2.13,-0.28, ,5.0, ,1.65,-1.05, ,3.92,3.61, , , ,-0.81, , ,1.7,1.07,1.65,3.85,4.62,-11.43,-10.43,-10.22,14.35,15.45,15.54,3.51,1.21,4.43,3.91,,,,
315,97056030,11/3/2025,18:54:19,,,6.49,5.15, ,2.16,6.57,4.42, ,4.68,-0.54,-2.78,-1.1,-2.23,3.68,2.76,2.96,5.03, , , , , , , , ,-5.42,-2.73,1.52,4.33,0.52,2.18,0.01,3.92,6.26,4.62,0.48,-3.97, ,5.97, ,0.43,3.77, ,3.98,4.9, , , ,-3.38, , ,1.9, ,-0.15,3.56, ,-2.17,-0.9,3.2,3.37,1.04,1.28,0.88,4.61,4.82,4.26,2.38,-1.77, ,5.13, ,1.71,-0.85, ,4.21,3.92, , , ,-0.78, , ,1.63,1.16,1.68,3.71,4.36,-11.25,-10.87,-10.43,13.92,14.82,14.96,3.53,1.18,4.27,4.41,,,,
316,97056386,11/3/2025,18:58:28,,,-1.48,0.03,-0.86,-1.27,5.01,3.89,5.12,4.57,-0.04,-1.3,-0.45,-0.6,4.07,2.6,3.03,5.18, , , , , , , , ,-3,-2.24,0.65,3.74,0.29,2.31,0.02,4.64,6.49,4.27,2.31,-2.54, ,5.39, ,0.64,2.25, ,4.66,4.69, , , ,-3.92, , ,2.13, ,0.3,3.68, ,-1.75,-0.82,2.51,3.15,0.77,1.39,0.51,4.71,4.51,3.68,2.72,-1.46, ,5.67, ,1.89,-1.04, ,4.33,3.46, , , ,-0.65, , ,1.76,1.25,1.69,3.8,4.51,-11.31,-10.67,-10.35,14.05,15.1,15.15,3.32,0.87,4.41,3.83,,,,
317,97056360,11/3/2025,18:59:18,,,-1.63,0.09,-0.43,-1.18,4.39,4.43,4.6,5.22,-0.07,-0.92,-0.31,-0.01,4.1,3.06,3.08,4.91, , , , , , , , ,-2.74,-1.84,2.25,4.55,0.79,1.51,0.66,4.07,6.32,5.07,0.68,-1.81, ,6.5, ,0.66,2.55, ,4.44,4.43, , , ,-4.74, , ,2.89, ,-1.15,3.81, ,-4.18,-0.92,4.55,4.62,1.13,1.14,0.78,4.82,5.07,4.64,0.19,-3.84, ,3.96, ,1.19,0.55, ,3.57,3.95, , , ,-0.33, , ,1.91,1.02,1.7,4.04,4.75,-11.58,-10.74,-10.5,14.39,15.23,15.33,3.25,1.4,4.44,4.17,,,,
318,97056352,11/3/2025,19:00:09,,,-1.52,-0.01,-0.8,-1.31,5.09,4.19,4.78,4.9,-0.72,-1.44,-0.59,-0.76,4.35,2.6,3.18,4.67, , , , , , , , ,-2.59,-1.79,-0.01,3.81,0.42,2.03,0.16,4.98,6.53,4.31,2.94,-1.69, ,4.83, ,0.8,1.75, ,4.62,4.12, , , ,-3.92, , ,1.82, ,-0.07,3.61, ,-1.69,-0.89,3.13,3.22,1.15,1.53,0.86,4.76,3.68,3.19,2.49,-0.77, ,5.52, ,1.83,-0.79, ,4.9,3.94, , , ,-1.33, , ,1.39,1.18,1.56,3.63,4.38,-10.93,-10.88,-10.26,14.48,15.5,15.61,3.28,1.12,4.76,3.91,,,,
322,97056303,11/3/2025,19:03:46,,,-2.11,-0.53,-1.1,-1.62,4.43,4.13,4.9,4.66,-0.95,-0.76,-0.11,0.35,4.57,2.86,3.58,4.62, , , , , , , , ,-3.76,-2.18,1.23,4,0.77,2.02,0.23,3.87,6.27,4.76,1.41,-3.34, ,6.71, ,0.49,3.16, ,4.68,4.85, , , ,-3.23, , ,2.88, ,-0.45,3.72, ,-0.13,-0.53,2.13,3.29,1.11,0.97,1.12,4.35,4.4,3.08,4.01,0.75, ,6.3, ,2.1,-2.78, ,4.79,3.42, , , ,-1.43, , ,2.24,1.1,1.13,3.99,4.44,-11.61,-10.95,-10.55,14.43,15.25,15.87,3.68,1.28,4.49,3.67,,,,
324,97056311,11/3/2025,19:05:27,,,-1.2,0.09,-0.68,-1.3,5.33,4.34,5.16,4.91,-1.15,-0.19,0.03,0.91,3.65,2.32,2.84,4.49, , , , , , , , ,-2.2,-1.73,0.56,3.72,0.45,2.54,0.33,4.45,6.45,4.17,2.33,-1.04, ,5.28, ,0.93,1.18, ,4.46,4.42, , , ,-4.42, , ,1.85, ,-0.53,3.84, ,-1.84,-0.9,2.69,3.13,1.34,1.27,0.85,4.71,4.25,3.37,2.3,-1.8, ,4.84, ,1.66,-0.73, ,4.09,3.92, , , ,-0.12, , ,1.24,1.26,1.77,3.81,4.84,-11.36,-10.76,-10.53,14.38,15.08,15.45,3.53,1.17,4.28,4.04,,,,
325,97056287,11/3/2025,19:06:17,,,-1.85,-0.22,-0.64,-1.97,4.81,4.73,5.27,5.33,-1.49,-1.02,-0.4,-0.28,4.11,2.49,3.07,5.21, , , , , , , , ,-3.04,-1.99,0.06,3.77,0.2,2.32,0.62,4.42,6.24,4.79,2.95,-1.76, ,5.62, ,0.87,1.69, ,4.21,4.04, , , ,-4.78, , ,1.68, ,-1.3,3.78, ,-1.72,-1.09,3.32,3.03,1.64,0.65,0.77,4.6,4.18,3.38,1.95,-0.4, ,4.97, ,1.83,-1.04, ,4.48,4.68, , , ,-0.86, , ,1.37,1.08,1.41,3.71,4.67,-11.1,-10.75,-10.33,14.98,15.24,15.68,3.67,1.66,4.3,4.2,,,,
326,97055743,11/3/2025,19:07:08,,,-2.12,-0.72,-0.73,-2.41,4.72,3.92,4.75,4.82,-0.49,-1.61,-0.3,-1.43,4.34,2.68,3.14,5.01, , , , , , , , ,-1.57,-2.26,0.01,3.45,0.64,2.06,0.44,6.12,6.8,4.1,3.86,-0.89, ,6.27, ,1.17,0.97, ,5.24,4.2, , , ,-3.94, , ,2.19, ,-0.88,3.33, ,0.5,-0.3,1.37,3.09,1.21,1.67,1.09,4.52,3.81,3.01,4.42,0.84, ,6.85, ,2.62,-2.15, ,4.65,2.51, , , ,-0.04, , ,1.73,1.11,1.72,3.88,4.7,-11.2,-11.01,-10.56,14.24,14.51,15.1,3.86,1.47,4.28,4.29,,,,
327,97056261,11/3/2025,19:08:08,,,-1.65,-0.35,-0.64,-2.07,4.54,4.37,5.05,4.82,-0.77,-0.09,0.42,0.43,4.3,2.92,3.27,5.3, , , , , , , , ,-1.67,-1.98,0.01,3.45,0.08,2.17,0.31,4.69,6.32,4.6,3.58,-1.46, ,6.69, ,0.94,0.74, ,5.16,3.48, , , ,-4.23, , ,3.15, ,-0.62,3.93, ,-0.81,-1.06,2.86,3.02,1.17,1.29,0.51,4.74,4.36,3.26,3.03,-0.28, ,8.01, ,1.94,-1.27, ,5.45,3.27, , , ,-1.66, , ,3.2,0.84,1.08,3.69,3.73,-11.15,-10.32,-10.11,14.88,15.12,15.55,3.56,1.79,3.93,4.55,,,,
328,97056295,11/3/2025,19:08:58,,,-1.64,-0.71,-1.68,-1.9,4.63,3.96,5.21,4.25,-1.29,-0.7,-0.28,0.03,4.59,3.55,3.53,5.34, , , , , , , , ,-1.89,-1.79,0.86,3.86,0.73,1.97,0.37,4.61,6.6,4.74,2.01,-0.76, ,5.2, ,0.82,0.87, ,4.76,5.17, , , ,-3.38, , ,1.27, ,-0.12,3.49, ,-2.96,-0.99,2.55,3.92,1.41,1.44,0.63,4.57,4.6,3.73,2.09,-2.68, ,5.39, ,1.37,-0.52, ,4.01,2.91, , , ,-0.56, , ,2.28,0.94,1.34,3.79,4.71,-11.33,-10.62,-10.38,14.18,15.58,15.48,3.86,1.71,5.06,3.88,,,,
330,97052492,11/3/2025,19:12:30,,,-2.05,-0.21,-0.55,-1.65,4.83,4.69,4.74,5.26,-1.46,-0.73,-0.18,-0.31,3.79,2.83,2.95,5.1, , , , , , , , ,-1.82,-2.09,0.09,3.64,0.17,1.99,-0.25,4.23,5.8,4.4,2.67,-1.48, ,5.5, ,0.92,1.86, ,4.4,3.89, , , ,-3.92, , ,1.76, ,-0.22,4.08, ,-1.85,-1.22,2.59,3.36,1.34,1.35,0.65,4.75,4.88,3.73,2.26,-2.26, ,5.79, ,1.5,-0.6, ,4.49,3.4, , , ,0.34, , ,2.37,1.12,1.81,3.9,4.39,-11.2,-10.51,-10.3,14.41,14.73,15.26,4.17,2.02,4.51,4.16,,,,
333,97056782,11/3/2025,19:16:59,,,-1.5,-0.67,-0.66,-1.87,4.58,4.39,4.74,4.58,0.1,-0.38,-0.02,0.54,3.87,2.89,3.03,4.55, , , , , , , , ,-3.94,-2.17,1.61,4.3,0.16,2.66,-0.05,4.13,6.57,5.27,1.2,-3.18, ,7.01, ,0.7,3.19, ,4.65,4.68, , , ,-3.53, , ,3.05, ,-0.88,3.31, ,-3.19,-0.78,2.87,3.69,0.96,1.29,0.89,4.73,4.77,4.24,2.12,-2.35, ,5.57, ,1.61,-0.74, ,4.04,3.25, , , ,-0.68, , ,1.62,1.37,1.58,3.69,4.41,-11.4,-10.55,-10.34,14.23,15.57,15.65,3.23,1.36,4.7,3.92,,,,
335,97056766,11/3/2025,19:19:35,,,-1.18,-0.47,-0.78,-1.58,4.99,3.68,5.15,4.02,0.16,-0.27,0.01,0.72,3.98,2.46,3.15,4.97, , , , , , , , ,-3.33,-1.97,1.85,3.89,0.52,1.94,0.56,4.62,6.57,4.67,1.16,-2.04, ,4.96, ,0.96,2.44, ,4.0,5.39, , , ,-3.4, , ,1.53, ,-0.02,3.76, ,-0.56,-0.67,3.21,3.41,1.05,1.38,0.72,4.72,3.96,3.52,2.95,0.18, ,6.19, ,2.09,-1.5, ,4.75,3.24, , , ,-0.95, , ,2.37,1.14,1.5,3.81,4.18,-11.33,-10.54,-10.18,14.76,14.9,15.44,3.48,1.36,4.38,4.32,,,,
337,97056402,11/3/2025,19:21:42,,,-1.52,-1.28,-1.58,-2.29,5.29,4.17,5.26,4.65,0.06,-0.35,-0.12,0.52,3.92,2.86,2.92,5.17, , , , , , , , ,-2.51,-2.15,0.94,3.86,0.57,2.38,0.35,5.12,6.22,3.84,1.92,-1.77, ,6.72, ,0.94,2.18, ,4.67,4.16, , , ,-3.49, , ,2.92, ,-0.53,3.82, ,-0.95,-0.64,3.48,3.26,0.82,1.24,0.62,4.62,4.75,4.09,2.29,-1.24, ,3.99, ,1.84,-0.45, ,3.93,3.44, , , ,0.57, , ,1.59,1.4,2.24,3.97,5.1,-11.22,-10.87,-10.44,14.16,14.69,15.16,4.4,1.65,4.47,3.93,,,,
338,97056758,11/3/2025,19:22:41,,,-1.37,0.24,-0.76,-0.76,5.1,4.74,5.38,4.56,-0.05,-0.04,0.22,1.03,3.96,2.77,2.9,5.6, , , , , , , , ,-3.54,-2.28,1.74,4.16,0.48,2.03,0.31,4.17,6.25,5.19,0.98,-2.83, ,4.75, ,0.86,3.13, ,3.98,5.46, , , ,-2.13, , ,0.88, ,0.48,3.81, ,-2.41,-1.03,1.57,3.71,0.85,1.26,0.55,5.0,4.85,3.77,0.5,-2.15, ,4.34, ,1.43,0.55, ,4.25,4.51, , , ,-0.25, , ,2.34,1.03,1.67,3.82,4.73,-11.97,-11.03,-10.85,14.17,15.48,15.57,3.99,1.47,4.75,3.69,,,,
339,97056725,11/3/2025,19:23:54,,,-2.14,-1.13,-1.1,-2.34,4.94,4.0,4.73,4.41,-0.17,-0.06,0.13,0.86,4.01,2.98,3.32,4.47, , , , , , , , ,-2.59,-1.63,1.93,4.1,0.96,1.92,0.9,4.57,6.8,4.62,1.34,-1.54, ,5.96, ,0.94,1.99, ,4.68,5.02, , , ,-3.43, , ,1.88, ,-0.35,3.41, ,-2.14,-1.08,1.73,3.37,0.82,1.42,0.06,4.38,4.61,3.77,3.2,-0.74, ,6.88, ,1.9,-1.11, ,4.74,2.7, , , ,-1.61, , ,1.83,0.84,1.06,3.56,4.07,-11.36,-10.49,-10.22,14.1,15.03,15.11,3.78,1.51,4.18,4.0,,,,
340,97056733,11/3/2025,19:25:06,,,-2.8,-0.03,-0.77,-0.87,4.9,4.11,4.8,4.18,-0.47,-0.43,0.17,-0.12,3.99,3.52,3.54,5.79, , , , , , , , ,-2.6,-2.04,1.2,3.9,0.23,1.69,0.38,4.31,6.01,4.69,1.88,-1.52, ,5.03, ,1.08,2.05, ,3.96,4.33, , , ,-3.19, , ,1.96, ,0.0,4.2, ,-0.37,-0.92,2.03,3.51,0.79,1.64,0.32,4.3,4.57,3.69,3.74,-0.33, ,6.81, ,2.37,-0.95, ,4.55,2.62, , , ,-0.37, , ,2.34,1.07,1.53,3.64,4.28,-11.63,-10.29,-10.39,14.27,15.41,15.47,3.33,1.51,3.97,3.91,,,,
341,97056410,11/3/2025,19:25:57,,,-2.58,-1.19,-1.53,-2.46,4.74,5.18,5.46,5.28,-0.01,0.22,0.15,1.77,3.99,2.84,2.83,4.84, , , , , , , , ,-2.5,-1.9,0.87,3.77,0.28,1.57,0.44,4.2,6.66,4.81,1.76,-1.9, ,5.71, ,0.79,2.2, ,4.68,4.32, , , ,-3.1, , ,2.04, ,-0.2,4.01, ,-1.32,-0.8,3.87,3.61,0.94,1.22,0.58,4.62,4.46,3.84,1.07,-1.7, ,4.59, ,1.56,-0.05, ,4.21,4.68, , , ,0.23, , ,1.14,1.43,2.23,3.8,4.89,-11.49,-10.6,-10.36,14.01,15.67,15.56,4.05,1.59,4.82,3.78,,,,
345,97056527,11/3/2025,19:38:18,,,-1.21,-0.29,-0.52,-2.08,4.73,4.98,5.23,5.24,-0.35, ,0.3,-0.05,3.83, ,2.62,5.19, , , , , , , , ,-2.97,-2.06,1.17,3.89,0.47,2.22,0.09,4.57,6.47,4.89,1.79,-1.92, ,5.53, ,1.01,2.24, ,4.23,4.41, , , ,-3.04, , ,2.29, ,-0.09,4.1, ,0.93,-0.19,2.53,2.44,1.04,1.2,0.89,4.97,4.34,3.38,3.32,0.64, ,4.84, ,2.07,-2.01, ,4.11,3.59, , , ,0.58, , ,0.87,1.4,2.17,3.89,5.01,-11.44,-11.0,-10.62,14.51,15.58,15.7,3.58,1.15,4.4,4.09,,,,
347,97056501,11/3/2025,19:48:09,,,-1.12,0.13,-0.61,-1.07,4.93,3.78,4.97,4.18,-1.33,-1.42,-0.41,-1.01,4.39,3.36,3.57,5.24, , , , , , , , ,-3.71,-1.98,2.35,4.25,0.62,2.13,0.53,4.23,6.18,4.59,0.76,-2.18, ,6.47, ,0.82,2.74, ,4.54,5.18, , , ,-5.99, , ,2.8, ,-1.0,3.96, ,-2.01,-0.79,2.73,3.26,1.08,0.69,1.18,4.74,4.23,3.46,2.29,-2.17, ,4.97, ,1.7,-0.58, ,4.41,4.02, , , ,0.1, , ,1.68,1.26,1.93,4.02,5.07,-11.39,-11.2,-10.51,14.38,15.52,15.8,3.63,1.63,4.65,4.4,,,,
348,97056477,11/3/2025,19:49:05,,,-1.71,-0.99,-1.1,-2.22,4.56,4.02,4.77,4.51,-0.79,-0.77,0.04,-0.39,4.22,3.14,3.18,4.94, , , , , , , , ,-3.02,-2.13,0.82,3.74,0.67,1.99,0.22,4.33,6.64,4.6,2.22,-2.42, ,6.16, ,0.75,2.33, ,5.23,4.9, , , ,-3.88, , ,2.37, ,-0.41,3.4, ,-1.71,-0.74,2.77,3.49,1.24,0.67,1.18,4.78,3.72,3.68,2.56,-1.79, ,5.51, ,1.59,-0.66, ,4.57,4.25, , , ,0.5, , ,1.18,1.44,2.36,3.72,4.64,-11.64,-10.57,-10.58,14.53,14.7,15.24,3.32,1.77,3.63,5.32,,,,
349,97056485,11/3/2025,19:49:55,,,-1.22,-0.23,-1.47,-1.15,4.69,3.99,5.05,4.02,-1.15,-0.78,-0.22,0.17,4.12,3.16,3.33,4.63, , , , , , , , ,-2.65,-1.99,0.59,3.73,-0.11,2.18,0.16,4.2,6.22,4.55,2.4,-1.49, ,5.12, ,0.95,1.77, ,4.3,4.64, , , ,-4.04, , ,1.7, ,-0.32,4.02, ,0.43,-0.72,1.63,2.89,0.91,1.45,0.84,4.93,4.42,3.56,3.89,-0.14, ,7.32, ,2.05,-1.66, ,4.79,2.89, , , ,0.88, , ,1.48,1.16,2.03,3.78,4.65,-11.92,-10.88,-10.72,14.47,14.92,15.44,3.45,1.62,4.49,4.27,,,,
350,97056451,11/3/2025,19:50:46,,,-1.44,0.74,-0.7,0.6,5.01,3.38,5.11,3.19,-1.02,-0.87,-0.35,-0.32,4.17,3.05,3.08,5.08, , , , , , , , ,-2.42,-1.72,0.66,3.78,0.19,2.39,0.29,4.54,6.72,4.78,2.28,-1.66, ,6.61, ,0.9,1.94, ,5.0,4.36, , , ,-3.7, , ,2.13, ,-0.89,3.26, ,-2.56,-0.73,2.67,3.88,1.4,1.37,0.86,4.58,4.73,4.12,2.36,-2.66, ,5.89, ,1.45,-0.87, ,4.24,3.25, , , ,0.12, , ,1.71,1.36,2.03,3.64,4.6,-11.51,-11.04,-10.79,14.75,15.06,15.59,4.0,1.17,4.32,4.63,,,,
352,97056444,11/3/2025,19:52:38,,,-1.02,-0.27,-0.71,-1.28,5.14,4.18,4.72,4.94,-0.8,-0.4,0.13,0.07,4.19,3.12,3.15,4.64, , , , , , , , ,-3.07,-2.22,0.49,3.95,0.89,2.27,-0.69,4.57,6.15,4.61,2.48,-2.35, ,6.54, ,0.78,2.39, ,4.87,3.95, , , ,-4.66, , ,2.84, ,-0.77,3.76, ,-2.37,-0.47,2.77,3.69,1.24,1.21,1.15,4.9,4.8,4.19,2.02,-3.31, ,5.64, ,1.4,0.24, ,4.15,3.25, , , ,0.55, , ,1.46,1.28,2.08,3.61,4.66,-11.66,-10.97,-10.75,14.63,14.77,15.33,3.87,1.4,4.07,4.52,,,,
353,97055552,11/3/2025,19:53:32,,,-1.57,-0.41,-1.21,-1.38,5.12,4.22,5.08,4.54,-0.87,-0.31,0.1,0.2,4.05,3.08,3.47,5.3, , , , , , , , ,-2.83,-1.84,0.6,3.9,0.13,2.25,0.31,5.0,6.34,4.7,2.59,-2.24, ,5.66, ,0.91,2.16, ,4.54,4.36, , , ,-4.06, , ,2.03, ,-0.7,3.54, ,-2.07,-1.1,3.24,3.15,1.14,1.32,1.02,5.12,4.36,3.57,2.35,-1.71, ,5.39, ,1.58,-0.86, ,4.8,3.85, , , ,-0.88, , ,2.65,0.9,1.31,3.83,4.23,-11.65,-10.83,-10.68,14.92,15.29,15.68,3.72,1.15,4.07,4.57,,,,
355,97055693,11/3/2025,20:03:47,,,-1.11,-0.12,-0.61,-1.69,4.93,4.21,4.77,4.74,-0.53,-1.14,-0.34,-0.35,4.2,3.05,2.97,4.71, , , , , , , , ,0.15,-1.21,-0.05,3.39,0.47,1.64,0.5,5.13,6.25,4.92,3.29,0.57, ,5.62, ,1.3,0.33, ,4.46,3.88, , , ,-4.18, , ,1.91, ,-0.68,3.83, ,-2.7,-0.79,3.78,3.03,1.2,1.2,0.94,4.52,4.35,3.74,1.6,-1.82, ,4.77, ,1.63,-0.99, ,4.35,4.71, , , ,-0.72, , ,1.66,1.01,1.47,3.89,4.75,-11.51,-10.43,-10.27,13.85,14.72,14.85,3.29,1.54,4.0,4.66,,,,
356,97055685,11/3/2025,20:05:19,,,-0.93,0.18,-0.29,-1.41,4.55,4.31,4.62,4.68,-1.44,-1.13,-0.27,-0.56,4.37,3.13,3.22,5.03, , , , , , , , ,-3.01,-1.76,1.17,3.97,0.65,2.12,0.42,4.03,6.19,5.25,1.47,-2.0, ,4.48, ,0.86,3.51, ,4.06,1.22, , , ,-3.41, , ,0.44, ,-0.14,3.36, ,-0.89,-0.73,3.04,3.55,1.1,1.1,1.28,4.54,4.6,3.29,2.22,-0.06, ,5.44, ,1.96,-1.38, ,4.15,3.86, , , ,-0.94, , ,1.97,1.08,1.35,3.57,4.46,-11.22,-10.88,-10.53,14.42,14.88,15.31,3.86,1.04,4.15,4.12,,,,
357,97055602,11/3/2025,20:06:44,,,-1.28,-0.9,-0.65,-2.57,5.3,4.69,4.68,4.78,-0.6,-0.31,-0.23,0.52,3.8,2.59,3.08,4.17, , , , , , , , ,-1.92,-1.79,1.65,3.89,0.23,2.27,0.03,4.27,6.5,4.91,1.46,-1.66, ,5.71, ,0.79,1.86, ,4.62,4.81, , , ,-3.85, , ,2.01, ,-0.65,3.78, ,0.2,-0.56,2.14,2.64,0.93,1.26,0.87,5.23,4.31,3.56,3.52,-0.66, ,7.2, ,1.95,-1.47, ,5.15,2.81, , , ,-0.17, , ,2.49,1.22,1.96,4.2,4.46,-11.33,-10.76,-10.38,14.23,14.74,14.88,3.82,1.03,4.09,4.09,,,,
358,97055594,11/3/2025,20:08:20,,,-1.09,-1.04,-0.96,-2.18,5.2,4.42,5.06,4.98,-0.67,-0.87,-0.32,-0.42,3.99,3.17,3.3,5.55, , , , , , , , ,-0.53,-2.04,-0.34,2.9,-0.32,1.75,0.08,4.38,5.84,3.96,4.39,0.0, ,5.97, ,1.6,1.17, ,5.25,4.55, , , ,-3.36, , ,1.46, ,-0.31,3.66, ,0.12,-0.57,2.37,3.15,1.36,1.12,1.17,4.7,4.31,3.56,3.23,-0.29, ,6.29, ,1.95,-1.45, ,4.69,3.3, , , ,0.37, , ,2.13,1.24,2.19,3.98,4.54,-11.14,-10.99,-10.47,13.82,14.6,14.8,4.27,0.91,4.37,4.08,,,,
360,97047658,11/3/2025,20:12:23,,,-1.18,-0.77,-1.06,-2.84,5.3,5.31,5.24,5.7,-1.35,-1.56,-0.42,-1.24,3.84,2.18,2.88,5.18, , , , , , , , ,-0.88,-1.51,-0.18,3.22,0.03,2.16,0.26,4.4,6.34,4.17,3.52,-0.21, ,5.39, ,1.17,0.66, ,4.64,3.29, , , ,-4.33, , ,1.73, ,-0.61,3.88, ,-1.6,-1.05,3.06,3.14,1.49,1.29,0.99,4.29,4.8,3.43,2.4,-1.79, ,3.92, ,1.46,-0.9, ,3.83,4.31, , , ,0.33, , ,1.16,1.27,2.1,4.04,4.97,-11.89,-11.28,-11.01,14.71,14.69,15.15,3.98,1.41,3.67,4.73,,,,
361,97056741,11/3/2025,20:13:46,,,-1.58,-1.19,-1.31,-2.56,5.37,4.87,4.85,5.13,-0.81,-0.03,0.27,0.86,3.95,2.65,2.96,4.27, , , , , , , , ,-1.59,-1.45,0.65,3.31,0.46,1.74,0.85,5.16,6.25,4.45,2.58,-1.08, ,5.86, ,0.92,1.38, ,4.79,4.68, , , ,-2.83, , ,1.83, ,0.33,3.59, ,-2.58,-0.69,4.36,4.06,1.29,1.06,0.79,4.84,4.66,4.82,1.29,-1.35, ,4.62, ,1.6,-1.2, ,3.53,4.02, , , ,-1.5, , ,2.36,1.06,1.13,3.97,4.46,-11.73,-10.58,-10.55,13.99,15.9,15.5,3.43,1.83,4.69,4.11,,,,
363,97055610,11/3/2025,20:15:50,,,-1.53,-1.09,-1.27,-2.27,4.82,4.71,5.17,5.36,-0.17,-0.07,-0.25,1.02,3.59,2.53,2.96,4.82, , , , , , , , ,-3.5,-2.21,0.8,3.67,0.48,1.63,0.26,4.57,6.49,4.98,1.98,-2.78, ,5.42, ,0.76,2.64, ,4.67,5.14, , , ,-4.6, , ,1.62, ,-0.71,3.52, ,-2.91,-0.93,2.53,3.57,1.21,1.61,0.64,4.55,4.81,4.29,2.65,-2.2, ,6.4, ,1.68,-0.91, ,4.46,3.09, , , ,-1.13, , ,2.58,1.07,1.16,3.84,3.93,-12.0,-10.61,-10.71,14.99,14.88,15.39,4.0,1.37,3.88,4.62,,,,
366,97052799,11/3/2025,20:19:05,,,-0.87,-0.8,-1.26,-1.96,4.97,4.36,5.06,4.67,-0.41,-0.12,-0.46,0.97,3.6,2.42,2.93,4.78, , , , , , , , ,-1.73,-1.49,0.74,3.47,0.55,1.6,0.69,4.0,6.32,4.22,2.46,-0.87, ,5.1, ,1.03,1.23, ,4.79,5.05, , , ,-3.74, , ,1.37, ,-0.65,3.61, ,-1.38,-0.87,2.36,3.15,1.24,1.42,0.86,4.52,4.34,2.87,3.26,-0.62, ,6.95, ,2.0,-1.55, ,4.79,3.09, , , ,-0.76, , ,2.39,1.6,2.12,4.24,4.8,-10.95,-11.27,-10.35,14.67,15.23,15.4,4.28,0.85,4.63,3.7,,,,
367,97052781,11/3/2025,20:23:34,,,-1.33,-0.9,-0.85,-2.55,5.21,4.55,5.15,4.54,-0.08,-0.36,-0.21,0.36,4.12,2.45,3.14,5.19, , , , , , , , ,-3.39,-2.11,1.09,3.48,0.35,1.57,0.33,4.07,6.24,4.65,1.79,-2.83, ,6.58, ,0.63,2.75, ,4.78,4.22, , , ,-3.93, , ,2.57, ,-0.93,3.87, ,-2.91,-0.75,3.38,4.08,0.91,1.06,0.45,4.55,4.9,4.04,2.09,-1.78, ,5.84, ,1.65,-1.14, ,4.13,2.86, , , ,-1.3, , ,2.81,1.15,1.36,4.08,4.31,-11.53,-11.23,-10.94,13.75,15.15,15.41,3.5,1.12,4.88,3.6,,,,
368,97055677,11/3/2025,20:24:58,,,-1.08,-0.46,-1.24,-1.36,5.05,4.18,4.77,5.12,-0.16,-0.47,-0.03,0.31,3.38,2.69,2.83,4.98, , , , , , , , ,-1.51,-1.69,1.5,3.5,1.62,2.8,0.3,4.34,6.28,4.35,1.94,0.15, ,4.77, ,1.15,0.89, ,4.27,4.65, , , ,-5.53, , ,1.58, ,-1.4,3.74, ,0.2,-0.36,1.81,2.39,0.92,1.12,0.87,4.95,4.41,3.43,4.14,0.21, ,7.61, ,2.22,-2.45, ,4.97,2.21, , , ,-0.29, , ,2.46,1.18,1.76,4.32,4.64,-11.74,-11.41,-11.23,13.97,15.07,15.45,3.74,1.21,4.56,4.0,,,,
371,97055644,11/3/2025,20:27:03,,,-2.17,-1.54,-1.57,-2.84,4.77,4.76,5,4.65,-0.1,-0.16,0.32,0.76,4.14,2.57,2.92,4.55, , , , , , , , ,-0.67,-2.08,-0.61,2.88,0.02,1.84,0.19,5.12,6.28,4.08,3.63,-0.26, ,5.42, ,1.27,1.04, ,5.15,4.46, , , ,-2.94, , ,1.0, ,0.1,3.79, ,-0.59,-0.55,2.07,2.79,0.72,1.11,0.85,4.7,4.03,3.12,3.27,-1.26, ,6.19, ,1.78,-1.23, ,4.84,3.94, , , ,0.42, , ,1.91,1.37,2.12,3.94,4.75,-11.85,-10.93,-10.8,14.38,14.01,15.1,4.45,1.94,3.9,5.52,,,,
372,97055628,11/3/2025,20:27:45,,,-1,-1.11,-1.08,-2.66,5.17,4.57,5.12,5.08,-0.7,-1.06,-0.08,-0.33,3.79,3.01,2.81,5.24, , , , , , , , ,-3.18,-1.58,2.24,3.7,1.13,1.61,0.66,4.22,6.64,4.6,0.51,-2.15, ,6.09, ,0.62,2.67, ,4.57,5.03, , , ,-4.1, , ,2.25, ,-0.6,3.92, ,-1.9,-0.79,2.55,3.33,0.97,1.08,0.91,5.22,4.29,3.76,1.32,-1.99, ,5.88, ,1.36,-0.27, ,4.52,4.52, , , ,0.26, , ,2.91,0.93,1.74,4.06,4.26,-11.74,-10.71,-10.65,13.75,15.34,15.31,3.72,1.32,4.71,3.43,,,,
375,97052757,11/3/2025,20:32:05,,,-0.73,-1.0,-0.62,-2.74,5.05,4.9,4.97,5.7,-0.56,-0.75,0.04,0.25,3.9,2.24,2.72,4.1, , , , , , , , ,-2.12,-1.72,0.69,3.68,0.61,1.78,0.22,4.75,6.53,4.25,2.25,-0.83, ,4.48, ,0.98,0.89, ,4.59,5.25, , , ,-4.94, , ,0.85, ,-0.73,3.15, ,-1.33,-0.84,3.15,3.46,1.3,1.29,0.75,4.69,4.68,3.87,2.92,-0.43, ,5.76, ,2.11,-1.09, ,4.37,3.38, , , ,-1.15, , ,2.41,1.18,1.48,4.31,4.62,-11.65,-10.49,-10.5,13.08,14.61,14.69,3.33,1.36,4.46,3.61,,,,
378,97060149,11/3/2025,20:56:54,,,-1.29,-0.72,-0.88,-2.12,5.02,5.14,5.24,5.39,-1.78,-0.28,0.17,0.38,3.94,2.84,3.4,5.3, , , , , , , , ,-2,-1.74,0.41,3.45,0.77,1.47,0.63,4.13,6.22,5.0,2.66,-1.0, ,6.39, ,0.84,1.46, ,5.15,4.88, , , ,-4.59, , ,1.72, ,-1.06,3.38, ,-1.86,-1.2,3.19,2.88,1.11,1.02,0.41,4.66,4.47,3.8,2.09,-0.56, ,6.5, ,1.86,-1.06, ,4.63,3.95, , , ,-1.8, , ,2.07,0.88,1.04,3.61,4.33,-11.26,-10.82,-10.58,13.7,14.9,15.32,3.43,1.2,4.16,3.78,,,,
380,97060198,11/3/2025,21:01:03,,,-1.83,-1.05,-1.39,-2.44,4.96,4.8,5.02,5.1,-0.38,-0.37,-0.08,0.6,3.77,2.67,2.71,4.77, , , , , , , , ,-2.76,-1.65,1.21,3.73,1.12,1.79,0.61,4.09,6.64,5.17,1.46,-1.57, ,4.44, ,0.91,2.69, ,4.2,3, , , ,-3.66, , ,0.61, ,-0.08,3.32, ,-2.25,-1.09,3.37,3.09,1.17,1.3,0.63,4.64,4.43,3.68,2.01,-1.93, ,6.8, ,1.48,-0.6, ,5.18,4.28, , , ,-1.13, , ,2.63,0.78,1.43,3.93,4.08,-11.88,-10.65,-10.62,13.89,14.06,14.66,3.48,1.03,3.35,4.56,,,,
382,97060131,11/3/2025,21:33:44,,,-1.41,-0.93,-0.76,-2.77,4.93,4.52,4.73,4.7,-0.76,-0.72,-0.46,-0.29,4.28,2.87,3.24,5.31, , , , , , , , ,-1.88,-1.81,1.29,3.84,0.53,1.73,0.49,4.18,6.2,4.48,1.52,-1.27, ,5.62, ,0.76,2.05, ,4.3,4.53, , , ,-4.39, , ,1.75, ,-0.49,4.04, ,0.18,-0.82,1.95,2.7,1.08,1.57,0.77,4.4,4.47,3.19,3.91,0.16, ,7.3, ,2.25,-1.81, ,4.96,2.53, , , ,-0.22, , ,2.38,1.03,1.89,4.2,4.66,-11.49,-11.62,-10.85,12.73,14.05,14.21,4.16,0.95,5.18,3.19,,,,
386,97060040,11/3/2025,21:37:15,,,-1.39,-0.85,-0.31,-2.49,4.88,4.7,4.39,5.14,-0.54,-0.45,-0.06,0.18,4.04,3.09,3.23,5.02, , , , , , , , ,-1.22,-1.63,0.97,3.69,0.41,1.93,0.34,4.05,6.16,4.75,2.04,-0.42, ,6.34, ,0.95,1.2, ,4.8,4.53, , , ,-4.82, , ,1.93, ,-0.85,3.59, ,-0.23,-1.06,2.12,2.86,0.79,1.93,0.32,4.28,4.19,3.16,3.41,-0.71, ,7.19, ,2.01,-1.16, ,4.74,2.77, , , ,0.16, , ,2.41,0.98,1.78,4.11,4.59,-11.11,-10.44,-10.21,13.52,14.6,14.63,3.33,1.83,3.96,4.51,,,,
387,97055578,11/3/2025,21:37:57,,,-1.03,-0.77,-0.8,-2.53,5.19,4.49,4.76,5.19,-0.54,-0.33,0.28,0.45,3.83,2.75,2.99,5.06, , , , , , , , ,-4.3,-1.95,1.22,3.53,1.2,1.8,0.69,4.21,6.49,4.47,1.26,-3.19, ,5.31, ,0.62,2.91, ,4.57,5.82, , , ,-2.93, , ,1.29, ,0.16,3.33, ,-3.3,-0.99,3.12,2.35,1.08,1.35,0.91,4.61,4.59,3.68,1.84,-2.52, ,5.73, ,1.46,-0.08, ,4.66,4.34, , , ,-0.96, , ,1.66,1.04,1.51,3.75,4.51,-11.71,-10.94,-10.64,13.83,14.27,14.62,4.19,1.53,3.97,4.6,,,,
395,97059950,11/3/2025,21:52:17,,,-1.46,-1.2,-0.68,-2.89,4.52,4.63,4.41,5.3,0.21,-0.13,0.3,0.66,3.72,2.98,3.22,4.82, , , , , , , , ,-2.15,-1.4,1.19,3.41,0.38,1.49,0.65,4.42,6.36,4.67,1.49,-1.43, ,5.14, ,0.79,1.81, ,4.96,6.3, , , ,-3.09, , ,-0.01, ,-0.29,2.7, ,-2.53,-0.82,3.15,3.81,0.83,1.2,0.52,4.48,4.83,4.46,1.91,-1.75, ,5.41, ,1.59,-1.19, ,4.1,3.88, , , ,-0.37, , ,1.34,1.1,1.51,3.43,4.58,-11.94,-10.74,-10.78,14.44,13.94,14.78,3.82,1.6,3.8,4.72,,,,
396,97060271,11/3/2025,21:53:00,,,-1.04,-1.02,-0.73,-2.86,5.33,5.17,5.1,5.85,0.02, ,0.11,0.0,3.97, ,2.83,5.09, , , , , , , , ,-0.89,-1.4,0.31,3.47,0.31,1.33,0.43,4.55,6.49,4.16,2.87,0.47, ,6.15, ,1.03,0.73, ,5.11,3.94, , , ,-5.6, , ,1.96, ,-1.62,3.12, ,-3.35,-0.84,3.79,4.04,1.1,1.16,0.88,4.56,4.98,4.5,1.56,-2.8, ,5.49, ,1.38,-0.69, ,4.18,3.34, , , ,-1.2, , ,2.58,0.95,1.4,3.81,4.05,-11.27,-11.2,-10.45,13.91,14.53,14.73,4.1,1.23,4.74,3.8,,,,
397,97059968,11/3/2025,21:54:28,,,-1.05,-1.25,-1.17,-2.74,5.42,4.89,4.88,5.58,-0.06,-0.74,-0.64,-0.16,4.13,2.29,3.09,4.71, , , , , , , , ,-1.07,-1.21,-0.34,3.25,0.35,1.6,0.67,4.93,6.46,4.3,3.36,0.1, ,5.95, ,1.13,0.32, ,5.02,3.9, , , ,-5.21, , ,1.61, ,-1.26,3.2, ,-2.56,-0.58,4.57,3.18,1.41,0.95,1.24,4.59,4.54,4.36,0.92,-1.61, ,3.23, ,1.54,-0.32, ,4.23,5.63, , , ,-0.77, , ,1.05,1.1,1.41,3.74,4.88,-11.33,-11.3,-10.85,14.94,14.34,15.21,3.72,1.42,4.21,4.46,,,,
399,97060289,11/3/2025,21:56:36,,,-1.06,-0.46,-0.58,-2.76,5.25,5.07,5.19,5.41,-0.35,-0.72,-0.16,0.0,3.99,2.43,3.06,5.32, , , , , , , , ,-2.05,-1.89,0.93,3.43,0.41,1.97,0.48,4.24,6.52,4.3,1.88,-1.61, ,4.78, ,0.59,1.55, ,4.86,5.36, , , ,-4.03, , ,1.09, ,-0.34,3.29, ,-0.38,-0.52,1.84,2.99,1.07,1.13,0.74,4.74,4.41,3.17,3.55,-1.07, ,5.7, ,2.07,-0.74, ,4.58,3.21, , , ,0.62, , ,1.75,1.32,2.02,3.85,4.67,-11.77,-11.47,-11.06,13.39,14.0,14.42,4.26,1.3,4.25,3.92,,,,
400,97060263,11/3/2025,21:57:19,,,-1.25,-1.04,-0.39,-2.98,5.08,4.21,4.62,4.97,-0.37,-0.2,-0.31,0.48,3.62,2.78,3.08,5.19, , , , , , , , ,-1.7,-2.12,-0.03,3.25,0.3,1.54,0.41,5.03,6.27,4.09,3.31,-1.08, ,5.06, ,1.04,1.32, ,4.6,4.2, , , ,-3.48, , ,1.35, ,-0.33,3.95, ,-1.02,-0.47,2.52,3.09,0.88,1.28,0.66,4.79,4.61,3.47,3.14,-0.94, ,5.21, ,1.72,-1.18, ,4.58,4.05, , , ,0.25, , ,1.21,1.22,1.94,3.69,4.6,-11.4,-11.25,-10.77,14.83,14.63,15.42,4.13,1.49,4.24,4.44,,,,
402,97060255,11/3/2025,21:58:49,,,-0.79,-0.71,-0.51,-2.63,5.04,4.33,4.75,4.66,-0.27,-0.66,-0.27,0.01,3.86,2.86,3.15,4.94, , , , , , , , ,-2.47,-1.9,0.45,3.62,0.95,1.65,0.66,5.04,6.49,4.6,2.71,-0.66, ,5.52, ,0.99,0.47, ,4.61,4.11, , , ,-5.03, , ,1.61, ,-1.04,3.88, ,-1.99,-0.6,3.63,3.52,1.1,1.28,0.74,4.73,4.66,4.25,1.61,-2.09, ,5.66, ,1.54,-0.5, ,4.52,4.0, , , ,-0.7, , ,2.36,1.04,1.61,3.81,4.21,-11.39,-10.97,-10.64,13.82,15.12,14.9,4.23,1.15,4.92,3.64,,,,
403,97060222,11/3/2025,22:10:04,,,-0.91,-0.9,-0.38,-2.77,4.7,4.31,4.34,5.35,-0.83,-0.79,-0.32,-0.73,4.42,3.13,3.57,5.34, , , , , , , , ,-3.17,-1.81,1.86,3.57,0.66,1.75,0.65,4.37,6.29,4.57,1.19,-1.6, ,5.48, ,0.83,1.65, ,4.33,4.98, , , ,-4.39, , ,2.02, ,-1.04,3.93, ,-1.77,-0.77,3.5,3.52,1.21,1.13,0.66,4.66,4.5,3.87,2.14,-0.58, ,5.0, ,1.77,-1.0, ,4.35,4.0, , , ,-0.81, , ,1.77,1.06,1.57,4.06,4.89,-11.74,-10.31,-10.64,13.98,14.77,14.98,3.66,1.01,4.59,4.05,,,,
404,97060230,11/3/2025,22:10:47,,,-1.4,-1.24,-1,-2.35,5.12,4.67,4.99,5.06,-0.22,0.18,0.17,1.06,4.31,2.94,3.27,5.02, , , , , , , , ,-2.41,-2.12,0.51,3.73,0.17,1.93,0.17,4.22,6.37,4.69,2.39,-1.55, ,6.03, ,0.69,1.01, ,5.02,4.05, , , ,-4.2, , ,2.07, ,-0.96,3.56, ,0.04,-0.51,1.91,3.12,1.12,1.19,0.92,4.11,4.46,3.77,3.98,0.59, ,7.13, ,2.57,-1.49, ,4.83,2.57, , , ,-1.16, , ,2.23,0.79,1.19,3.71,4.11,-11.76,-10.27,-10.54,14.38,14.97,15.19,3.39,1.61,4.1,4.32,,,,
409,97056592,11/3/2025,22:14:26,,,-0.29,-0.96,-0.74,-2.68,5.29,5.08,5.35,5.56,-1.63,-0.23,0.16,0.57,4.31,2.7,3.08,5.12, , , , , , , , ,-1.33,-1.53,0.19,3.63,0.36,1.83,0.34,4.69,6.35,4.47,2.84,-0.48, ,5.28, ,0.94,0.02, ,4.7,4.38, , , ,-3.83, , ,1.29, ,-0.62,3.39, ,-3.21,-0.88,3.32,3.66,1.38,0.93,1.19,4.81,4.82,3.91,1.93,-1.99, ,5.02, ,1.48,-0.63, ,4.14,3.8, , , ,-0.65, , ,1.76,1.31,1.72,3.89,4.69,-11.18,-10.5,-10.29,14.67,14.73,15.23,3.61,1.96,4.28,4.98,,,,
412,97056568,11/3/2025,22:21:58,,,-1.27,-1.26,-1.82,-2.86,5.11,4.97,5.51,5.54,-1.45,0.76,0.13,1.99,4.48,2.29,3.45,4.34, , , , , , , , ,-4.72,-1.93,2.25,3.82,1.77,0.64,0.54,4.79,2.52,4.45,0.22,-3.76, ,5.19, ,0.43,2.83, ,4.2,5.79, , , ,-3.54, , ,2.19, ,-0.1,3.99, ,0.23,-0.6,1.84,3.34,1.34,1.19,0.86,4.67,4.41,3.4,4.19,0.25, ,7.44, ,2.2,-2.35, ,4.69,2.25, , , ,-0.43, , ,2.55,0.9,1.69,4.12,4.72,-11.51,-11.33,-11.0,14.6,15.15,15.54,4.08,1.56,5.02,3.93,,,,
413,97056535,11/3/2025,22:22:39,,,-1.57,0.35,-1.56,-1.61,5.04,4.92,5.44,5.18,-0.76,-0.62,-0.19,-0.07,3.91,2.43,2.69,4.56, , , , , , , , ,-1.63,-1.55,0.17,3.39,0.56,1.88,0.49,4.28,5.93,5.13,3.08,-1.9, ,5.95, ,0.88,0.29, ,4.93,4.84, , , ,-3.37, , ,2.15, ,-0.22,3.38, ,-2.47,-1.02,3.76,3.66,1.19,1.15,0.83,4.5,4.69,4.11,1.75,-2.08, ,5.0, ,1.48,-0.46, ,4.1,4.9, , , ,-0.84, , ,1.55,1.07,1.5,3.73,4.5,-11.01,-10.81,-10.43,14.85,15.06,15.42,4.01,1.34,4.25,4.14,,,,
416,97058481,11/3/2025,22:25:22,,,-1.66,-0.21,-1.33,-1.71,4.97,4.53,5.16,4.66,-1.22,-0.78,-0.45,-0.19,4.52,3.02,3.43,4.85, , , , , , , , ,-1.44,-1.26,0.1,3.55,0.46,1.45,0.7,3.98,5.83,4.32,3.21,-0.54, ,5.4, ,0.99,0.24, ,4.68,3.8, , , ,-3.34, , ,1.78, ,-0.19,3.89, ,-2.22,-0.91,2.77,3.32,1.21,1.19,0.81,4.76,4.33,3.64,2.49,-1.91, ,6.23, ,1.73,-0.43, ,4.61,3.58, , , ,-0.66, , ,2.24,0.9,1.41,4.03,4.44,-11.82,-10.49,-10.62,14.87,14.87,15.52,3.66,2.14,3.72,4.58,,,,
419,97058440,11/3/2025,22:29:55,,,-1.98,0.18,-1.4,-1.87,5.25,4.99,5.45,5.36,-1.26,-1.04,-0.08,-0.63,3.58,2.61,2.82,5.15, , , , , , , , ,-3.76,-2,0.36,3.26,0.49,0.4,0.37,4.38,1.98,4.27,2.38,-3.24, ,4.57, ,0.64,2.44, ,4.9,4.78, , , ,-3.28, , ,1.34, ,0.2,3.49, ,-3.92,-1.12,2.96,3.09,1.3,0.81,0.72,4.99,4.49,3.72,2.26,-3.09, ,5.02, ,1.51,0.0, ,4.53,5.01, , , ,-0.59, , ,1.25,1.23,1.69,4.07,4.82,-11.18,-11.17,-10.64,14.5,15.32,15.48,4.18,1.66,4.62,3.78,,,,
424,97056584,11/3/2025,22:36:05,,,-0.53,-0.77,-2.54,-1.52,5.51,4.35,6.23,4.92,-0.49,-0.69,-0.51,0.28,3.57,2.47,2.85,5.25, , , , , , , , ,-2.71,-1.91,0.35,3.55,0.58,1.57,0.29,4.82,6.33,4.04,2.49,-2.39, ,6.83, ,0.74,1.89, ,5.22,3.77, , , ,-4.48, , ,3.18, ,-0.85,3.39, ,-2.51,-0.79,4.49,3.96,1.19,1.35,0.53,4.24,4.53,4.27,0.64,-2.52, ,2.95, ,1.23,-0.12, ,3.76,5.16, , , ,-0.01, , ,1.19,1.26,1.98,3.96,5.0,-11.44,-10.65,-10.44,14.98,14.89,15.61,3.36,1.98,4.23,4.83,,,,
425,97056683,11/3/2025,22:36:46,,,-1.4,-0.11,-0.76,-1.59,4.87,4.59,4.88,4.4,-0.11,-0.4,0.17,0.81,3.95,2.68,3.24,4.49, , , , , , , , ,-3.11,-1.72,0.17,3.26,0.58,1.57,0.83,4.3,6.18,4.37,2.95,-2.18, ,4.96, ,0.84,1.61, ,4.73,4.77, , , ,-3.53, , ,1.11, ,-0.33,3.4, ,-1.37,-0.46,2.49,3.35,0.84,1.18,0.61,4.8,4.51,3.56,3.1,-0.86, ,7.11, ,1.95,-1.41, ,4.77,2.41, , , ,-0.85, , ,2.39,0.91,1.47,3.93,4.29,-11.03,-10.62,-10.43,13.9,15.25,14.91,3.3,0.99,4.96,3.54,,,,
426,97056618,11/3/2025,22:39:35,,,-1.74,-0.02,-0.89,-1.87,5.31,4.94,5.26,5.14,-0.86,-1.41,-0.56,-1.24,3.67,3.22,3.37,5.97, , , , , , , , ,-1.59,-1.8,1.35,3.5,0.44,1.84,0.55,4.32,6.09,4.16,1.8,-0.62, ,4.79, ,1.0,1.64, ,4.25,4.89, , , ,-3.88, , ,1.28, ,-0.34,3.96, ,-1.64,-0.36,0.64,3.23,1.32,0.95,1.3,4.62,4.34,3.83,2.29,-1.65, ,4.43, ,1.49,-0.79, ,4.32,4.41, , , ,0.39, , ,2.0,1.21,2.02,4.13,4.73,-11.54,-10.73,-10.64,14.66,14.33,15.13,3.72,1.93,3.98,4.85,,,,
429,97056642,11/3/2025,22:42:38,,,-1.18,-0.5,-1.05,-2.05,5.35,5.11,5.45,5.28,0.32,-1.13,-0.01,-0.82,4.01,2.33,2.88,5.23, , , , , , , , ,-4.21,-1.69,3.42,4.21,0.41,1.35,0.74,4.53,6.44,4.89,-0.45,-2.6, ,7.07, ,0.51,2.74, ,4.51,5.68, , , ,-3.83, , ,3.16, ,-0.77,3.73, ,-2.65,-0.24,5.31,4.27,1.08,0.53,1.26,4.47,4.74,4.64,0.33,-1.99, ,5.25, ,1.53,0.0, ,4.35,4.19, , , ,-0.52, , ,2.78,1.01,1.67,3.93,4.18,-11.21,-10.87,-10.51,14.31,15.91,15.94,3.36,1.59,5.04,3.71,,,,
432,97056626,11/3/2025,22:57:04,,,-1.23,-0.2,-0.75,-1.68,5.05,4.86,5.02,5.07,-0.91,-0.66,-0.46,-0.22,4.02,2.48,2.82,4.81, , , , , , , , ,-2.77,-1.94,0.06,3.39,0.32,1.96,0.46,4.35,6.37,4.43,2.85,-1.89, ,5.84, ,0.78,0.97, ,5.15,4.46, , , ,-4.21, , ,1.7, ,-0.77,3.15, ,-1.74,-0.47,3.77,3.5,1.17,1.05,0.61,4.52,4.48,3.94,1.87,-1.49, ,6.46, ,1.81,-0.49, ,4.94,4.35, , , ,0.51, , ,1.65,1.56,1.94,3.74,4.5,-11.08,-10.41,-10.48,14.77,15.34,15.48,2.96,1.66,4.16,4.67,,,,
433,97059356,11/3/2025,22:57:45,,,-1.9,-0.02,-0.87,-1.57,5.15,5.0,5.15,5.12,-0.23,-0.23,-0.12,0.65,3.84,2.73,2.72,5.08, , , , , , , , ,-2.73,-1.88,1.22,3.73,0.85,1.68,0.58,4.31,6.52,4.42,1.63,-1.92, ,5.84, ,0.68,1.84, ,4.8,4.4, , , ,-3.97, , ,2.33, ,-0.58,3.78, ,-2.24,-0.76,1.27,3.63,1.02,1.04,0.72,4.51,4.62,4.44,2.13,-2.28, ,5.11, ,1.66,-0.2, ,3.65,2.77, , , ,-0.32, , ,2.46,1.32,1.68,4.25,4.82,-11.15,-10.45,-10.43,15.0,15.48,15.84,3.22,1.15,4.26,4.39,,,,
434,97059323,11/3/2025,22:58:42,,,-1.65,-0.94,-1.72,-2.22,4.91,4.8,5.12,5.15,-0.82,0.49,0.44,1.56,4.77,2.77,3.13,4.16, , , , , , , , ,-2.9,-1.8,1.4,3.89,0.57,1.96,0.48,4.25,6.14,4.38,1.65,-1.63, ,6.02, ,0.75,1.51, ,4.68,4.56, , , ,-3.67, , ,1.95, ,-0.54,3.65, ,-0.84,-0.48,2.9,2.95,1.08,0.64,0.82,4.64,4.28,3.64,2.59,0.01, ,6.79, ,1.99,-1.49, ,4.85,3.55, , , ,-0.59, , ,1.89,1.2,1.29,3.94,4.6,-11.42,-11.0,-10.6,14.42,14.6,15.06,3.48,1.6,4.11,4.49,,,,
435,97059349,11/3/2025,23:00:21,,,-1.95,-0.96,-1.02,-2.66,5.14,5.49,5.17,5.54,-1.28,-0.28,0.01,0.16,4.46,2.59,2.98,4.6, , , , , , , , ,-0.7,-1.93,-0.4,2.79,0.48,1.95,0.45,4.12,5.96,3.88,3.92,0.11, ,5.82, ,1.42,1.04, ,5.34,3.83, , , ,-5.61, , ,2.28, ,-0.73,3.9, ,-1.73,-0.48,5.09,3.88,1.69,1.16,1.16,4.72,4.42,4.13,0.31,-2.32, ,4.47, ,1.58,0.46, ,4.31,4.35, , , ,1.09, , ,1.71,1.61,2.3,4.0,4.86,-11.24,-10.84,-10.54,14.41,15.38,15.43,3.36,1.95,4.69,3.7,,,,
436,97059331,11/3/2025,23:21:49,,,-1.82,-0.53,-1.36,-1.69,5.27,5.46,5.42,5.24,-1.26,-0.7,-0.3,-0.33,4.33,3.01,3.05,4.75, , , , , , , , ,-2.69,-1.85,0.37,3.77,0.19,1.59,0.36,4.35,6,4.45,2.26,-1.41, ,4.74, ,0.9,1.3, ,4.17,4.32, , , ,-5.23, , ,1.91, ,-0.61,3.91, ,-1.19,-0.52,2.83,3.19,1.29,0.77,1.04,4.65,4.36,3.8,2.48,-2.03, ,6.57, ,1.75,-0.79, ,4.57,3.24, , , ,0.75, , ,2.34,1.21,2.09,4.06,4.56,-11.05,-10.62,-10.56,14.66,15.47,15.66,3.01,1.53,4.5,4.1,,,,
437,97059315,11/3/2025,23:23:16,,,-1.58,-0.73,-1.36,-2.06,5.42,5.61,5.69,5.66,-1.2,-0.38,0.03,0.09,4.28,2.8,3.16,4.5, , , , , , , , ,-2.63,-2.1,0.09,3.09,0.57,1.93,0.24,3.99,5.84,3.93,3.15,-1.45, ,6.24, ,1.03,1.3, ,5.34,4.34, , , ,-3.86, , ,1.87, ,-0.79,3.35, ,-0.44,-0.2,2.04,3.44,1.62,1.17,1.32,4.59,4.71,4.25,4.1,-0.25, ,8.13, ,2.36,-2.02, ,4.19,1.07, , , ,-0.42, , ,3.16,0.88,1.29,4.27,4.27,-11.07,-10.47,-10.4,14.7,15.44,15.7,3.12,1.59,4.35,4.13,,,,
439,97059281,11/3/2025,23:26:13,,,-1.45,-0.18,-0.88,-1.43,5.07,4.82,4.91,5.0,-0.8,-1.46,-0.56,-1.18,4.04,2.86,2.96,5.09, , , , , , , , ,-3.23,-2.05,1.06,3.61,1.24,1.92,0.39,4.42,6.11,4.62,1.78,-2.09, ,6.82, ,0.69,1.86, ,5.07,4.77, , , ,-4.06, , ,2.59, ,-0.61,3.42, ,-2.15,-0.41,3.25,3.52,1.39,0.9,1.08,4.83,4.22,3.8,2.13,-1.89, ,6.34, ,1.79,-0.11, ,4.59,3.9, , , ,0.87, , ,1.56,1.52,2.0,3.66,4.48,-11.21,-10.67,-10.45,14.66,15.32,15.58,3.34,1.32,4.22,3.98,,,,
444,97059240,11/3/2025,23:31:10,,,-1.37,-0.31,-0.77,-1.66,5.07,4.93,5.27,5.5,-0.68,-0.24,0.25,0.45,3.77,2.62,2.89,5.21, , , , , , , , ,-1.66,-1.72,0.35,3.55,-0.03,0.92,0.66,6.05,6.6,4.85,2.6,-0.93, ,5.5, ,0.9,0.5, ,4.83,4.75, , , ,-3.53, , ,1.35, ,-0.1,3.28, ,-0.36,-0.64,2.2,2.63,1.23,1.06,1.08,4.38,4.33,3.34,3.67,-0.85, ,5.87, ,2.04,-1.66, ,4.23,2.62, , , ,-0.05, , ,2.58,1.14,1.66,4.82,5.09,-11.0,-10.73,-10.37,15.01,15.63,16.03,3.26,1.72,3.91,4.3,,,,
447,97059190,11/3/2025,23:33:16,,,-1.45,-0.61,-0.82,-2.44,4.75,4.84,4.78,4.8,-0.79,-0.62,0.33,-0.42,4.25,3.19,3.38,5.55, , , , , , , , ,-2.31,-1.68,0,3.27,0.78,2.01,0.37,4.1,6.02,4.7,3.28,-1.07, ,4.91, ,1.07,1.2, ,4.65,5.02, , , ,-3.72, , ,0.74, ,-0.23,3.39, ,-1.41,-0.35,2.75,3.24,1.22,0.78,1.48,4.75,4.33,3.39,2.72,-0.61, ,6.3, ,1.9,-1.78, ,4.68,3.45, , , ,-1.01, , ,2.25,1.01,1.38,3.83,4.55,-11.15,-10.48,-10.4,14.72,15.23,15.67,3.18,1.38,3.93,4.09,,,,
448,97059208,11/3/2025,23:33:58,,,-1.57,-0.15,-0.29,-2.29,4.93,4.57,4.81,4.61,-0.91,-0.35,0.33,0.05,4.52,3.12,3.37,5.28, , , , , , , , ,-1.68,-1.34,0.45,3.29,0.63,1.62,1.04,4.18,6.07,4.4,2.8,0.21, ,6.52, ,0.93,0.48, ,5.3,4.4, , , ,-5.68, , ,2.17, ,-1.2,3.39, ,-2.17,-0.5,1.19,3.58,1.45,0.9,1.3,4.87,4.61,3.9,2,-2.27, ,4.5, ,1.62,-0.68, ,3.99,3.79, , , ,0.79, , ,2.18,1.38,2.05,3.97,4.81,-11.54,-10.74,-10.67,14.43,15.35,15.44,4.04,1.21,4.08,3.71,,,,
450,97059182,11/3/2025,23:36:11,,,-1.16,-0.4,-0.79,-2.06,5.02,4.57,4.65,4.85,-0.51,-0.68,0.09,-0.02,4.36,3.17,3.15,5.43, , , , , , , , ,-2.12,-1.45,1.57,3.64,1.24,1.45,1.11,4.22,6.23,4.46,1.66,-0.88, ,5.58, ,0.99,1.62, ,4.5,5.44, , , ,-3.53, , ,1.44, ,0.0,3.63, ,-1.52,-0.33,1.84,2.81,0.83,0.99,1.13,4.79,4.17,3.25,2.61,-1.74, ,5.82, ,1.66,-1.03, ,4.81,3.9, , , ,1.14, , ,2.14,1.34,2.2,4.0,4.71,-11.3,-10.64,-10.5,14.85,15.44,15.73,3.71,1.28,4.37,3.85,,,,
451,97057384,11/3/2025,23:37:00,,,-0.75,-0.51,-0.76,-2.27,5.18,4.73,4.59,4.8,0.37,-0.12,0.01,0.95,4.11,2.74,3.07,4.64, , , , , , , , ,-0.8,-1.34,-0.47,3.24,0.56,1.67,0.82,4.15,5.76,4.11,4.03,0.43, ,6.82, ,1.51,0.66, ,5.51,3.92, , , ,-4.38, , ,2.03, ,-1.19,3.3, ,-3.04,-1.09,3.17,3.92,0.83,1.21,0.17,4.53,4.71,4.16,2.07,-1.93, ,5.72, ,1.63,-1.08, ,4.2,3.42, , , ,-0.6, , ,1.83,1.34,1.73,3.87,4.84,-10.99,-10.88,-10.31,14.69,15.0,15.5,3.71,1.63,4.09,4.31,,,,
453,97057368,11/3/2025,23:40:32,,,-1.53,-0.69,-1.31,-2.04,4.76,4.75,5.22,4.58,0.23,-0.09,0.9,0.59,3.77,2.91,2.8,4.74, , , , , , , , ,-3.27,-1.48,0.42,3.27,0.96,1.88,0.82,4.26,6.54,4.55,2.4,-1.56, ,5.29, ,0.8,1.6, ,5.04,5.21, , , ,-3.91, , ,1.0, ,-0.45,3.18, ,-0.73,-0.9,2.2,3.06,0.88,1.16,0.63,4.76,4.38,3.5,3.92,0.07, ,7.78, ,2.67,-1.1, ,5.1,3.03, , , ,-0.47, , ,1.99,1.19,1.58,3.62,4.18,-10.93,-10.03,-10.03,14.63,15.71,15.71,3.23,1.69,4.21,4.07,,,,
459,97056691,11/3/2025,23:53:57,,,-1.96,-0.94,-0.89,-3.07,5.12,4.6,5.01,4.96,-0.12,-0.96,-0.02,-0.5,3.9,2.59,2.74,4.66, , , , , , , , ,-3.03,-1.67,0,3.28,0.74,2.43,0.63,4.77,6.58,4.55,3.04,-1.51, ,4.96, ,0.96,1.49, ,4.67,4.54, , , ,-4.32, , ,1.06, ,-0.44,3.44, ,0.24,-0.59,1.9,2.9,0.91,1.46,0.46,5.12,4.45,3.33,3.47,0.01, ,6.81, ,2.17,-1.7, ,5.43,3.46, , , ,0.91, , ,1.26,1.82,2.65,3.82,5.01,-10.83,-11.05,-10.47,14.43,15.49,15.64,3.48,1.73,4.7,3.82,,,,
463,97057467,11/4/2025,0:04:01,,,-1.29,-0.36,-1.74,-1.57,4.94,4.13,5.52,4.13,-0.06,-0.63,-0.18,0.31,3.44,3.03,2.8,5.22, , , , , , , , ,-2.27,-1.67,0.07,3.2,0.09,1.65,0.96,4.22,5.92,4.19,3.25,-1.93, ,6.84, ,0.92,1.8, ,4.96,3.51, , , ,-3.88, , ,2.48, ,-0.44,4.01, ,0.26,-0.47,1.84,3.0,0.36,1.15,0.66,4.72,4.23,3.08,3.36,-0.24, ,7.22, ,2.07,-1.68, ,5.66,3.39, , , ,0.67, , ,2.02,1.3,1.9,3.71,4.63,-10.94,-10.85,-10.42,14.43,15.07,15.47,3.91,1.77,4.37,4.22,,,,
466,97057434,11/4/2025,0:12:07,,,-1.09,-0.45,-0.82,-2.11,5.32,4.95,5.71,5.49,-0.14,-0.02,0.58,0.49,3.88,2.58,3.36,5.71, , , , , , , , ,-3.63, ,1.86, ,0.2,1.96,0.33,4.32,6.34,4.6,0.77,-2.83, ,5.21, ,0.67,3.43, ,4.03,5.04, , , ,-3.3, , ,1.69, ,0.15,3.85, ,-0.39,-0.45,2.82,3.21,1.29,1.23,1.16,4.59,4.36,3.82,2.62,-0.49, ,5.2, ,1.92,-1.38, ,4.71,3.93, , , ,0.65, , ,1.84,1.68,2.31,3.87,4.8,-11.08,-10.9,-10.56,14.63,15.12,15.59,3.8,1.5,4.14,4.24,,,,
467,97057400,11/4/2025,0:12:49,,,-1.21,0.31,-0.65,-0.94,5.28,4.45,5.32,4.69,-0.45,-0.15,0.46,0.21,4.32,2.82,3.04,5.12, , , , , , , , ,-2.81,-2.24,0.88,3.67,0.4,1.88,0.22,4.24,7,5.03,2.36,-1.45, ,5.76, ,0.92,1.95, ,4.73,4.21, , , ,-3.46, , ,2.38, ,-0.33,3.64, ,0.61,-0.31,1.23,2.92,1.33,1.09,1.03,4.72,4.27,2.97,4.41,1.33, ,8.35, ,2.44,-2.32, ,6.21,2.95, , , ,-0.92, , ,1.83,1.71,2.04,3.65,4.33,-11.39,-10.46,-10.46,15.0,14.79,15.49,3.37,1.85,3.67,5.06,,,,
469,97059935,11/4/2025,0:14:35,,,-1.16,-0.34,-0.73,-1.25,4.91,4.65,4.97,4.65,-0.84,-0.76,0.0,-0.05,4.24,3.37,3.23,4.7, , , , , , , , ,-2.27,-1.54,-0.03,3.56,0.27,1.55,0.71,4.82,6.3,5.09,2.93,-0.54, ,5.82, ,1.01,0.02, ,4.61,4.08, , , ,-3.74, , ,1.46, ,-0.52,3.49, ,-0.65,-0.6,2.17,3.21,0.9,1.18,0.89,4.68,4.4,3.3,3.3,-0.39, ,7.29, ,2.34,-1.33, ,6.08,2.91, , , ,0.13, , ,1.36,1.63,2.24,3.8,4.7,-11.08,-10.76,-10.4,14.86,15.11,15.52,3.51,1.19,3.87,4.16,,,,
470,97059943,11/4/2025,0:15:32,,,-1.18,-0.34,-0.62,-2.02,4.84,4.19,5.02,4.56,-2.16,-0.66,0.22,-0.14,4.12,3.38,3.42,5.67, , , , , , , , ,-2.64, ,1.36, ,0.7,1.88,0.27,4.04,6.45,4.92,1.58,-1.35, ,4.75, ,0.79,1.2, ,4.33,4.82, , , ,-3.83, , ,1.05, ,-0.29,3.72, ,-0.6,-0.58,2.84,3.35,1.36,1.03,1.02,4.86,4.56,3.72,2.51,-0.93, ,5.89, ,1.97,-1.17, ,4.81,3.53, , , ,0.0, , ,1.85,1.43,1.99,3.69,4.56,-10.64,-10.61,-10.21,14.25,15.0,15.06,3.97,1.41,4.36,4.13,,,,
471,97059901,11/4/2025,0:18:51,,,-0.97,-0.2,-0.78,-1.8,5.18,4.89,5.34,5.25,-0.09,-0.16,0.3,0.53,4.03,2.72,3.4,5.07, , , , , , , , ,-1.63,-1.62,-0.24,3.16,-0.13,1.17,0.24,4.1,5.69,4.07,3.55,-0.64, ,5.01, ,1.08,0.66, ,5.42,4.93, , , ,-4.7, , ,1.46, ,-0.42,3.31, ,-3.05,-0.69,3.5,3.72,1.37,1.29,0.91,4.68,4.89,4.28,1.9,-1.95, ,5.51, ,1.87,-0.5, ,4.41,3.8, , , ,0.13, , ,1.73,1.46,2.06,3.76,4.46,-11.1,-11.36,-10.76,13.65,15.91,15.27,3.21,1.3,5.4,3.39,,,,
472,97059927,11/4/2025,0:20:15,,,-1.21,-0.47,-0.12,-2.04,4.95,4.21,4.8,4.42,-0.79,-0.26,0.06,0.06,4.36,3.41,3.37,5.51, , , , , , , , ,-1.14, ,0.4, ,0.19,1.72,0.46,4.03,6.35,4.42,3.16,0.61, ,4.24, ,1.49,1.64, ,4.55,4.65, , , ,-4.47, , ,0.97, ,-0.34,4.0, ,-2.33,-0.5,3.32,4.02,1.37,0.99,1.2,4.76,4.41,3.49,1.16,-2.12, ,4.47, ,1.65,-0.2, ,3.99,4.58, , , ,0.57, , ,1.54,1.74,2.58,3.94,4.82,-11.33,-10.79,-10.33,14.06,14.98,15.15,3.69,1.5,4.59,3.84,,,,
475,97059877,11/4/2025,0:24:37,,,-1.11,0.19,-0.61,-1.16,4.73,4.06,4.93,4.22,-0.65,-0.36,0.06,0.35,4.51,3.06,3.46,4.74, , , , , , , , ,-2.59,-1.78,0,3.61,-0.21,2.31,0.1,4.67,6.61,4.55,2.85,-1.43, ,5.16, ,0.97,1.4, ,4.53,4.18, , , ,-4.38, , ,1.53, ,-0.64,3.46, ,-1.73,-0.53,2.6,3.47,1.31,1.06,1.13,4.97,4.41,3.49,2.88,-0.28, ,6.71, ,2.15,-1.54, ,5.04,3.4, , , ,-0.61, , ,1.38,1.44,1.69,3.74,4.57,-10.81,-10.53,-10.2,14.62,15.3,15.46,3.25,1.1,4.32,3.9,,,,
476,97059885,11/4/2025,0:25:33,,,0.02,1.06,0.65,-0.26,4.74,3.44,4.63,3.24,-1.81, ,0.35,-0.53,4.73, ,3.61,5.48, , , , , , , , ,-2.57,-1.78,1.36,3.8,0.37,1.71,0.34,4.22,6.57,4.72,1.23,-1.52, ,4.54, ,0.98,2.51, ,4.38,5.66, , , ,-3.43, , ,1.0, ,-0.14,3.51, ,-0.09,-0.55,2.18,3.76,1.39,1.07,1.02,4.93,4.63,3.77,3.16,-0.21, ,7.22, ,2.2,-1.55, ,5.47,2.24, , , ,0.97, , ,2.22,1.48,2.02,4.14,4.56,-10.85,-10.82,-10.41,14.38,15.4,15.31,3.22,0.94,4.51,3.82,,,,
477,97059703,11/4/2025,0:26:22,,,-1.67,-0.31,-0.7,-1.8,5.13,4.22,5.24,4.41,-1.66,-0.34,0.26,-0.24,3.94,3.36,3.39,5.93, , , , , , , , ,-2.12, ,0.16, ,0.18,1.57,0.62,4.65,6.66,4.14,3.22,-1.29, ,6.22, ,0.96,0.94, ,5.44,3.75, , , ,-4.31, , ,2.2, ,-0.73,3.31, ,-1.17,-0.74,2.42,3.52,1.2,1.32,0.83,4.54,4.54,3.68,3.27,0.18, ,6.49, ,2.2,-1.78, ,4.55,3.06, , , ,-0.84, , ,1.7,1.26,1.3,3.66,4.57,-11.09,-10.62,-10.28,14.83,15.64,15.83,2.89,1.35,4.55,3.86,,,,
478,97059802,11/4/2025,0:27:30,,,-1.68,-0.57,-0.86,-1.26,5,3.99,5.11,4.06,-1.71,-0.01,0.1,0.37,4.3,3.3,3.24,5.75, , , , , , , , ,-2.01,-1.71,0.4,3.97,0.21,0.98,0.16,4.42,4.35,4.6,2.07,-0.43, ,4.44, ,0.98,1.46, ,4.79,4.22, , , ,-4.51, , ,0.9, ,-0.81,3.32, ,-1.49,-0.85,3.35,3.4,1.19,1.18,0.86,4.66,4.33,3.48,2.09,-1.35, ,6.0, ,1.59,-1.17, ,4.6,3.75, , , ,0.4, , ,2.02,1.4,1.87,4.13,4.7,-11.19,-10.91,-10.54,14.24,14.97,15.36,3.1,1.7,4.44,4.22,,,,
479,97059737,11/4/2025,0:32:13,,,-1.34,-0.5,-0.69,-1.93,4.96,4.07,4.6,4.4,-0.26,-1.09,-0.09,-1.04,4.2,3.36,3.33,5.42, , , , , , , , ,-3.3,-1.95,1.22,3.23,0.18,1.74,0.54,4.42,5.72,4.11,1.8,-1.57, ,6.36, ,0.74,1.28, ,5.05,4.77, , , ,-4.72, , ,2.23, ,-1.01,3.4, ,-1.92,-0.72,1.69,3.14,1.21,1.23,0.95,4.62,4.42,3.18,2.51,-1.77, ,7.02, ,1.73,-0.84, ,4.91,4.09, , , ,0.98, , ,1.68,1.58,2.31,3.54,4.39,-11.26,-10.43,-10.28,14.5,15.19,15.31,3.17,1.11,4.07,3.99,,,,
481,97059588,11/4/2025,5:35:01,,,-1.93,0.09,-0.69,-1.08,5,4.27,5.15,4.86,-0.08,0.06,0.35,0.91,3.88,2.7,3.25,5.47, , , , , , , , ,-3.64, ,1.2, ,0.66,1.5,0.46,4.34,6.63,4.95,1.81,-1.92, ,5.35, ,0.81,1.48, ,4.3,4.79, , , ,-5.1, , ,1.52, ,-1.17,3.52, ,-1.85,-1.0,3.09,3.37,0.81,1.58,0.64,4.62,4.42,3.46,2.44,-0.55, ,6.51, ,1.85,-1.72, ,4.9,3.8, , , ,-0.95, , ,2.22,0.85,1.17,3.7,4.26,-11.63,-10.85,-10.66,14.05,15.41,15.35,2.99,1.91,4.59,4.1,,,,
482,97059729,11/4/2025,5:35:42,,,-1.57,-0.35,-0.93,-1.83,4.95,5.15,5.24,5.54,-0.99,-0.85,-0.49,-0.13,3.89,2.93,3.07,5.22, , , , , , , , ,-1.07,-1.98,-0.16,2.91,0.19,1.97,0.06,4.18,6.27,4.49,3.42,-0.08, ,4.54, ,1.34,0.68, ,4.73,4.52, , , ,-4.2, , ,0.63, ,-0.34,3.26, ,-0.37,-0.55,2.14,2.84,1.18,1.24,1.31,4.61,4.43,3.39,3.72,-0.52, ,6.75, ,1.98,-1.98, ,4.87,2.99, , , ,0.23, , ,2.3,0.91,1.83,3.9,4.27,-11.12,-11.14,-10.56,14.5,15.6,15.6,2.91,1.53,5.21,3.55,,,,
484,97059570,11/4/2025,5:37:07,,,-1.69,-0.21,-0.71,-1.31,4.85,4.52,5.01,4.33,-0.18,0,0.44,0.77,3.98,3.29,3.48,5.64, , , , , , , , ,-0.6,-1.66,-0.39,3.32,0.94,2.27,0.16,3.95,6.65,5.15,4.07,0.76, ,4.72, ,1.55,0.01, ,4.58,3.61, , , ,-4.63, , ,1.05, ,-1.06,3.24, ,1.28,-0.59,-0.09,2.46,0.81,1.42,0.73,5.0,4.36,3.29,4.68,1.03, ,6.99, ,2.71,-2.0, ,5.12,2.82, , , ,1.04, , ,1.61,1.07,1.76,4.07,4.86,-11.48,-10.97,-10.58,14.76,15.19,15.66,3.39,1.32,4.45,3.87,,,,
485,97059554,11/4/2025,5:37:49,,,-1.81,-0.55,-1.19,-1.83,5.13,4.76,5.05,5.09,0.11,0.49,0.31,1.47,3.75,2.64,2.96,5.0, , , , , , , , ,-1.29, ,0.92, ,0.76,1.82,0.29,4.32,6.5,4.44,2.02,0.28, ,4.42, ,0.9,0.94, ,4.47,4.83, , , ,-5.38, , ,1.24, ,-0.82,3.67, ,-1.15,-0.38,2.45,3.44,0.84,1.23,0.67,4.68,4.76,3.79,2.57,-1.37, ,6.94, ,1.7,-1.13, ,4.58,2.9, , , ,-0.29, , ,2.5,0.8,1.31,3.9,4.33,-11.56,-10.63,-10.63,14.61,14.87,15.52,3.23,1.49,4.05,4.16,,,,
487,97059430,11/4/2025,5:39:13,,,-0.87,0.19,-0.74,-0.94,5.33,4.8,5.34,5.02,0.31,0.09,0.52,0.94,3.56,2.33,2.46,4.23, , , , , , , , ,-2.88,-1.79,0.35,3.19,0.38,1.76,0.26,4.39,6.64,4.38,3.14,-2.01, ,6.54, ,0.83,1.39, ,5.19,3.6, , , ,-4.64, , ,2.77, ,-0.86,3.29, ,-1.64,-0.63,2.2,3.45,1.04,1.35,0.97,4.67,4.73,3.86,2.93,-0.88, ,5.99, ,1.82,-1.3, ,4.76,3.15, , , ,-0.3, , ,1.46,1.01,1.49,4.01,5.02,-11.37,-10.54,-10.25,14.31,15.54,15.45,3.2,1.84,4.41,4.23,,,,
488,97059448,11/4/2025,5:39:55,,,-1.39,-0.21,-1,-1.62,5.39,5.16,5.19,5.16,-0.25,-0.43,0.04,0.1,4.09,2.18,2.71,4.57, , , , , , , , ,-2.91,-2.2,0.62,3.6,0.69,2.36,-0.11,4.16,6.18,4.54,2.51,-1.97, ,6.03, ,0.86,1.73, ,4.75,4.58, , , ,-6.19, , ,2.08, ,-1.43,3.33, ,-1.26,-0.74,2.52,3.55,1.07,1.47,0.53,4.7,4.62,3.7,2.44,-1.76, ,5.94, ,1.62,-0.73, ,4.41,3.29, , , ,1.03, , ,1.98,1.01,2.26,3.85,4.44,-11.17,-10.91,-10.6,13.75,15.44,14.89,2.82,1.17,4.85,3.62,,,,
490,97059414,11/4/2025,5:43:23,,,-1.76,-0.14,-0.82,-1.32,4.71,4.67,4.9,4.9,-0.2,-0.57,-0.14,0.1,3.76,2.97,2.96,5.42, , , , , , , , ,-2.37,-1.39,0.67,3.36,0.59,1.27,1.32,4.21,5.73,4.53,2.43,-1.31, ,5.95, ,0.83,1.42, ,4.36,4.23, , , ,-4.32, , ,1.82, ,-0.36,3.68, ,-1.42,-0.51,2.87,3.05,0.93,1.1,0.95,4.69,4.58,3.65,2.66,-0.68, ,5.63, ,1.88,-1.16, ,4.59,4.11, , , ,-0.53, , ,1.87,1.04,1.25,3.58,4.6,-10.95,-10.84,-10.51,15.05,15.08,15.56,3.74,1.65,4.43,4.27,,,,
491,97059422,11/4/2025,5:53:34,,,-1.76,0.14,-0.74,-1.34,4.96,4.81,5.01,4.98,0.37,-0.84,-0.12,-0.14,3.53,2.72,2.66,5.43, , , , , , , , ,-2.74,-1.73,0.71,3.27,0.31,1.61,0.38,4.1,5.98,4.26,2.21,-1.14, ,5.91, ,0.87,1.27, ,4.46,4.57, , , ,-5.52, , ,1.36, ,-1.18,3.39, ,-1.62,-0.48,3.65,3.25,0.6,1.38,0.57,4.67,4.43,3.68,1.8,-1.33, ,5.19, ,1.69,-0.79, ,4.45,4.88, , , ,0.33, , ,1.04,1.11,1.66,3.8,4.84,-10.89,-10.94,-10.42,14.51,14.96,15.47,3.28,1.05,4.29,4.26,,,,
492,97059257,11/4/2025,5:59:54,,,-0.36,-0.82,-1.11,-2.3,4.95,3.83,4.72,4.29,0.26,-0.23,0.35,0.04,3.76,2.71,3.08,4.86, , , , , , , , ,-2.51,-1.44,0.35,3.55,0.46,1.59,0.59,4.46,6.51,5.12,2.85,-0.93, ,4.63, ,0.93,1.11, ,4.68,4.86, , , ,-5.71, , ,1.08, ,-0.44,3.05, ,-0.44,-0.2,2.14,2.97,0.29,0.95,1.12,5.11,4.76,3.77,4.05,1.08, ,6.79, ,2.21,-2.83, ,4.83,3.59, , , ,-1.01, , ,1.7,0.86,0.93,3.62,4.41,-11.37,-10.4,-10.31,14.39,15.65,15.65,3.07,1.36,4.38,3.94,,,,
493,97059406,11/4/2025,6:00:35,,,0.24,0.53,-0.24,-1.58,4.68,4.07,4.94,4.66,-0.44,-0.51,-0.24,-0.46,3.85,3.17,3.17,5.85, , , , , , , , ,-2.46, ,0.16, ,0.71,1.89,0.37,5.31,6.81,4.75,3.42,-0.91, ,4.84, ,0.99,0.88, ,4.33,4.31, , , ,-3.91, , ,1.45, ,-0.26,4.04, ,-0.59,-0.94,2.35,2.91,0.37,1.45,0.45,4.23,4.43,3.41,3.32,-0.57, ,6.69, ,2.02,-1.56, ,5.07,3.26, , , ,0.1, , ,2.01,0.92,1.49,3.9,4.57,-11.27,-10.82,-10.5,14.09,15.09,15.27,3.31,1.37,4.43,4.1,,,,
494,97059372,11/4/2025,6:01:17,,,0.15,0.47,-0.09,-1.54,5.41,4.54,5.34,4.9,0.01,-1.02,-0.54,-0.79,3.07,2.64,3.0,5.65, , , , , , , , ,-1.15,-1.25,-0.22,3.1,0.58,1.68,0.47,4.54,6.69,4.85,3.21,0.49, ,5.26, ,1.15,-0.07, ,4.72,3.48, , , ,-5.26, , ,0.97, ,-1.11,3.45, ,-1.56,-0.58,2.45,3.46,0.49,0.99,0.55,4.82,4.43,4.3,3.44,-0.58, ,7.03, ,2.11,-1.12, ,5.25,2.73, , , ,-1.06, , ,2.14,1.02,1.49,4.09,4.64,-11.13,-11.12,-10.53,14.46,15.59,15.71,3.54,0.95,4.89,3.29,,,,
495,97059380,11/4/2025,6:01:58,,,-0.97,-0.62,-1.11,-2.53,5.06,4.53,4.9,5.36,-0.8,0.32,-0.03,0.94,3.62,2.78,3.14,4.83, , , , , , , , ,-2.9,-1.83,0.62,3.43,0.25,0.66,0.11,4.38,3.74,4.88,2.1,-1.38, ,5.42, ,0.79,1.25, ,4.95,4.43, , , ,-5.06, , ,1.84, ,-0.92,3.56, ,-1.67,-0.59,1.55,3.23,0.82,1.15,0.69,4.6,4.54,3.67,2.28,-1.93, ,6.64, ,1.69,-0.72, ,4.88,3.87, , , ,0.58, , ,2.13,1.05,1.77,3.81,4.41,-11.77,-11.49,-11.11,13.9,15.54,15.16,3.26,1.14,4.89,3.49,,,,
496,97059364,11/4/2025,6:02:44,,,-0.23,0.05,-1.15,-1.98,5.53,5.0,6.32,5.5,-0.49,-1.3,-0.19,-1.05,3.46,1.87,2.8,5.26, , , , , , , , ,-3.12, ,0.51, ,0.44,1.83,0.6,5.34,7.12,4.58,3.06,-1.79, ,4.83, ,0.95,1.32, ,4.74,4.5, , , ,-4.15, , ,1.17, ,-0.63,3.34, ,-1.72,-0.92,3.21,3.06,0.55,1.39,0.47,4.66,4.59,3.67,2.65,-0.17, ,5.81, ,1.92,-1.64, ,5.12,4.6, , , ,-0.96, , ,2.0,0.88,1.3,3.62,4.43,-11.42,-11.01,-10.56,14.46,15.58,15.89,2.99,1.72,4.39,3.96,,,,
499,97059505,11/4/2025,6:05:13,,,-1,0.11,-0.4,-1.37,5.12,4.34,5.06,4.86,0.14,-1.93,-0.34,-2.17,3.96,3.07,3.33,5.88, , , , , , , , ,-2.49, ,0.93, ,0.36,1.67,0.5,4.31,6.27,4.75,2.2,-0.29, ,6.19, ,1.02,0.85, ,4.21,3.78, , , ,-5.46, , ,1.98, ,-1.39,3.77, ,-1.84,-0.49,1.58,3.47,0.44,1.52,0.95,4.93,4.79,4.22,2.56,-2.25, ,4.0, ,1.54,-0.51, ,4.16,3.71, , , ,0.15, , ,1.62,1.38,2.28,4.15,5.29,-10.91,-10.42,-10.14,14.22,15.45,15.52,3.1,1.13,4.17,3.61,,,,
500,97059497,11/4/2025,6:06:47,,,-0.07,0.74,-0.02,-1.49,5.09,4.45,5.18,5.25,-0.24,-0.36,0.57,-0.22,3.81,2.83,3.15,5.1, , , , , , , , ,-3.64, ,2.84, ,1.44,1.48,0.57,4.23,7.11,5.39,0.12,-2.81, ,5.06, ,0.51,2.5, ,3.99,5.79, , , ,-3.39, , ,1.74, ,-0.06,3.37, ,-0.36,-0.31,2.9,3.0,1.05,1.15,1.36,4.63,4.62,3.75,2.14,-0.68, ,4.01, ,1.6,-1.33, ,4.01,4.16, , , ,1.1, , ,-0.05,1.59,2.57,3.95,5.5,-11.24,-10.56,-10.39,14.53,14.95,15.24,3.53,1.57,4.29,4.36,,,,
502,97059471,11/4/2025,6:08:19,,,-0.29,0.61,-0.57,-0.93,5.1,4.18,5.36,4.39,-0.52,-1.4,-0.05,-1.26,4.05,3.19,3.23,5.69, , , , , , , , ,-1.88,-1.81,0.36,3.42,0.54,1.7,0.42,4.39,6.62,4.67,2.62,-1.58, ,5.49, ,0.69,0.94, ,4.84,3.61, , , ,-3.45, , ,2.47, ,-0.41,3.84, ,-0.04,-0.42,2.02,3.21,0.82,1.31,1.06,4.75,4.41,3.46,3.41,0.28, ,6.21, ,2.3,-1.47, ,4.52,2.94, , , ,-0.11, , ,1.38,1.17,1.76,3.82,5.01,-11.16,-10.27,-10.1,14.54,15.47,15.56,3.61,1.11,4.6,3.9,,,,
503,97059463,11/4/2025,6:10:14,,,-0.11,0.96,0.01,-1.14,4.89,4.79,5.06,5.1,-0.32,-1.87,-0.46,-1.91,3.85,2.75,3.05,5.59, , , , , , , , ,-2.78, ,0.58, ,0.67,1.87,0.65,4.02,6.22,4.67,2.49,-1.88, ,4.89, ,0.89,1.1, ,4.36,4.65, , , ,-3.65, , ,1.2, ,-0.14,3.49, ,-2.02,-0.87,1.11,3.64,0.63,1.45,0.89,4.74,4.63,4.04,0.86,-2.01, ,5.1, ,1.36,0.06, ,4.44,4.27, , , ,0.73, , ,2.03,1.05,1.82,3.79,4.64,-11.46,-10.36,-10.47,14.53,14.81,15.18,3.19,1.17,3.8,4.16,,,,
504,97077010,11/4/2025,6:14:17,,,0.09,1.09,0.12,-0.44,5.02,3.47,4.97,4.15,-0.61,-1.12,-0.13,-0.96,4.22,3.16,3.37,5.3, , , , , , , , ,-2.48,-1.63,0.91,3.79,0.45,1.5,0.8,4.77,7.03,4.89,2.03,-0.65, ,5.41, ,0.83,0.43, ,4.12,3.96, , , ,-4.01, , ,1.35, ,-0.92,3.63, ,-0.29,-0.57,1.85,2.84,0.54,1.29,0.58,4.72,4.71,4.0,4.12,0.47, ,6.6, ,2.56,-1.63, ,4.49,2.6, , , ,-0.86, , ,1.51,1.12,1.44,3.89,4.68,-11.17,-10.84,-10.36,14.6,15.1,15.54,3.45,0.97,4.41,3.84,,,,
505,97059455,11/4/2025,6:15:11,,,0.41,0.96,-0.14,-1.36,4.74,4.25,4.65,5.32,-0.05,-1,-0.01,-0.74,3.69,2.51,2.56,5.34, , , , , , , , ,-2.71, ,0.39, ,0.7,1.52,0.49,4.91,6.79,5.04,2.31,-1.77, ,5.31, ,0.8,1.07, ,4.07,4.11, , , ,-3.95, , ,1.31, ,-0.31,3.6, ,-0.72,-0.62,2.17,2.97,0.73,1.38,0.55,4.74,4.48,3.93,2.88,-0.97, ,5.85, ,1.63,-0.92, ,8.97,3.92, , , ,0.94, , ,1.44,1.29,2.23,4.02,5.07,-11.69,-10.69,-10.77,14.32,15.14,15.3,3.0,1.26,3.91,4.73,,,,
509,97047609,11/4/2025,6:18:46,,,-0.49,-0.38,-0.52,-1.92,4.31,3.61,4.42,4.57,0.04,0.26,0.38,-0.08,3.9,2.96,3.48,5.16, , , , , , , , ,-2.91,-1.77,1.05,3.31,1.24,1.69,0.42,4.73,6.93,5.17,1.54,-2.79, ,6.47, ,0.45,1.96, ,4.89,4.8, , , ,-3.16, , ,2.34, ,-0.34,3.37, ,0.01,-0.63,1.74,2.35,1.05,0.97,0.88,5.84,4.77,3.21,4.03,1.05, ,6.85, ,2.57,-1.67, ,5.28,3.49, , , ,-1.38, , ,1.12,1.17,1.05,3.58,4.58,-11.02,-10.35,-10.08,14.89,15.24,15.47,3.02,1.35,3.96,4.77,,,,
510,97055370,11/4/2025,6:19:35,,,-0.57,0.31,-0.45,-1.23,4.83,3.97,4.61,4.9,0.18,-0.52,0.33,-0.49,4.32,3.08,3.61,5.31, , , , , , , , ,-4.09,-2.38,2.21,3.42,0.69,1.31,-0.01,4.41,3.96,4.94,0.32,-2.74, ,5.14, ,0.49,2.55, ,4.39,5.93, , , ,-2.99, , ,1.26, ,-0.28,3.31, ,-0.77,-0.68,2.26,3.05,0.7,1.23,0.79,4.75,4.92,4.25,3.5,0.31, ,6.08, ,2.0,-2.07, ,4.74,3.48, , , ,-1.74, , ,1.59,0.8,0.83,3.63,4.3,-11.46,-10.61,-10.6,14.81,15.48,15.89,3.56,1.46,4.44,4.08,,,,
512,97047591,11/4/2025,6:21:30,,,0.11,0.05,-0.15,-1.93,4.66,3.81,4.63,4.6,-0.68,-0.75,0.12,-0.66,3.93,2.91,2.94,4.79, , , , , , , , ,-3.64,-1.32,0.97,3.19,1.21,0.63,0.68,4.53,2.61,4.43,1.44,-2.67, ,5.13, ,0.4,2.22, ,5.15,5.44, , , ,-4.41, , ,1.73, ,-0.21,3.17, ,-0.43,-0.54,2.06,3.17,1.0,1.47,0.8,4.99,4.47,4.08,3.94,1.14, ,7.18, ,2.5,-2.1, ,4.66,2.4, , , ,-2.61, , ,1.7,0.59,0.45,3.87,4.43,-11.12,-10.58,-10.36,14.79,15.0,15.43,3.67,1.54,4.15,4.56,,,,
515,97047567,11/4/2025,6:32:50,,,-0.47,-0.03,-0.25,-2.59,5.01,4.23,4.99,4.95,0.56,0.04,-0.2,0.48,3.75,2.89,2.96,4.76, , , , , , , , ,-3.55,-1.45,1.57,3.68,0.4,0.99,1.03,4.26,6.84,5.15,1.21,-2.39, ,4.61, ,0.7,2.8, ,4.39,2.18, , , ,-2.6, , ,1.14, ,0.35,3.57, ,0.7,-0.36,1.33,2.29,0.21,1.72,0.44,4.84,4.07,3.33,3.79,0.44, ,7.25, ,2.25,-1.33, ,4.96,3.19, , , ,0.78, , ,0.85,1.2,1.82,3.6,4.82,-11.23,-11.21,-10.8,14.58,14.72,15.12,3.67,1.65,4.17,4.37,,,,
516,97055503,11/4/2025,6:33:31,,,-0.56,-0.92,-0.35,-2.96,4.63,4.52,4.93,5.39,0.52,-0.05,0.16,0.25,3.65,2.93,3.27,5.6, , , , , , , , ,-2.72,-1.93,1.06,3.26,0.43,1.07,0.6,4.23,3.73,4.3,1.52,-2.13, ,5.39, ,0.62,1.49, ,4.75,5.12, , , ,-3.78, , ,1.86, ,-0.66,3.59, ,-2.96,-0.74,4.66,3.95,0.66,1.54,0.48,4.52,4.55,4.27,0.69,-2.37, ,5.0, ,1.33,-0.35, ,4.45,4.76, , , ,-0.28, , ,1.65,0.98,1.35,3.66,4.43,-11.35,-10.82,-10.62,14.66,14.74,15.36,3.43,1.5,3.91,4.53,,,,
518,97055487,11/4/2025,7:11:18,,,-0.13,0.25,0.06,-2.13,4.71,4.08,4.56,5.25,0.67,-0.09,-0.03,0.35,4.06,2.93,3.5,5.34, , , , , , , , ,-3.69,-1.9,0.67,3.21,0.62,1.02,0.18,4.74,4.92,4.87,1.84,-2.85, ,6.58, ,0.42,2.33, ,5.16,4.66, , , ,-4.73, , ,2.37, ,-1.3,3.57, ,-2.15,-0.53,3.85,3.6,0.21,1.2,1.04,4.61,4.76,3.97,1.47,-1.17, ,5.46, ,1.57,-0.41, ,4.99,4.01, , , ,-0.9, , ,1.64,0.89,1.19,3.67,4.38,-11.15,-10.8,-10.48,14.24,15.34,15.19,3.76,0.92,4.89,3.75,,,,
519,97055495,11/4/2025,7:12:06,,,-1.12,-0.68,-0.66,-3.0,4.88,4.66,4.96,5.42,0.31,-0.07,-0.33,0.29,3.65,2.92,3.02,5.62, , , , , , , , ,-0.69,-1.34,-0.29,2.91,0.31,1.59,0.52,4.51,6.68,5.02,3.7,-0.23, ,5.72, ,1.29,0.83, ,5.35,3.81, , , ,-4.05, , ,1.73, ,-0.65,3.45, ,-2.96,-0.83,3.49,3.73,0.09,1.27,0.37,4.67,4.56,4.11,1.2,-2.57, ,5.22, ,1.32,0.25, ,4.42,4.06, , , ,0.51, , ,1.17,1.23,1.91,3.9,4.96,-11.25,-10.98,-10.61,14.46,15.5,15.55,3.54,1.48,4.47,3.76,,,,
521,97055461,11/4/2025,7:13:53,,,-1.18,-0.29,-0.61,-1.8,5.06,4.19,4.99,4.64,-0.31,-0.25,-0.02,0.19,3.68,2.93,3.26,5.67, , , , , , , , ,-3.23,-2.66,0.8,2.99,0.85,1.71,0.02,4.3,6.08,3.97,1.91,-2.69, ,5.17, ,0.58,3.17, ,4.85,2.58, , , ,-1.91, , ,1.17, ,0.77,3.63, ,-1.05,-0.37,2.3,3.54,0.4,1.16,1.16,4.85,4.74,4.24,2.87,-1.29, ,6.4, ,1.8,-1.32, ,4.56,2.87, , , ,-0.01, , ,2.33,0.98,1.61,3.69,4.37,-11.72,-10.27,-10.48,14.71,15.08,15.59,3.62,1.86,3.79,4.37,,,,
522,97060453,11/4/2025,7:14:35,,,0,-0.48,-0.08,-2.92,5.3,4.6,5,5.23,0.36,-0.37,0.07,0.23,3.48,2.63,3.36,4.7, , , , , , , , ,-0.61,-1.66,0.18,3.5,0.14,1.22,0.3,4.73,6.92,4.61,2.74,0.11, ,4.65, ,0.99,-0.43, ,4.7,4.01, , , ,-3.69, , ,1.11, ,-0.61,3.29, ,-2.55,-0.66,2.73,3.42,0.3,1.45,0.48,4.62,4.99,4.59,2.18,-1.4, ,6.16, ,1.61,-1.2, ,4.4,3.49, , , ,-1.22, , ,1.36,1.12,1.2,3.55,4.43,-11.36,-10.78,-10.6,14.75,15.93,15.92,3.34,1.33,4.67,3.66,,,,
524,97060446,11/4/2025,7:16:00,,,0.02,0.13,-0.34,-1.88,5.07,4.3,4.67,5.34,0.37,-0.36,0.07,-0.1,3.75,3.24,3.24,5.5, , , , , , , , ,-1.36, ,0.48, ,0.32,1.54,0.7,4.87,6.41,4.16,2.9,-1.18, ,5.59, ,0.77,0.43, ,4.98,4.18, , , ,-3.33, , ,1.64, ,-0.29,3.81, ,0.66,-0.94,1.18,2.76,0.4,1.81,0.32,4.58,4.61,3.6,4.7,1.83, ,7.48, ,2.95,-2.13, ,4.85,1.75, , , ,-1.33, , ,1.9,1.07,1.47,3.97,4.89,-11.31,-10.63,-10.49,14.74,15.0,15.65,3.51,1.42,3.79,4.36,,,,
526,97060420,11/4/2025,7:18:48,,,-0.06,-0.79,-0.21,-2.85,5.37,4.27,4.86,5.27,0.25,-0.31,0.03,-0.12,3.59,3.1,3.32,5.2, , , , , , , , ,-0.6, ,0.05, ,0.31,1.46,0.53,4.34,6.23,4.73,3.55,-0.15, ,5.38, ,1.07,0.89, ,4.84,3.65, , , ,-3.14, , ,1.8, ,-0.44,3.72, ,-0.66,-0.32,2.15,3.27,0.79,1.37,1.11,4.79,5.02,3.91,3.79,1.04, ,7.33, ,2.31,-2.17, ,4.84,2.27, , , ,-2.26, , ,2.27,0.67,0.6,3.72,4.11,-11.41,-10.77,-10.36,14.59,15.42,15.65,3.33,1.18,4.6,3.88,,,,
529,97060412,11/4/2025,7:23:20,,,0.05,1.07,0.09,-0.88,5.23,4.64,5.43,5.2,-0.39,-0.39,0.47,-0.49,3.42,2.8,3.06,5.95, , , , , , , , ,-1.5, ,1.5, ,0.26,1.5,0.92,4.25,6.74,5.22,1.65,-0.63, ,6.07, ,0.91,1.97, ,4.56,4.07, , , ,-4.69, , ,2.83, ,-0.92,3.82, ,-0.37,-0.72,2.12,3.51,0.37,0.88,0.98,5.08,4.58,3.74,3.13,-0.84, ,6.25, ,1.8,-0.76, ,4.54,2.5, , , ,-0.18, , ,2.55,0.85,1.42,4.25,4.79,-11.43,-11.03,-10.75,14.41,14.68,15.33,4.14,1.74,4.0,4.13,,,,
531,97060370,11/4/2025,7:25:27,,,-0.23,1.97,0.11,0.43,5.11,4.02,5.28,4.59,-1.47, ,-1.06,-2.93,3.66, ,3.67,5.84, , , , , , , , ,-2.01, ,0.82, ,0.06,1.4,0.51,4.39,6.27,4.58,2.06,-1.04, ,4.69, ,0.93,1.64, ,3.94,4.61, , , ,-3.84, , ,1.07, ,-0.45,3.84, ,0.52,-0.69,1.67,2.74,0.95,1.33,0.9,5.72,5.22,3.44,4.19,0.32, ,7.82, ,2.24,-1.2, ,4.99,1.87, , , ,-0.72, , ,2.85,0.79,1.26,3.98,4.36,-11.25,-11.17,-10.55,14.62,15.37,15.52,3.75,1.7,4.89,3.86,,,,
532,97060362,11/4/2025,7:26:11,,,0,0.76,-0.21,-1.46,4.74,4.02,4.92,4.69,-0.5,-0.99,-0.34,-1.12,3.68,2.75,3.33,5.16, , , , , , , , ,-2.54, ,0.33, ,0.13,1.32,0.13,4.21,6.87,5.05,2.13,-2.13, ,4.7, ,0.85,1.97, ,4.3,4.74, , , ,-3.01, , ,1.37, ,-0.34,3.48, ,-1.06,-0.83,3.4,3.5,1.0,1.26,0.9,4.69,4.75,3.95,2.73,0.12, ,8.91, ,1.82,-1.0, ,5.99,3.51, , , ,-3.07, , ,4.1,0.01,-0.26,3.29,2.62,-11.46,-10.62,-10.32,14.66,15.65,15.61,3.57,1.36,4.55,3.92,,,,
